{
  "id": "JVASP-6661",
  "atomic_numbers": [
    49,
    49,
    34,
    34,
    34,
    34
  ],
  "frac_coords": [
    [
      0.33333298563957214,
      0.6666669845581055,
      0.3973633050918579
    ],
    [
      0.6666669845581055,
      0.33333298563957214,
      0.47239571809768677
    ],
    [
      0.6666669845581055,
      0.33333298563957214,
      0.27785712480545044
    ],
    [
      0.0,
      0.0,
      0.3390783369541168
    ],
    [
      0.0,
      0.0,
      0.5306796431541443
    ],
    [
      0.33333298563957214,
      0.6666669845581055,
      0.5919008851051331
    ]
  ],
  "lattice": [
    [
      3.752744674682617,
      0.0,
      0.0
    ],
    [
      -1.8763723373413086,
      3.249972343444824,
      0.0
    ],
    [
      0.0,
      0.0,
      30.712181091308594
    ]
  ],
  "properties": {
    "deltaG_H": 0.016594506899515787,
    "thermo_stability": -2.0,
    "synth_score": 0.01798620996209156
  }
}