{
  "id": "JVASP-77585",
  "atomic_numbers": [
    41,
    9,
    9,
    9,
    9
  ],
  "frac_coords": [
    [
      0.0,
      0.0,
      0.5
    ],
    [
      0.0,
      0.0,
      0.5798236131668091
    ],
    [
      0.0,
      0.5,
      0.5
    ],
    [
      0.5,
      0.0,
      0.5
    ],
    [
      0.0,
      0.0,
      0.4201763868331909
    ]
  ],
  "lattice": [
    [
      4.152085781097412,
      0.0,
      0.0
    ],
    [
      0.0,
      4.152085781097412,
      0.0
    ],
    [
      0.0,
      0.0,
      23.812503814697266
    ]
  ],
  "properties": {
    "deltaG_H": 0.009823057651519777,
    "thermo_stability": -0.760787133872509,
    "synth_score": 0.17922981744848487
  }
}