{
  "id": "JVASP-60353",
  "atomic_numbers": [
    27,
    17,
    17,
    8,
    8,
    8,
    8,
    8,
    8,
    8,
    8
  ],
  "frac_coords": [
    [
      0.0,
      0.0,
      0.8794170022010803
    ],
    [
      0.33333298563957214,
      0.6666659712791443,
      0.8123398423194885
    ],
    [
      0.6666669845581055,
      0.3333339989185333,
      0.9464951157569885
    ],
    [
      0.6296334266662598,
      0.6783203482627869,
      0.8322663307189941
    ],
    [
      0.9513140916824341,
      0.6296334266662598,
      0.9265686273574829
    ],
    [
      0.6783203482627869,
      0.04868588224053383,
      0.9265686273574829
    ],
    [
      0.37036654353141785,
      0.3216796815395355,
      0.9265686273574829
    ],
    [
      0.04868588224053383,
      0.37036654353141785,
      0.8322663307189941
    ],
    [
      0.3216796815395355,
      0.9513140916824341,
      0.8322663307189941
    ],
    [
      0.33333298563957214,
      0.6666659712791443,
      0.7587417364120483
    ],
    [
      0.6666669845581055,
      0.3333339989185333,
      9.328210580861196e-05
    ]
  ],
  "lattice": [
    [
      -4.757213592529297,
      5.129783708923696e-09,
      0.0
    ],
    [
      2.3786063194274902,
      4.119865894317627,
      0.0
    ],
    [
      0.0,
      0.0,
      -26.3561954498291
    ]
  ],
  "properties": {
    "deltaG_H": -0.023857012445276434,
    "thermo_stability": -2.0,
    "synth_score": 0.01798620996209156
  }
}