{
  "id": "JVASP-6913",
  "atomic_numbers": [
    25,
    1,
    1
  ],
  "frac_coords": [
    [
      0.0,
      0.0,
      0.1016329973936081
    ],
    [
      0.6666669845581055,
      0.33333298563957214,
      0.06306060403585434
    ],
    [
      0.33333298563957214,
      0.6666669845581055,
      0.14020639657974243
    ]
  ],
  "lattice": [
    [
      2.553438901901245,
      -1.77467018858124e-08,
      0.0
    ],
    [
      -1.2767189741134644,
      2.211343288421631,
      0.0
    ],
    [
      0.0,
      0.0,
      25.102502822875977
    ]
  ],
  "properties": {
    "deltaG_H": -0.0012675423920154565,
    "thermo_stability": 0.2734953741232553,
    "synth_score": 0.6334371402025734
  }
}