{
  "id": "JVASP-20014",
  "atomic_numbers": [
    39,
    39,
    39,
    39,
    17,
    17,
    17,
    17,
    17,
    17,
    17,
    17,
    17,
    17,
    17,
    17
  ],
  "frac_coords": [
    [
      0.035732001066207886,
      0.9585763812065125,
      0.18081699311733246
    ],
    [
      0.035732001066207886,
      0.6252496242523193,
      0.18081699311733246
    ],
    [
      0.5357319712638855,
      0.45857635140419006,
      0.18081699311733246
    ],
    [
      0.5357319712638855,
      0.12524963915348053,
      0.18081699311733246
    ],
    [
      0.29228687286376953,
      0.47244077920913696,
      0.24007341265678406
    ],
    [
      0.29228687286376953,
      0.11138522624969482,
      0.24007341265678406
    ],
    [
      0.2506897747516632,
      0.7919129729270935,
      0.24007964134216309
    ],
    [
      0.7922868728637695,
      0.972440779209137,
      0.24007341265678406
    ],
    [
      0.7922868728637695,
      0.6113852262496948,
      0.24007341265678406
    ],
    [
      0.7506898045539856,
      0.2919130027294159,
      0.24007964134216309
    ],
    [
      0.32077422738075256,
      0.2919130027294159,
      0.12155435234308243
    ],
    [
      0.2791781425476074,
      0.972440779209137,
      0.12156058847904205
    ],
    [
      0.2791781425476074,
      0.6113852262496948,
      0.12156058847904205
    ],
    [
      0.8207752108573914,
      0.7919129729270935,
      0.12155435234308243
    ],
    [
      0.7791771292686462,
      0.47244077920913696,
      0.12156058847904205
    ],
    [
      0.7791771292686462,
      0.11138522624969482,
      0.12156058847904205
    ]
  ],
  "lattice": [
    [
      6.8559699058532715,
      0.0,
      0.0
    ],
    [
      0.0,
      11.87434196472168,
      0.0
    ],
    [
      -8.796867370605469,
      0.0,
      25.0
    ]
  ],
  "properties": {
    "deltaG_H": 0.024364914447069168,
    "thermo_stability": -0.47685413757960005,
    "synth_score": 0.2781396697328939
  }
}