{
  "id": "JVASP-6481",
  "atomic_numbers": [
    32,
    83,
    83,
    52,
    52,
    52,
    52
  ],
  "frac_coords": [
    [
      0.6666669845581055,
      0.33333298563957214,
      0.33333298563957214
    ],
    [
      0.33333298563957214,
      0.6666669845581055,
      0.2056228518486023
    ],
    [
      0.0,
      0.0,
      0.4610441327095032
    ],
    [
      0.6666669845581055,
      0.33333298563957214,
      0.14668501913547516
    ],
    [
      0.0,
      0.0,
      0.27674204111099243
    ],
    [
      0.6666669845581055,
      0.33333298563957214,
      0.5199819803237915
    ],
    [
      0.33333298563957214,
      0.6666669845581055,
      0.38992494344711304
    ]
  ],
  "lattice": [
    [
      4.37040376663208,
      -6.999999919513338e-16,
      0.0
    ],
    [
      -2.18520188331604,
      3.784881353378296,
      0.0
    ],
    [
      0.0,
      0.0,
      29.797441482543945
    ]
  ],
  "properties": {
    "deltaG_H": 0.019516686575753346,
    "thermo_stability": -2.0,
    "synth_score": 0.01798620996209156
  }
}