{
  "id": "JVASP-765",
  "atomic_numbers": [
    22,
    8,
    8
  ],
  "frac_coords": [
    [
      0.33333298563957214,
      0.6666669845581055,
      0.0884609967470169
    ],
    [
      0.33333298563957214,
      0.6666669845581055,
      0.032957516610622406
    ],
    [
      0.33333298563957214,
      0.6666669845581055,
      0.143964484333992
    ]
  ],
  "lattice": [
    [
      1.7110148668289185,
      -2.963564872741699,
      0.0
    ],
    [
      1.7110148668289185,
      2.963564872741699,
      0.0
    ],
    [
      0.0,
      0.0,
      30.952301025390625
    ]
  ],
  "properties": {
    "deltaG_H": -0.0061942631502946216,
    "thermo_stability": -0.15011612872282676,
    "synth_score": 0.42550070690720637
  }
}