{
  "id": "JVASP-27775",
  "atomic_numbers": [
    52,
    52,
    52,
    52,
    79,
    79
  ],
  "frac_coords": [
    [
      0.520132303237915,
      0.10460667312145233,
      0.16557063162326813
    ],
    [
      0.020130639895796776,
      0.6046072244644165,
      0.1655706763267517
    ],
    [
      0.6859870553016663,
      0.6046055555343628,
      0.03981483727693558
    ],
    [
      0.1859896034002304,
      0.1046057716012001,
      0.03981565311551094
    ],
    [
      0.8530475497245789,
      0.10460542142391205,
      0.10267995297908783
    ],
    [
      0.35304880142211914,
      0.6046053767204285,
      0.10268224775791168
    ]
  ],
  "lattice": [
    [
      6.925282001495361,
      1.1727379387593828e-06,
      0.0
    ],
    [
      2.7733170782084926e-07,
      3.9985148906707764,
      0.0
    ],
    [
      -0.04333008453249931,
      -7.337582985655899e-09,
      25.157001495361328
    ]
  ],
  "properties": {
    "deltaG_H": 0.015115728775660196,
    "thermo_stability": -0.5132917483647665,
    "synth_score": 0.2637470005073738
  }
}