{
  "id": "JVASP-28152",
  "atomic_numbers": [
    32,
    32,
    34,
    34
  ],
  "frac_coords": [
    [
      0.0,
      0.10484634339809418,
      0.44417867064476013
    ],
    [
      0.5,
      0.6048463582992554,
      0.5558213591575623
    ],
    [
      0.5,
      0.5081506371498108,
      0.4450682997703552
    ],
    [
      0.0,
      0.008150659501552582,
      0.5549317002296448
    ]
  ],
  "lattice": [
    [
      3.9452126026153564,
      0.0,
      0.0
    ],
    [
      0.0,
      4.364424705505371,
      0.0
    ],
    [
      0.0,
      0.0,
      22.78533172607422
    ]
  ],
  "properties": {
    "deltaG_H": 0.0164389306306839,
    "thermo_stability": -0.1973990519841513,
    "synth_score": 0.4025627904226302
  }
}