{
  "id": "JVASP-6931",
  "atomic_numbers": [
    41,
    41,
    34,
    34,
    34,
    34,
    17,
    17,
    17,
    17
  ],
  "frac_coords": [
    [
      0.3443743884563446,
      0.1931426227092743,
      0.16792789101600647
    ],
    [
      0.08488259464502335,
      0.712156355381012,
      0.16792809963226318
    ],
    [
      0.9148116707801819,
      0.46460801362991333,
      0.13283318281173706
    ],
    [
      0.5144453048706055,
      0.4406909942626953,
      0.2030228227376938
    ],
    [
      0.19738128781318665,
      0.42512455582618713,
      0.24887293577194214
    ],
    [
      0.2318757027387619,
      0.4801744222640991,
      0.08698306232690811
    ],
    [
      0.10109829157590866,
      0.014184948988258839,
      0.22076189517974854
    ],
    [
      0.6806081533432007,
      0.8551350235939026,
      0.22075589001178741
    ],
    [
      0.3281587064266205,
      0.8911140561103821,
      0.11509310454130173
    ],
    [
      0.7486488223075867,
      0.05016399547457695,
      0.11509911715984344
    ]
  ],
  "lattice": [
    [
      6.368375301361084,
      0.0028641242533922195,
      0.0
    ],
    [
      3.1818246841430664,
      5.758002758026123,
      0.0
    ],
    [
      2.7126028537750244,
      1.9592307806015015,
      27.1999568939209
    ]
  ],
  "properties": {
    "deltaG_H": 0.011960761189460756,
    "thermo_stability": -1.1919061760107676,
    "synth_score": 0.08441544381781212
  }
}