{
  "id": "JVASP-6919",
  "atomic_numbers": [
    13,
    17,
    17
  ],
  "frac_coords": [
    [
      0.0,
      0.0,
      0.13062800467014313
    ],
    [
      0.6666669845581055,
      0.33333298563957214,
      0.08019789308309555
    ],
    [
      0.33333298563957214,
      0.6666669845581055,
      0.1810591071844101
    ]
  ],
  "lattice": [
    [
      3.82033109664917,
      0.0,
      0.0
    ],
    [
      -1.910165548324585,
      3.3085033893585205,
      0.0
    ],
    [
      0.0,
      0.0,
      27.072988510131836
    ]
  ],
  "properties": {
    "deltaG_H": 0.026530049989620847,
    "thermo_stability": -0.12176165183385224,
    "synth_score": 0.43941827146252443
  }
}