{
  "id": "JVASP-60295",
  "atomic_numbers": [
    41,
    41,
    41,
    35,
    35,
    35,
    35,
    35,
    35,
    35,
    35
  ],
  "frac_coords": [
    [
      0.4686465859413147,
      0.9372909665107727,
      0.9254553914070129
    ],
    [
      0.06270846724510193,
      0.5313528180122375,
      0.9254547357559204
    ],
    [
      0.46864503622055054,
      0.5313542485237122,
      0.9254553914070129
    ],
    [
      0.33333319425582886,
      0.6666664481163025,
      0.8409017324447632
    ],
    [
      0.6666632294654846,
      0.3333320617675781,
      0.9853023886680603
    ],
    [
      0.8359495997428894,
      0.6718932390213013,
      0.8647801876068115
    ],
    [
      0.6658345460891724,
      0.8329179883003235,
      0.00024576723808422685
    ],
    [
      0.16708093881607056,
      0.3341673016548157,
      0.00024613869027234614
    ],
    [
      0.32810673117637634,
      0.16405174136161804,
      0.8647812604904175
    ],
    [
      0.8359470963478088,
      0.16405566036701202,
      0.8647785186767578
    ],
    [
      0.16708260774612427,
      0.8329134583473206,
      0.00024645362282171845
    ]
  ],
  "lattice": [
    [
      -7.125390529632568,
      2.977131043735426e-05,
      0.0
    ],
    [
      3.5626699924468994,
      6.170801162719727,
      0.0
    ],
    [
      0.0,
      0.0,
      -23.755104064941406
    ]
  ],
  "properties": {
    "deltaG_H": 0.005359914953058417,
    "thermo_stability": -2.0,
    "synth_score": 0.01798620996209156
  }
}