{
  "id": "JVASP-13567",
  "atomic_numbers": [
    58,
    58,
    16,
    16
  ],
  "frac_coords": [
    [
      0.0,
      0.5,
      0.15282610058784485
    ],
    [
      0.5,
      0.0,
      0.24573789536952972
    ],
    [
      0.5,
      0.0,
      0.13840600848197937
    ],
    [
      0.0,
      0.5,
      0.260157972574234
    ]
  ],
  "lattice": [
    [
      3.9481706619262695,
      0.0,
      0.0
    ],
    [
      0.0,
      3.9481706619262695,
      0.0
    ],
    [
      0.0,
      0.0,
      26.60297966003418
    ]
  ],
  "properties": {
    "deltaG_H": 0.01392518639564514,
    "thermo_stability": -0.35419940153757734,
    "synth_score": 0.3299527426645415
  }
}