{
  "id": "JVASP-6823",
  "atomic_numbers": [
    41,
    41,
    41,
    41,
    17,
    17,
    17,
    17,
    17,
    17,
    17,
    17,
    17,
    17,
    17,
    17,
    17,
    17,
    17,
    17
  ],
  "frac_coords": [
    [
      0.5193847417831421,
      0.317006915807724,
      0.09276267141103745
    ],
    [
      0.5193833708763123,
      0.8762436509132385,
      0.09276290237903595
    ],
    [
      0.019383199512958527,
      0.3762441575527191,
      0.09276322275400162
    ],
    [
      0.019384732469916344,
      0.8170071840286255,
      0.09276297688484192
    ],
    [
      0.10144270956516266,
      0.35197582840919495,
      0.021477682515978813
    ],
    [
      0.10145000368356705,
      0.8412383794784546,
      0.021478718146681786
    ],
    [
      0.3676784932613373,
      0.09664653986692429,
      0.050869449973106384
    ],
    [
      0.38688045740127563,
      0.5966396331787109,
      0.05645697936415672
    ],
    [
      0.651887834072113,
      0.5966119766235352,
      0.12907029688358307
    ],
    [
      0.6710912585258484,
      0.09660472720861435,
      0.13465707004070282
    ],
    [
      0.9373301267623901,
      0.8412787914276123,
      0.1640480011701584
    ],
    [
      0.6014414429664612,
      0.8519750833511353,
      0.021478358656167984
    ],
    [
      0.8868820667266846,
      0.09664028137922287,
      0.05645660683512688
    ],
    [
      0.6014478802680969,
      0.341238409280777,
      0.021479224786162376
    ],
    [
      0.15188884735107422,
      0.0966128259897232,
      0.12907014787197113
    ],
    [
      0.171092227101326,
      0.5966050624847412,
      0.13465704023838043
    ],
    [
      0.43732813000679016,
      0.3412782847881317,
      0.16404853761196136
    ],
    [
      0.43732163310050964,
      0.8520186543464661,
      0.16404777765274048
    ],
    [
      0.9373228549957275,
      0.35201939940452576,
      0.16404712200164795
    ],
    [
      0.867680013179779,
      0.5966472029685974,
      0.05086924135684967
    ]
  ],
  "lattice": [
    [
      11.80802059173584,
      0.0005182389868423343,
      0.0
    ],
    [
      0.00030067903571762145,
      6.859491348266602,
      0.0
    ],
    [
      -5.087000846862793,
      -0.00022326200269162655,
      26.666118621826172
    ]
  ],
  "properties": {
    "deltaG_H": 0.018684813976287844,
    "thermo_stability": -0.9069917023181917,
    "synth_score": 0.14015738407017186
  }
}