{
  "id": "JVASP-5887",
  "atomic_numbers": [
    48,
    35,
    35
  ],
  "frac_coords": [
    [
      0.4263730049133301,
      0.35357800126075745,
      0.23434031009674072
    ],
    [
      0.09303800016641617,
      0.6869120001792908,
      0.18194596469402313
    ],
    [
      0.7597060203552246,
      0.02024500072002411,
      0.2867967188358307
    ]
  ],
  "lattice": [
    [
      4.012259483337402,
      0.0,
      0.0
    ],
    [
      -2.006129741668701,
      3.4747185707092285,
      0.0
    ],
    [
      0.0,
      0.0,
      30.255037307739258
    ]
  ],
  "properties": {
    "deltaG_H": 0.025708586672941847,
    "thermo_stability": -0.1882551779349646,
    "synth_score": 0.4069688317475624
  }
}