{
  "id": "JVASP-60396",
  "atomic_numbers": [
    20,
    20,
    29,
    35,
    35,
    8,
    8
  ],
  "frac_coords": [
    [
      0.5,
      0.5,
      0.17590466141700745
    ],
    [
      0.5,
      0.5,
      0.05573134124279022
    ],
    [
      0.0,
      0.0,
      0.11581800132989883
    ],
    [
      0.0,
      0.0,
      0.2313620150089264
    ],
    [
      0.0,
      0.0,
      0.0002739786868914962
    ],
    [
      0.0,
      0.5,
      0.11581800132989883
    ],
    [
      0.5,
      0.0,
      0.11581800132989883
    ]
  ],
  "lattice": [
    [
      3.858419895172119,
      0.0,
      0.0
    ],
    [
      0.0,
      3.858419895172119,
      0.0
    ],
    [
      0.0,
      0.0,
      26.02933120727539
    ]
  ],
  "properties": {
    "deltaG_H": 0.0032481523922511515,
    "thermo_stability": -2.0,
    "synth_score": 0.01798620996209156
  }
}