{
  "id": "JVASP-19999",
  "atomic_numbers": [
    82,
    53,
    53
  ],
  "frac_coords": [
    [
      0.6666572093963623,
      0.3333427608013153,
      0.295758992433548
    ],
    [
      1.000002145767212,
      -2.089160489049391e-06,
      0.22412553429603577
    ],
    [
      0.33334067463874817,
      0.6666592955589294,
      0.36737948656082153
    ]
  ],
  "lattice": [
    [
      4.567130088806152,
      -1.687941767158918e-05,
      0.0
    ],
    [
      -2.2835795879364014,
      3.9552419185638428,
      0.0
    ],
    [
      0.0,
      0.0,
      26.631799697875977
    ]
  ],
  "properties": {
    "deltaG_H": 0.03888716081778208,
    "thermo_stability": -0.828294994433721,
    "synth_score": 0.16022028162828866
  }
}