{
  "id": "JVASP-19993",
  "atomic_numbers": [
    20,
    20,
    14,
    14
  ],
  "frac_coords": [
    [
      0.0,
      0.25,
      0.14499588310718536
    ],
    [
      0.0,
      0.75,
      0.25587213039398193
    ],
    [
      0.5,
      0.75,
      0.17199373245239258
    ],
    [
      0.5,
      0.25,
      0.22887426614761353
    ]
  ],
  "lattice": [
    [
      4.3485846519470215,
      0.0,
      0.0
    ],
    [
      0.0,
      3.8864283561706543,
      0.0
    ],
    [
      0.0,
      0.0,
      26.705299377441406
    ]
  ],
  "properties": {
    "deltaG_H": 0.01711188942193985,
    "thermo_stability": -0.17293745477994293,
    "synth_score": 0.41438310089788366
  }
}