{
  "id": "JVASP-9002",
  "atomic_numbers": [
    19,
    19,
    12,
    12,
    51,
    51
  ],
  "frac_coords": [
    [
      0.8622750043869019,
      0.36227500438690186,
      0.25128841400146484
    ],
    [
      0.36227500438690186,
      0.8622750043869019,
      0.04339158162474632
    ],
    [
      0.8622750043869019,
      0.8622750043869019,
      0.14733999967575073
    ],
    [
      0.36227500438690186,
      0.36227500438690186,
      0.14733999967575073
    ],
    [
      0.36227500438690186,
      0.8622750043869019,
      0.2077789455652237
    ],
    [
      0.8622750043869019,
      0.36227500438690186,
      0.08690004795789719
    ]
  ],
  "lattice": [
    [
      4.738288402557373,
      0.0,
      0.0
    ],
    [
      0.0,
      4.738288402557373,
      0.0
    ],
    [
      0.0,
      0.0,
      28.355907440185547
    ]
  ],
  "properties": {
    "deltaG_H": 0.023322688579559325,
    "thermo_stability": -1.7899471441904709,
    "synth_score": 0.02712250646172406
  }
}