{
  "id": "JVASP-27781",
  "atomic_numbers": [
    56,
    56,
    5,
    5,
    5,
    5,
    34,
    34,
    34,
    34,
    34,
    34,
    34,
    34,
    34,
    34,
    34,
    34
  ],
  "frac_coords": [
    [
      0.5,
      0.0,
      0.20749500393867493
    ],
    [
      0.0,
      0.5,
      0.20749500393867493
    ],
    [
      0.5,
      0.3885154724121094,
      0.20749500393867493
    ],
    [
      0.5,
      0.6114845275878906,
      0.20749500393867493
    ],
    [
      0.0,
      0.8885154724121094,
      0.20749500393867493
    ],
    [
      0.0,
      0.11148452013731003,
      0.20749500393867493
    ],
    [
      0.6000973582267761,
      0.5,
      0.26437368988990784
    ],
    [
      0.8137548565864563,
      0.793743908405304,
      0.24614834785461426
    ],
    [
      0.8137548565864563,
      0.20625607669353485,
      0.24614834785461426
    ],
    [
      0.1862451136112213,
      0.793743908405304,
      0.1688416451215744
    ],
    [
      0.6862451434135437,
      0.706256091594696,
      0.1688416451215744
    ],
    [
      0.3137548863887787,
      0.29374393820762634,
      0.24614834785461426
    ],
    [
      0.10009735822677612,
      0.0,
      0.26437368988990784
    ],
    [
      0.3999026417732239,
      0.5,
      0.15061631798744202
    ],
    [
      0.3137548863887787,
      0.706256091594696,
      0.24614834785461426
    ],
    [
      0.6862451434135437,
      0.29374393820762634,
      0.1688416451215744
    ],
    [
      0.8999026417732239,
      0.0,
      0.15061631798744202
    ],
    [
      0.1862451136112213,
      0.20625607669353485,
      0.1688416451215744
    ]
  ],
  "lattice": [
    [
      7.6104230880737305,
      0.0,
      0.0
    ],
    [
      0.0,
      11.395113945007324,
      0.0
    ],
    [
      0.0,
      0.0,
      25.640600204467773
    ]
  ],
  "properties": {
    "deltaG_H": 0.0051716963450113935,
    "thermo_stability": -0.41941589812437696,
    "synth_score": 0.3017808782380395
  }
}