{
  "id": "JVASP-9068",
  "atomic_numbers": [
    56,
    56,
    56,
    56,
    51,
    51,
    8
  ],
  "frac_coords": [
    [
      0.0,
      0.0,
      0.22514472901821136
    ],
    [
      0.0,
      0.0,
      0.4469012916088104
    ],
    [
      0.0,
      0.5,
      0.3360230028629303
    ],
    [
      0.5,
      0.0,
      0.3360230028629303
    ],
    [
      0.5,
      0.5,
      0.4291083514690399
    ],
    [
      0.5,
      0.5,
      0.24293765425682068
    ],
    [
      0.0,
      0.0,
      0.3360230028629303
    ]
  ],
  "lattice": [
    [
      5.23514461517334,
      0.0,
      0.0
    ],
    [
      0.0,
      5.23514461517334,
      0.0
    ],
    [
      0.0,
      0.0,
      27.442800521850586
    ]
  ],
  "properties": {
    "deltaG_H": 0.016344886328492847,
    "thermo_stability": -2.0,
    "synth_score": 0.01798620996209156
  }
}