{
  "id": "JVASP-76640",
  "atomic_numbers": [
    69,
    69,
    17,
    17,
    8,
    8
  ],
  "frac_coords": [
    [
      0.6666656136512756,
      0.3333303928375244,
      0.9342070817947388
    ],
    [
      0.333334743976593,
      0.6666697859764099,
      0.8268962502479553
    ],
    [
      -4.5418406102726294e-07,
      -1.875561927988656e-08,
      -0.0002045073633780703
    ],
    [
      7.08872107679781e-08,
      -1.3357299621929997e-07,
      0.7613228559494019
    ],
    [
      0.6666669845581055,
      0.3333325684070587,
      0.8486956357955933
    ],
    [
      0.33333298563957214,
      0.6666674017906189,
      0.9123986959457397
    ]
  ],
  "lattice": [
    [
      -3.724477529525757,
      6.950201623112662e-06,
      0.0
    ],
    [
      1.8622328042984009,
      3.2254652976989746,
      0.0
    ],
    [
      0.0,
      0.0,
      -26.27756690979004
    ]
  ],
  "properties": {
    "deltaG_H": -0.007515124877293903,
    "thermo_stability": -2.0,
    "synth_score": 0.01798620996209156
  }
}