{
  "id": "JVASP-9041",
  "atomic_numbers": [
    11,
    11,
    49,
    8,
    8
  ],
  "frac_coords": [
    [
      1.3255715202831198e-05,
      -1.3255715202831198e-05,
      0.29355180263519287
    ],
    [
      0.6666682958602905,
      0.3333316743373871,
      0.4807363450527191
    ],
    [
      0.3333389461040497,
      0.6666610240936279,
      0.3870898485183716
    ],
    [
      0.6666762232780457,
      0.33332380652427673,
      0.34510180354118347
    ],
    [
      3.2629586712573655e-06,
      -3.2629586712573655e-06,
      0.4290432333946228
    ]
  ],
  "lattice": [
    [
      3.3325812816619873,
      -9.752805453899782e-06,
      0.0
    ],
    [
      -1.6662991046905518,
      2.8860952854156494,
      0.0
    ],
    [
      0.0,
      0.0,
      28.615400314331055
    ]
  ],
  "properties": {
    "deltaG_H": 0.0096141277551651,
    "thermo_stability": -1.5752972582976028,
    "synth_score": 0.04106785898098024
  }
}