{
  "id": "JVASP-28106",
  "atomic_numbers": [
    27,
    27,
    1,
    1,
    1,
    1,
    8,
    8,
    8,
    8
  ],
  "frac_coords": [
    [
      0.5,
      0.43711304664611816,
      0.5
    ],
    [
      0.0,
      0.9371130466461182,
      0.5
    ],
    [
      0.6868554353713989,
      0.9373378753662109,
      0.5853114724159241
    ],
    [
      0.31314459443092346,
      0.9373378753662109,
      0.41468849778175354
    ],
    [
      0.18685542047023773,
      0.4373379051685333,
      0.5853114724159241
    ],
    [
      0.8131445646286011,
      0.4373379051685333,
      0.41468849778175354
    ],
    [
      0.6771019101142883,
      0.9371325969696045,
      0.5447295904159546
    ],
    [
      0.32289811968803406,
      0.9371325969696045,
      0.4552704095840454
    ],
    [
      0.17710189521312714,
      0.4371325969696045,
      0.5447295904159546
    ],
    [
      0.8228980898857117,
      0.4371325969696045,
      0.4552704095840454
    ]
  ],
  "lattice": [
    [
      5.366372108459473,
      0.0,
      -0.2823599874973297
    ],
    [
      0.0,
      3.105166435241699,
      0.0
    ],
    [
      0.0,
      0.0,
      24.0173282623291
    ]
  ],
  "properties": {
    "deltaG_H": -0.018946000933647157,
    "thermo_stability": -1.8248287844161197,
    "synth_score": 0.025341159554654765
  }
}