{
  "id": "JVASP-31419",
  "atomic_numbers": [
    40,
    22,
    52,
    52,
    52,
    52
  ],
  "frac_coords": [
    [
      0.5170620083808899,
      0.8941829800605774,
      0.12913000583648682
    ],
    [
      0.017062000930309296,
      0.3941830098628998,
      0.12913000583648682
    ],
    [
      0.17344073951244354,
      0.8941829800605774,
      0.19357718527317047
    ],
    [
      0.6943405866622925,
      0.3941830098628998,
      0.1957535743713379
    ],
    [
      0.3397834002971649,
      0.3941830098628998,
      0.06250642240047455
    ],
    [
      0.860683262348175,
      0.8941829800605774,
      0.06468281149864197
    ]
  ],
  "lattice": [
    [
      6.7180585861206055,
      0.0,
      0.0
    ],
    [
      0.0,
      3.8711910247802734,
      0.0
    ],
    [
      -0.01545841433107853,
      0.0,
      26.942829132080078
    ]
  ],
  "properties": {
    "deltaG_H": 0.01508439670006434,
    "thermo_stability": -0.6560690621534984,
    "synth_score": 0.21212927850323213
  }
}