{
  "id": "JVASP-19988",
  "atomic_numbers": [
    13,
    7
  ],
  "frac_coords": [
    [
      0.6666669845581055,
      0.33333298563957214,
      0.04718400165438652
    ],
    [
      0.33333298563957214,
      0.6666669845581055,
      0.04718400165438652
    ]
  ],
  "lattice": [
    [
      3.1314823627471924,
      3.1486944607195255e-08,
      0.0
    ],
    [
      -1.5657415390014648,
      2.7119433879852295,
      0.0
    ],
    [
      0.0,
      0.0,
      22.187562942504883
    ]
  ],
  "properties": {
    "deltaG_H": 0.004659317493438722,
    "thermo_stability": 0.9777788788080215,
    "synth_score": 0.8760513952377038
  }
}