{
  "id": "JVASP-60258",
  "atomic_numbers": [
    39,
    39,
    6,
    6,
    53,
    53
  ],
  "frac_coords": [
    [
      0.1449662148952484,
      0.2899324297904968,
      0.181023970246315
    ],
    [
      0.855033814907074,
      0.7100675702095032,
      0.07810602337121964
    ],
    [
      0.5762222409248352,
      0.15244445204734802,
      0.11745307594537735
    ],
    [
      0.4237777888774872,
      0.8475555777549744,
      0.1416769176721573
    ],
    [
      0.8256480693817139,
      0.6512961387634277,
      0.25874847173690796
    ],
    [
      0.17435193061828613,
      0.34870386123657227,
      0.0003805234155151993
    ]
  ],
  "lattice": [
    [
      -3.8968827724456787,
      -4.02415034628234e-09,
      0.0
    ],
    [
      1.9484418630599976,
      -3.631399631500244,
      -0.22535599768161774
    ],
    [
      0.0,
      0.0,
      26.995256423950195
    ]
  ],
  "properties": {
    "deltaG_H": -0.010391354958216348,
    "thermo_stability": -2.0,
    "synth_score": 0.01798620996209156
  }
}