{
  "id": "JVASP-60237",
  "atomic_numbers": [
    52,
    52,
    79
  ],
  "frac_coords": [
    [
      0.3341088891029358,
      0.6682177782058716,
      -0.0033311527222394943
    ],
    [
      0.6658911108970642,
      0.3317822217941284,
      0.13413214683532715
    ],
    [
      0.0,
      0.0,
      0.06540100276470184
    ]
  ],
  "lattice": [
    [
      3.9987106323242188,
      -3.065021303427784e-08,
      0.0
    ],
    [
      -1.9993548393249512,
      3.4624276161193848,
      0.010173000395298004
    ],
    [
      0.0,
      0.0,
      23.009626388549805
    ]
  ],
  "properties": {
    "deltaG_H": 0.014877593318621317,
    "thermo_stability": -0.7326674878597259,
    "synth_score": 0.187652710425853
  }
}