{
  "id": "JVASP-60555",
  "atomic_numbers": [
    12,
    75,
    75,
    8,
    8,
    8,
    8,
    8,
    8,
    8,
    8
  ],
  "frac_coords": [
    [
      0.0,
      0.0,
      0.870212972164154
    ],
    [
      0.6666659712791443,
      0.33333200216293335,
      0.9360640645027161
    ],
    [
      0.3333339989185333,
      0.6666679978370667,
      0.8043619394302368
    ],
    [
      0.7916504740715027,
      0.12863676249980927,
      0.9143352508544922
    ],
    [
      0.8713632225990295,
      0.6630136966705322,
      0.9143352508544922
    ],
    [
      0.6630136966705322,
      0.7916504740715027,
      0.8260907530784607
    ],
    [
      0.3369863033294678,
      0.20834952592849731,
      0.9143352508544922
    ],
    [
      0.12863676249980927,
      0.3369863033294678,
      0.8260907530784607
    ],
    [
      0.20834952592849731,
      0.8713632225990295,
      0.8260907530784607
    ],
    [
      0.6666659712791443,
      0.33333200216293335,
      0.9999030232429504
    ],
    [
      0.3333339989185333,
      0.6666679978370667,
      0.7405229806900024
    ]
  ],
  "lattice": [
    [
      -5.756231307983398,
      -9.897336283870573e-09,
      0.0
    ],
    [
      2.878114938735962,
      4.985042572021484,
      0.0
    ],
    [
      0.0,
      0.0,
      -27.011491775512695
    ]
  ],
  "properties": {
    "deltaG_H": -0.007063527215610852,
    "thermo_stability": -2.0,
    "synth_score": 0.01798620996209156
  }
}