{
  "id": "JVASP-5905",
  "atomic_numbers": [
    5,
    17,
    17,
    17
  ],
  "frac_coords": [
    [
      0.33333298563957214,
      0.6666669845581055,
      0.07460200041532516
    ],
    [
      0.04782360419631004,
      0.3810078203678131,
      0.07460200041532516
    ],
    [
      0.6189922094345093,
      0.6668158173561096,
      0.07460200041532516
    ],
    [
      0.33318421244621277,
      0.9521763920783997,
      0.07460200041532516
    ]
  ],
  "lattice": [
    [
      6.100898742675781,
      5.795890842819063e-07,
      0.0
    ],
    [
      -3.0504493713378906,
      5.283532619476318,
      0.0
    ],
    [
      0.0,
      0.0,
      25.655881881713867
    ]
  ],
  "properties": {
    "deltaG_H": 0.012346355915069582,
    "thermo_stability": 0.8922079682350159,
    "synth_score": 0.8562412885665104
  }
}