{
  "id": "JVASP-75320",
  "atomic_numbers": [
    27,
    27,
    27,
    52,
    8,
    8,
    8,
    8,
    8,
    8,
    8,
    8
  ],
  "frac_coords": [
    [
      0.6666669845581055,
      0.16666699945926666,
      0.5
    ],
    [
      0.16666699945926666,
      0.16666699945926666,
      0.5
    ],
    [
      0.16666699945926666,
      0.6666669845581055,
      0.5
    ],
    [
      0.6666669845581055,
      0.6666669845581055,
      0.5
    ],
    [
      0.8382756114006042,
      0.3234488368034363,
      0.4553512632846832
    ],
    [
      0.8382756114006042,
      0.8382756114006042,
      0.4553512632846832
    ],
    [
      0.3234488368034363,
      0.8382756114006042,
      0.4553512632846832
    ],
    [
      0.33333298563957214,
      0.33333298563957214,
      0.46069109439849854
    ],
    [
      0.0,
      0.0,
      0.5393089056015015
    ],
    [
      0.00988417025655508,
      0.4950574040412903,
      0.5446487665176392
    ],
    [
      0.4950574040412903,
      0.4950574040412903,
      0.5446487665176392
    ],
    [
      0.4950574040412903,
      0.00988417025655508,
      0.5446487665176392
    ]
  ],
  "lattice": [
    [
      5.825064659118652,
      1.9232331283092208e-08,
      0.0
    ],
    [
      2.912531852722168,
      5.044653415679932,
      0.0
    ],
    [
      0.0,
      0.0,
      22.072673797607422
    ]
  ],
  "properties": {
    "deltaG_H": -0.001441993117332461,
    "thermo_stability": 0.0012786020835240386,
    "synth_score": 0.5006393006933808
  }
}