{
  "id": "JVASP-60241",
  "atomic_numbers": [
    32,
    32,
    32,
    51,
    51,
    8,
    8,
    8,
    8,
    8,
    8,
    8,
    8,
    8
  ],
  "frac_coords": [
    [
      0.21646006405353546,
      0.9344639778137207,
      0.8985170125961304
    ],
    [
      0.7180049419403076,
      0.7835389375686646,
      0.8985170125961304
    ],
    [
      0.06553501635789871,
      0.2819940745830536,
      0.8985170125961304
    ],
    [
      0.33333298563957214,
      0.6666659712791443,
      0.9954754710197449
    ],
    [
      0.33333298563957214,
      0.6666659712791443,
      0.8015584945678711
    ],
    [
      0.33559396862983704,
      0.9064803123474121,
      0.9572439193725586
    ],
    [
      0.33559396862983704,
      0.9064803123474121,
      0.8397901058197021
    ],
    [
      0.938480019569397,
      0.7394084334373474,
      0.8985170125961304
    ],
    [
      0.2605905532836914,
      0.19907060265541077,
      0.8985170125961304
    ],
    [
      0.5708873867988586,
      0.6644050478935242,
      0.9572439193725586
    ],
    [
      0.09351866692304611,
      0.42911162972450256,
      0.9572439193725586
    ],
    [
      0.09351866692304611,
      0.42911162972450256,
      0.8397901058197021
    ],
    [
      0.5708873867988586,
      0.6644050478935242,
      0.8397901058197021
    ],
    [
      0.8009284138679504,
      0.06151895970106125,
      0.8985170125961304
    ]
  ],
  "lattice": [
    [
      -7.210958003997803,
      -8.248574800973074e-08,
      0.0
    ],
    [
      3.605478525161743,
      6.244872570037842,
      0.0
    ],
    [
      0.0,
      0.0,
      -25.093034744262695
    ]
  ],
  "properties": {
    "deltaG_H": -0.002173360654285976,
    "thermo_stability": -1.6319172004858657,
    "synth_score": 0.036832937197140675
  }
}