{
  "id": "JVASP-6808",
  "atomic_numbers": [
    14,
    14,
    1,
    1
  ],
  "frac_coords": [
    [
      0.8379300236701965,
      0.19075700640678406,
      0.12619620561599731
    ],
    [
      0.5045959949493408,
      0.5240910053253174,
      0.09788279235363007
    ],
    [
      0.8379300236701965,
      0.19075700640678406,
      0.1846817582845688
    ],
    [
      0.5045959949493408,
      0.5240910053253174,
      0.03939824551343918
    ]
  ],
  "lattice": [
    [
      3.8956220149993896,
      0.0,
      0.0
    ],
    [
      -1.9478110074996948,
      3.3737080097198486,
      0.0
    ],
    [
      0.0,
      0.0,
      25.775840759277344
    ]
  ],
  "properties": {
    "deltaG_H": -0.002755903005599976,
    "thermo_stability": -0.5303427594403427,
    "synth_score": 0.25717847294500107
  }
}