{
  "id": "JVASP-75057",
  "atomic_numbers": [
    52,
    52,
    74
  ],
  "frac_coords": [
    [
      0.6666423678398132,
      0.33335861563682556,
      0.42321833968162537
    ],
    [
      0.6666423678398132,
      0.33335861563682556,
      0.5767816305160522
    ],
    [
      0.3333152234554291,
      0.6666847467422485,
      0.5
    ]
  ],
  "lattice": [
    [
      3.563608169555664,
      -0.00045017676893621683,
      0.0
    ],
    [
      -1.781463623046875,
      3.0863709449768066,
      0.0
    ],
    [
      0.0,
      0.0,
      23.646142959594727
    ]
  ],
  "properties": {
    "deltaG_H": 0.01347467044989268,
    "thermo_stability": -0.6124845077594123,
    "synth_score": 0.22706317850387048
  }
}