{
  "id": "JVASP-13523",
  "atomic_numbers": [
    39,
    39,
    32,
    53,
    53
  ],
  "frac_coords": [
    [
      5.417677584773628e-06,
      0.9999945759773254,
      0.6590296030044556
    ],
    [
      0.6666708588600159,
      0.33332911133766174,
      0.7625596523284912
    ],
    [
      0.33333683013916016,
      0.6666631698608398,
      0.7107071280479431
    ],
    [
      0.6666777729988098,
      0.3333222568035126,
      0.5928348302841187
    ],
    [
      9.126604709308594e-06,
      0.9999908804893494,
      0.8288348317146301
    ]
  ],
  "lattice": [
    [
      4.212636947631836,
      1.5945155610097572e-05,
      0.0
    ],
    [
      -2.10630464553833,
      3.6482582092285156,
      0.0
    ],
    [
      0.0,
      0.0,
      30.211200714111328
    ]
  ],
  "properties": {
    "deltaG_H": 0.021082467317581177,
    "thermo_stability": -2.0,
    "synth_score": 0.01798620996209156
  }
}