{
  "id": "JVASP-5935",
  "atomic_numbers": [
    28,
    8,
    8
  ],
  "frac_coords": [
    [
      0.30695998668670654,
      0.9567610025405884,
      0.09440000355243683
    ],
    [
      0.973626971244812,
      0.2900939881801605,
      0.13267065584659576
    ],
    [
      0.6402930021286011,
      0.6234279870986938,
      0.05612834170460701
    ]
  ],
  "lattice": [
    [
      2.820669651031494,
      0.0,
      0.0
    ],
    [
      -1.410334825515747,
      2.4427716732025146,
      0.0
    ],
    [
      0.0,
      0.0,
      24.654817581176758
    ]
  ],
  "properties": {
    "deltaG_H": -0.0022219057877858476,
    "thermo_stability": 0.28355321089426666,
    "synth_score": 0.6380952293485337
  }
}