{
  "id": "JVASP-75198",
  "atomic_numbers": [
    20,
    20,
    17,
    17,
    17,
    17,
    8,
    8,
    8,
    8,
    8,
    8,
    8,
    8
  ],
  "frac_coords": [
    [
      0.0,
      0.5,
      0.5
    ],
    [
      0.5,
      0.0,
      0.5
    ],
    [
      0.5,
      0.5,
      0.412200927734375
    ],
    [
      0.0,
      0.0,
      0.412200927734375
    ],
    [
      0.5,
      0.5,
      0.587799072265625
    ],
    [
      0.0,
      0.0,
      0.587799072265625
    ],
    [
      0.3394324481487274,
      0.6605692505836487,
      0.4493207037448883
    ],
    [
      0.3394324481487274,
      0.3394317328929901,
      0.5506793260574341
    ],
    [
      0.16056756675243378,
      0.8394317030906677,
      0.5506793260574341
    ],
    [
      0.660567581653595,
      0.6605692505836487,
      0.5506793260574341
    ],
    [
      0.839432418346405,
      0.16056926548480988,
      0.5506793260574341
    ],
    [
      0.839432418346405,
      0.8394317030906677,
      0.4493207037448883
    ],
    [
      0.16056756675243378,
      0.16056926548480988,
      0.4493207037448883
    ],
    [
      0.660567581653595,
      0.3394317328929901,
      0.4493207037448883
    ]
  ],
  "lattice": [
    [
      5.726215839385986,
      0.0,
      0.0
    ],
    [
      0.0,
      5.7269463539123535,
      0.0
    ],
    [
      0.0,
      0.0,
      24.266681671142578
    ]
  ],
  "properties": {
    "deltaG_H": -0.0018741917610168458,
    "thermo_stability": -1.4673798725008966,
    "synth_score": 0.05046177133443447
  }
}