{
  "id": "JVASP-720",
  "atomic_numbers": [
    46,
    46,
    16,
    16,
    16,
    16
  ],
  "frac_coords": [
    [
      0.5,
      0.5,
      0.1410059928894043
    ],
    [
      0.0,
      0.0,
      0.1410059928894043
    ],
    [
      0.6021609902381897,
      0.11002885550260544,
      0.1594882756471634
    ],
    [
      0.10216101258993149,
      0.38997113704681396,
      0.1225237250328064
    ],
    [
      0.8978390097618103,
      0.610028862953186,
      0.1594882756471634
    ],
    [
      0.3978389799594879,
      0.889971137046814,
      0.1225237250328064
    ]
  ],
  "lattice": [
    [
      5.443798542022705,
      0.0,
      0.0
    ],
    [
      0.0,
      5.561267375946045,
      0.0
    ],
    [
      0.0,
      0.0,
      35.607086181640625
    ]
  ],
  "properties": {
    "deltaG_H": 0.0031991280118624375,
    "thermo_stability": 0.3979501605033874,
    "synth_score": 0.6890968377287194
  }
}