{
  "id": "JVASP-75107",
  "atomic_numbers": [
    19,
    19,
    1,
    1,
    1,
    1,
    7,
    7
  ],
  "frac_coords": [
    [
      0.75,
      0.508754312992096,
      0.546744704246521
    ],
    [
      0.25,
      0.00840769987553358,
      0.453255295753479
    ],
    [
      0.46393612027168274,
      0.00877659022808075,
      0.593596875667572
    ],
    [
      0.9639360904693604,
      0.508385419845581,
      0.406403124332428
    ],
    [
      0.03606388345360756,
      0.00877659022808075,
      0.593596875667572
    ],
    [
      0.5360639095306396,
      0.508385419845581,
      0.406403124332428
    ],
    [
      0.25,
      0.008681855164468288,
      0.5665231347084045
    ],
    [
      0.75,
      0.5084801316261292,
      0.43347683548927307
    ]
  ],
  "lattice": [
    [
      3.6914219856262207,
      0.0,
      0.0
    ],
    [
      0.0,
      4.5362067222595215,
      0.0
    ],
    [
      0.0,
      0.0,
      24.611257553100586
    ]
  ],
  "properties": {
    "deltaG_H": -0.013828436851501464,
    "thermo_stability": -2.0,
    "synth_score": 0.01798620996209156
  }
}