{
  "id": "JVASP-19552",
  "atomic_numbers": [
    35,
    35,
    35,
    35,
    8,
    8
  ],
  "frac_coords": [
    [
      0.6358587145805359,
      0.31842565536499023,
      0.19951117038726807
    ],
    [
      0.3641413152217865,
      0.8184256553649902,
      0.1946488320827484
    ],
    [
      0.39624905586242676,
      0.5124508142471313,
      0.27960267663002014
    ],
    [
      0.6037509441375732,
      0.01245078630745411,
      0.11455632746219635
    ],
    [
      0.13754750788211823,
      0.6910235285758972,
      0.24985067546367645
    ],
    [
      0.862452507019043,
      0.1910235434770584,
      0.14430832862854004
    ]
  ],
  "lattice": [
    [
      3.90596342086792,
      0.0,
      0.0
    ],
    [
      0.0,
      7.475639820098877,
      0.0
    ],
    [
      0.0,
      0.0,
      26.40958023071289
    ]
  ],
  "properties": {
    "deltaG_H": 0.008688425719738007,
    "thermo_stability": -1.1096731493870418,
    "synth_score": 0.09802658765866643
  }
}