{
  "id": "JVASP-60543",
  "atomic_numbers": [
    31,
    47,
    15,
    15,
    34,
    34,
    34,
    34,
    34,
    34
  ],
  "frac_coords": [
    [
      0.0,
      0.0,
      0.07387299835681915
    ],
    [
      0.3333339989185333,
      0.6666659712791443,
      0.07387299835681915
    ],
    [
      0.6666659712791443,
      0.3333339989185333,
      0.12221347540616989
    ],
    [
      0.6666659712791443,
      0.3333339989185333,
      0.025532523170113564
    ],
    [
      0.6977956891059875,
      0.01617443934082985,
      0.14780189096927643
    ],
    [
      0.9838255643844604,
      0.30220431089401245,
      -5.589505235548131e-05
    ],
    [
      0.9838255643844604,
      0.681621253490448,
      0.14780189096927643
    ],
    [
      0.3183787763118744,
      0.01617443934082985,
      -5.589505235548131e-05
    ],
    [
      0.6977956891059875,
      0.681621253490448,
      -5.589505235548131e-05
    ],
    [
      0.3183787763118744,
      0.30220431089401245,
      0.14780189096927643
    ]
  ],
  "lattice": [
    [
      3.2143728733062744,
      -5.567456245422363,
      0.0
    ],
    [
      3.2143728733062744,
      5.567456245422363,
      0.0
    ],
    [
      0.0,
      0.0,
      23.46718406677246
    ]
  ],
  "properties": {
    "deltaG_H": 0.00651139726638794,
    "thermo_stability": -0.9489112516244254,
    "synth_score": 0.1303551225721187
  }
}