{
  "id": "JVASP-28115",
  "atomic_numbers": [
    65,
    65,
    1,
    1,
    1,
    1,
    35,
    35
  ],
  "frac_coords": [
    [
      0.6666669845581055,
      0.33333298563957214,
      0.4404769241809845
    ],
    [
      0.33333298563957214,
      0.6666669845581055,
      0.5595230460166931
    ],
    [
      0.6666669845581055,
      0.33333298563957214,
      0.5228177905082703
    ],
    [
      0.33333298563957214,
      0.6666669845581055,
      0.47718220949172974
    ],
    [
      0.0,
      0.0,
      0.4478062689304352
    ],
    [
      0.0,
      0.0,
      0.5521937608718872
    ],
    [
      0.33333298563957214,
      0.6666669845581055,
      0.368693083524704
    ],
    [
      0.6666669845581055,
      0.33333298563957214,
      0.6313068866729736
    ]
  ],
  "lattice": [
    [
      3.772235631942749,
      -1.0000000168623835e-16,
      0.0
    ],
    [
      -1.8861178159713745,
      3.2668516635894775,
      0.0
    ],
    [
      0.0,
      0.0,
      27.126876831054688
    ]
  ],
  "properties": {
    "deltaG_H": 0.007236832976341248,
    "thermo_stability": -2.0,
    "synth_score": 0.01798620996209156
  }
}