{
  "id": "JVASP-76598",
  "atomic_numbers": [
    31,
    47,
    15,
    15,
    34,
    34,
    34,
    34,
    34,
    34
  ],
  "frac_coords": [
    [
      0.0,
      0.0,
      0.07387299835681915
    ],
    [
      0.3333339989185333,
      0.6666659712791443,
      0.07387299835681915
    ],
    [
      0.6666659712791443,
      0.3333339989185333,
      0.12221669405698776
    ],
    [
      0.6666659712791443,
      0.3333339989185333,
      0.02552930638194084
    ],
    [
      0.6978029012680054,
      0.01617269590497017,
      0.1478029489517212
    ],
    [
      0.9838272929191589,
      0.30219709873199463,
      -5.6953937018988654e-05
    ],
    [
      0.9838272929191589,
      0.6816301941871643,
      0.1478029489517212
    ],
    [
      0.3183698058128357,
      0.01617269590497017,
      -5.6953937018988654e-05
    ],
    [
      0.6978029012680054,
      0.6816301941871643,
      -5.6953937018988654e-05
    ],
    [
      0.3183698058128357,
      0.30219709873199463,
      0.1478029489517212
    ]
  ],
  "lattice": [
    [
      3.2144389152526855,
      -5.567570686340332,
      0.0
    ],
    [
      3.2144389152526855,
      5.567570686340332,
      0.0
    ],
    [
      0.0,
      0.0,
      23.46718406677246
    ]
  ],
  "properties": {
    "deltaG_H": 0.006512656712532043,
    "thermo_stability": -0.9489621639251709,
    "synth_score": 0.13034357989843673
  }
}