{
  "id": "JVASP-28093",
  "atomic_numbers": [
    70,
    70,
    35,
    35,
    8,
    8
  ],
  "frac_coords": [
    [
      0.5,
      0.0,
      0.448525607585907
    ],
    [
      0.0,
      0.5,
      0.551474392414093
    ],
    [
      0.0,
      0.5,
      0.3851427733898163
    ],
    [
      0.5,
      0.0,
      0.6148571968078613
    ],
    [
      0.0,
      0.0,
      0.5
    ],
    [
      0.5,
      0.5,
      0.5
    ]
  ],
  "lattice": [
    [
      3.6521918773651123,
      0.0,
      0.0
    ],
    [
      0.0,
      3.6521918773651123,
      0.0
    ],
    [
      0.0,
      0.0,
      26.06721305847168
    ]
  ],
  "properties": {
    "deltaG_H": 0.007393618623415631,
    "thermo_stability": -2.0,
    "synth_score": 0.01798620996209156
  }
}