{
  "id": "JVASP-75146",
  "atomic_numbers": [
    13,
    13,
    83,
    83,
    35,
    35,
    35,
    35,
    35,
    35,
    35,
    35,
    35,
    35,
    35,
    35
  ],
  "frac_coords": [
    [
      0.13740980625152588,
      0.32863858342170715,
      0.5651300549507141
    ],
    [
      0.6704381704330444,
      0.5485984086990356,
      0.4348699450492859
    ],
    [
      0.20807857811450958,
      0.7373747229576111,
      0.505213737487793
    ],
    [
      0.5997694134712219,
      0.1398632526397705,
      0.4947862923145294
    ],
    [
      0.9904216527938843,
      0.8496764898300171,
      0.561195433139801
    ],
    [
      0.8174263834953308,
      0.027560533955693245,
      0.438804566860199
    ],
    [
      0.14019066095352173,
      0.376459002494812,
      0.4758874773979187
    ],
    [
      0.6676563620567322,
      0.5007789731025696,
      0.5241125226020813
    ],
    [
      0.3358488082885742,
      0.19780005514621735,
      0.5929405689239502
    ],
    [
      0.4719991981983185,
      0.6794379353523254,
      0.4070594310760498
    ],
    [
      0.2069820761680603,
      0.5540558695793152,
      0.605972170829773
    ],
    [
      0.60086590051651,
      0.3231821358203888,
      0.39402782917022705
    ],
    [
      0.8532516360282898,
      0.20837879180908203,
      0.5927868485450745
    ],
    [
      0.9545953869819641,
      0.6688582301139832,
      0.40721315145492554
    ],
    [
      0.5214017033576965,
      0.8817116618156433,
      0.5577032566070557
    ],
    [
      0.286445289850235,
      0.9955253005027771,
      0.44229674339294434
    ]
  ],
  "lattice": [
    [
      7.745981693267822,
      0.15955157577991486,
      0.0
    ],
    [
      -2.3766753673553467,
      9.308035850524902,
      0.0
    ],
    [
      0.0,
      0.0,
      25.346254348754883
    ]
  ],
  "properties": {
    "deltaG_H": 0.01901317024230957,
    "thermo_stability": -2.0,
    "synth_score": 0.01798620996209156
  }
}