{
  "id": "JVASP-60296",
  "atomic_numbers": [
    41,
    41,
    41,
    53,
    53,
    53,
    53,
    53,
    53,
    53,
    53
  ],
  "frac_coords": [
    [
      0.5356029272079468,
      0.4643970727920532,
      0.9109525680541992
    ],
    [
      0.9287963509559631,
      0.4643978476524353,
      0.9109540581703186
    ],
    [
      0.5356024503707886,
      0.07120420783758163,
      0.9109538197517395
    ],
    [
      0.8331637382507324,
      0.1668359488248825,
      0.8310924768447876
    ],
    [
      0.33367255330085754,
      0.16683639585971832,
      0.8310920596122742
    ],
    [
      0.16378918290138245,
      0.836211085319519,
      0.9749297499656677
    ],
    [
      0.6724211573600769,
      0.8362105488777161,
      0.9749314188957214
    ],
    [
      0.33333396911621094,
      0.6666666269302368,
      0.849597156047821
    ],
    [
      0.6666659116744995,
      0.3333338499069214,
      0.0012015661923214793
    ],
    [
      0.8331632614135742,
      0.666327178478241,
      0.8310918807983398
    ],
    [
      0.16378949582576752,
      0.32758116722106934,
      0.9749321341514587
    ]
  ],
  "lattice": [
    [
      -7.65303897857666,
      8.249437087215483e-06,
      0.0
    ],
    [
      3.826512336730957,
      6.627724647521973,
      0.0
    ],
    [
      0.0,
      0.0,
      -24.052108764648438
    ]
  ],
  "properties": {
    "deltaG_H": 0.009312990361993964,
    "thermo_stability": -2.0,
    "synth_score": 0.01798620996209156
  }
}