{
  "id": "JVASP-60349",
  "atomic_numbers": [
    73,
    73,
    73,
    16,
    35,
    35,
    35,
    35,
    35,
    35,
    35
  ],
  "frac_coords": [
    [
      0.34128859639167786,
      0.2791895866394043,
      0.07413069903850555
    ],
    [
      0.9378993511199951,
      0.27918919920921326,
      0.07413088530302048
    ],
    [
      0.3412911891937256,
      0.6825829744338989,
      0.07412957400083542
    ],
    [
      0.20774836838245392,
      0.4154972732067108,
      0.9992221593856812
    ],
    [
      0.20278921723365784,
      0.912745475769043,
      0.0136760538443923
    ],
    [
      0.7099591493606567,
      0.9127452373504639,
      0.0136769013479352
    ],
    [
      0.5394166707992554,
      0.07883613556623459,
      0.13425245881080627
    ],
    [
      0.03699346259236336,
      0.5807666778564453,
      0.14774693548679352
    ],
    [
      0.543769121170044,
      0.5807638168334961,
      0.14774802327156067
    ],
    [
      0.03701270371675491,
      0.07402446120977402,
      0.14775720238685608
    ],
    [
      0.709926187992096,
      0.419851154088974,
      0.013663120567798615
    ]
  ],
  "lattice": [
    [
      7.109634876251221,
      9.082190445042215e-06,
      0.0
    ],
    [
      -3.554809331893921,
      6.157029151916504,
      0.03994100168347359
    ],
    [
      0.0,
      0.0,
      23.462825775146484
    ]
  ],
  "properties": {
    "deltaG_H": 0.00040002877062017377,
    "thermo_stability": -2.0,
    "synth_score": 0.01798620996209156
  }
}