{
  "id": "JVASP-6637",
  "atomic_numbers": [
    27,
    33,
    33
  ],
  "frac_coords": [
    [
      0.0,
      0.0,
      0.2008569985628128
    ],
    [
      0.6666669845581055,
      0.33333298563957214,
      0.16163481771945953
    ],
    [
      0.33333298563957214,
      0.6666669845581055,
      0.2400781810283661
    ]
  ],
  "lattice": [
    [
      3.7158126831054688,
      -2.2022984325076322e-08,
      0.0
    ],
    [
      -1.8579068183898926,
      3.2179882526397705,
      0.0
    ],
    [
      0.0,
      0.0,
      25.071590423583984
    ]
  ],
  "properties": {
    "deltaG_H": 0.00863013881444931,
    "thermo_stability": 0.251869194706281,
    "synth_score": 0.623337463559184
  }
}