{
  "id": "JVASP-6100",
  "atomic_numbers": [
    13,
    13,
    13,
    13,
    17,
    17,
    17,
    17,
    17,
    17,
    17,
    17,
    17,
    17,
    17,
    17
  ],
  "frac_coords": [
    [
      0.9163410067558289,
      0.6522094011306763,
      0.1577569991350174
    ],
    [
      0.9163410067558289,
      0.9855265617370605,
      0.1577569991350174
    ],
    [
      0.41634100675582886,
      0.15220843255519867,
      0.1577569991350174
    ],
    [
      0.41634100675582886,
      0.48552557826042175,
      0.1577569991350174
    ],
    [
      0.11150161176919937,
      0.14014269411563873,
      0.20836569368839264
    ],
    [
      0.11150161176919937,
      0.4975923001766205,
      0.20836569368839264
    ],
    [
      0.0752769410610199,
      0.8188679814338684,
      0.20837967097759247
    ],
    [
      0.6115016341209412,
      0.6401426792144775,
      0.20836469531059265
    ],
    [
      0.6115016341209412,
      -0.002407689578831196,
      0.20836469531059265
    ],
    [
      0.5752769112586975,
      0.3188680112361908,
      0.20837967097759247
    ],
    [
      0.2574050724506378,
      0.3188680112361908,
      0.10713433474302292
    ],
    [
      0.22118039429187775,
      0.6401426792144775,
      0.10714930295944214
    ],
    [
      0.22118039429187775,
      -0.002407689578831196,
      0.10714930295944214
    ],
    [
      0.7574050426483154,
      0.8188679814338684,
      0.10713433474302292
    ],
    [
      0.7211803793907166,
      0.14014269411563873,
      0.10714930295944214
    ],
    [
      0.7211803793907166,
      0.4975923001766205,
      0.10714930295944214
    ]
  ],
  "lattice": [
    [
      5.96122407913208,
      0.0,
      0.0
    ],
    [
      0.0,
      10.325368881225586,
      0.0
    ],
    [
      -1.93657386302948,
      0.0,
      26.35862922668457
    ]
  ],
  "properties": {
    "deltaG_H": 0.022221280485391615,
    "thermo_stability": -0.2144449869791667,
    "synth_score": 0.39439142666480465
  }
}