{
  "id": "JVASP-75285",
  "atomic_numbers": [
    51,
    51,
    51,
    51,
    8,
    8,
    8,
    8,
    9,
    9,
    9,
    9
  ],
  "frac_coords": [
    [
      0.44569382071495056,
      0.5480993390083313,
      0.5624857544898987
    ],
    [
      0.9456937909126282,
      0.9519006609916687,
      0.5624857544898987
    ],
    [
      0.6373991966247559,
      0.048099320381879807,
      0.4375142455101013
    ],
    [
      0.13739919662475586,
      0.4519006907939911,
      0.4375142455101013
    ],
    [
      0.6456887722015381,
      0.8294763565063477,
      0.5155925154685974
    ],
    [
      0.1456887423992157,
      0.6705236434936523,
      0.5155925154685974
    ],
    [
      0.43740424513816833,
      0.32947638630867004,
      0.484407514333725
    ],
    [
      0.9374042749404907,
      0.17052362859249115,
      0.484407514333725
    ],
    [
      0.7523710131645203,
      0.3392465114593506,
      0.5868456959724426
    ],
    [
      0.25237101316452026,
      0.16075348854064941,
      0.5868456959724426
    ],
    [
      0.33072200417518616,
      0.8392465114593506,
      0.41315433382987976
    ],
    [
      0.8307219743728638,
      0.6607534885406494,
      0.41315433382987976
    ]
  ],
  "lattice": [
    [
      6.242447376251221,
      0.0,
      -0.08440200239419937
    ],
    [
      0.0,
      4.809516906738281,
      0.0
    ],
    [
      -0.6731995940208435,
      0.0,
      22.265134811401367
    ]
  ],
  "properties": {
    "deltaG_H": 0.007814372817675273,
    "thermo_stability": -1.3892159283161165,
    "synth_score": 0.05850086677708573
  }
}