{
  "id": "JVASP-75125",
  "atomic_numbers": [
    32,
    32,
    32,
    32,
    32,
    52,
    52,
    52,
    52,
    52,
    52,
    52,
    52,
    33,
    33
  ],
  "frac_coords": [
    [
      0.0,
      0.0,
      0.5
    ],
    [
      0.33333298563957214,
      0.6666669845581055,
      0.6095889806747437
    ],
    [
      0.6666669845581055,
      0.33333298563957214,
      0.5547272562980652
    ],
    [
      0.6666669845581055,
      0.33333298563957214,
      0.39041098952293396
    ],
    [
      0.33333298563957214,
      0.6666669845581055,
      0.4452727138996124
    ],
    [
      0.6666669845581055,
      0.33333298563957214,
      0.6361970901489258
    ],
    [
      0.6666669845581055,
      0.33333298563957214,
      0.47282373905181885
    ],
    [
      0.33333298563957214,
      0.6666669845581055,
      0.3638029396533966
    ],
    [
      0.33333298563957214,
      0.6666669845581055,
      0.5271762609481812
    ],
    [
      0.0,
      0.0,
      0.41838377714157104
    ],
    [
      0.0,
      0.0,
      0.581616222858429
    ],
    [
      0.6666669845581055,
      0.33333298563957214,
      0.31110233068466187
    ],
    [
      0.33333298563957214,
      0.6666669845581055,
      0.6888976693153381
    ],
    [
      0.0,
      0.0,
      0.3347272574901581
    ],
    [
      0.0,
      0.0,
      0.6652727127075195
    ]
  ],
  "lattice": [
    [
      4.207987308502197,
      -4.781289947297651e-11,
      0.0
    ],
    [
      -2.103994131088257,
      3.6442248821258545,
      0.0
    ],
    [
      0.0,
      0.0,
      64.27486419677734
    ]
  ],
  "properties": {
    "deltaG_H": 0.01667728370030721,
    "thermo_stability": -2.0,
    "synth_score": 0.01798620996209156
  }
}