{
  "id": "JVASP-6835",
  "atomic_numbers": [
    81,
    81,
    47,
    52,
    52
  ],
  "frac_coords": [
    [
      0.5,
      0.5,
      0.36706194281578064
    ],
    [
      0.0,
      0.0,
      0.5521800518035889
    ],
    [
      0.5,
      0.0,
      0.45962101221084595
    ],
    [
      0.0,
      0.0,
      0.4035176932811737
    ],
    [
      0.5,
      0.5,
      0.5157243013381958
    ]
  ],
  "lattice": [
    [
      4.3893723487854,
      0.0,
      0.0
    ],
    [
      0.0,
      4.3893723487854,
      0.0
    ],
    [
      0.0,
      0.0,
      31.020729064941406
    ]
  ],
  "properties": {
    "deltaG_H": 0.017317339777946472,
    "thermo_stability": -1.3853018030524256,
    "synth_score": 0.05893352833460419
  }
}