{
  "id": "JVASP-60536",
  "atomic_numbers": [
    42,
    42,
    17,
    17,
    17,
    17,
    17,
    17
  ],
  "frac_coords": [
    [
      0.16667059063911438,
      0.6666634678840637,
      0.06086999177932739
    ],
    [
      0.8333301544189453,
      0.33333611488342285,
      0.0608673132956028
    ],
    [
      0.14861348271369934,
      -5.455937753140461e-06,
      0.999919593334198
    ],
    [
      0.4997195601463318,
      0.6485174894332886,
      0.12177726626396179
    ],
    [
      0.8512822389602661,
      5.923416665609693e-06,
      0.12178978323936462
    ],
    [
      0.8518987894058228,
      0.6483768224716187,
      0.9999263882637024
    ],
    [
      0.14820389449596405,
      0.35152217745780945,
      0.12178283929824829
    ],
    [
      0.5002812743186951,
      0.3515835106372833,
      0.999931812286377
    ]
  ],
  "lattice": [
    [
      -8.680128303240053e-06,
      6.265854358673096,
      0.007832000032067299
    ],
    [
      -5.426370620727539,
      3.1329352855682373,
      0.0039160000160336494
    ],
    [
      0.0,
      0.0,
      22.771684646606445
    ]
  ],
  "properties": {
    "deltaG_H": 0.004207763671875001,
    "thermo_stability": -2.0,
    "synth_score": 0.01798620996209156
  }
}