{
  "id": "JVASP-28291",
  "atomic_numbers": [
    27,
    16,
    16
  ],
  "frac_coords": [
    [
      0.6666669845581055,
      0.33333298563957214,
      0.5
    ],
    [
      0.0,
      0.0,
      0.5564520359039307
    ],
    [
      0.33333298563957214,
      0.6666669845581055,
      0.44354796409606934
    ]
  ],
  "lattice": [
    [
      3.2137539386749268,
      7.233338927825628e-10,
      0.0
    ],
    [
      -1.6068764925003052,
      2.7831926345825195,
      0.0
    ],
    [
      0.0,
      0.0,
      22.538728713989258
    ]
  ],
  "properties": {
    "deltaG_H": 0.0044046894709269205,
    "thermo_stability": -0.3224759469429652,
    "synth_score": 0.3441280164495189
  }
}