{
  "id": "JVASP-75153",
  "atomic_numbers": [
    80,
    80,
    80,
    5,
    5,
    8,
    8,
    8,
    8,
    8,
    8
  ],
  "frac_coords": [
    [
      0.38187965750694275,
      0.6181203722953796,
      0.5
    ],
    [
      0.6181203722953796,
      0.0,
      0.5
    ],
    [
      0.0,
      0.38187965750694275,
      0.5
    ],
    [
      0.6666669845581055,
      0.6666669845581055,
      0.49994078278541565
    ],
    [
      0.33333298563957214,
      0.33333298563957214,
      0.5000592470169067
    ],
    [
      0.7500928640365601,
      0.4946824014186859,
      0.49994271993637085
    ],
    [
      0.7552247047424316,
      0.7500928640365601,
      0.49994271993637085
    ],
    [
      0.4946824014186859,
      0.7552247047424316,
      0.49994271993637085
    ],
    [
      0.24990712106227875,
      0.24477528035640717,
      0.5000572800636292
    ],
    [
      0.5053175687789917,
      0.24990712106227875,
      0.5000572800636292
    ],
    [
      0.24477528035640717,
      0.5053175687789917,
      0.5000572800636292
    ]
  ],
  "lattice": [
    [
      9.258353233337402,
      0.0,
      0.0
    ],
    [
      4.629176616668701,
      8.017969131469727,
      0.0
    ],
    [
      0.0,
      0.0,
      20.70902442932129
    ]
  ],
  "properties": {
    "deltaG_H": -0.009237278645688837,
    "thermo_stability": 0.5782731205224989,
    "synth_score": 0.7607045825238573
  }
}