{
  "id": "JVASP-60597",
  "atomic_numbers": [
    73,
    73,
    46,
    34,
    34,
    34,
    34,
    34,
    34
  ],
  "frac_coords": [
    [
      0.14537344872951508,
      0.29074689745903015,
      0.06298253685235977
    ],
    [
      0.8546265363693237,
      0.7092530727386475,
      0.10168846696615219
    ],
    [
      0.5,
      0.0,
      0.08233600109815598
    ],
    [
      0.5661999583244324,
      0.13239996135234833,
      0.9997754096984863
    ],
    [
      0.6168231964111328,
      0.23364640772342682,
      0.14072512090206146
    ],
    [
      0.7335833311080933,
      0.46716564893722534,
      0.02438095398247242
    ],
    [
      0.26641666889190674,
      0.5328343510627747,
      0.1402900516986847
    ],
    [
      0.43380001187324524,
      0.8676000237464905,
      0.16489557921886444
    ],
    [
      0.3831768035888672,
      0.7663536071777344,
      0.02394688129425049
    ]
  ],
  "lattice": [
    [
      -3.400333881378174,
      0.0,
      0.0
    ],
    [
      1.700166940689087,
      -9.472159385681152,
      -1.2294039726257324
    ],
    [
      0.0,
      0.0,
      23.942663192749023
    ]
  ],
  "properties": {
    "deltaG_H": -0.008325262864430747,
    "thermo_stability": -2.0,
    "synth_score": 0.01798620996209156
  }
}