{
  "id": "JVASP-77706",
  "atomic_numbers": [
    47,
    47,
    16,
    8,
    8,
    8,
    8
  ],
  "frac_coords": [
    [
      0.5,
      0.5,
      0.5368766784667969
    ],
    [
      0.0,
      0.5,
      0.4631233513355255
    ],
    [
      0.0,
      0.0,
      0.5
    ],
    [
      0.1031777486205101,
      0.8550663590431213,
      0.45925530791282654
    ],
    [
      0.24811041355133057,
      0.14493367075920105,
      0.5407447218894958
    ],
    [
      0.7518905997276306,
      0.8550663590431213,
      0.5407447218894958
    ],
    [
      0.8968222737312317,
      0.14493367075920105,
      0.45925530791282654
    ]
  ],
  "lattice": [
    [
      4.8598952293396,
      0.0,
      0.0
    ],
    [
      -2.4299476146698,
      5.769392490386963,
      0.0
    ],
    [
      0.0,
      0.0,
      21.76230812072754
    ]
  ],
  "properties": {
    "deltaG_H": -0.009727419189044406,
    "thermo_stability": -0.24714425901571913,
    "synth_score": 0.37888382404704213
  }
}