{
  "id": "JVASP-6778",
  "atomic_numbers": [
    5,
    5,
    5,
    5,
    5,
    5,
    5,
    5,
    15,
    15,
    15,
    15,
    17,
    17,
    17,
    17,
    17,
    17,
    17,
    17
  ],
  "frac_coords": [
    [
      0.8800622224807739,
      0.35611671209335327,
      0.08505672961473465
    ],
    [
      0.11993777006864548,
      0.8561167120933533,
      0.08505672961473465
    ],
    [
      0.8865369558334351,
      0.771609365940094,
      0.09437857568264008
    ],
    [
      0.11346304416656494,
      0.2716093957424164,
      0.09437857568264008
    ],
    [
      0.8936941623687744,
      0.27719905972480774,
      0.13725882768630981
    ],
    [
      0.1063058078289032,
      0.7771990895271301,
      0.13725882768630981
    ],
    [
      0.08880127221345901,
      0.9197946786880493,
      0.14330720901489258
    ],
    [
      0.9111987352371216,
      0.4197947084903717,
      0.14330720901489258
    ],
    [
      0.8085610270500183,
      0.8326644897460938,
      0.16279307007789612
    ],
    [
      0.1914389729499817,
      0.33266448974609375,
      0.16279307007789612
    ],
    [
      0.8312853574752808,
      0.9397844672203064,
      0.09450095891952515
    ],
    [
      0.16871467232704163,
      0.4397844970226288,
      0.09450095891952515
    ],
    [
      0.6901949644088745,
      0.36858808994293213,
      0.03559717908501625
    ],
    [
      0.3098050057888031,
      0.8685880899429321,
      0.03559717908501625
    ],
    [
      0.7594771385192871,
      0.6670576930046082,
      0.059246379882097244
    ],
    [
      0.2405228614807129,
      0.16705770790576935,
      0.059246379882097244
    ],
    [
      0.7158262729644775,
      0.17881989479064941,
      0.16465409100055695
    ],
    [
      0.28417372703552246,
      0.6788198947906494,
      0.16465409100055695
    ],
    [
      0.7586683630943298,
      0.515770435333252,
      0.17873398959636688
    ],
    [
      0.24133160710334778,
      0.01577041856944561,
      0.17873398959636688
    ]
  ],
  "lattice": [
    [
      5.96178674697876,
      0.0,
      0.0
    ],
    [
      0.0,
      12.093711853027344,
      0.0
    ],
    [
      0.0,
      0.0,
      26.834413528442383
    ]
  ],
  "properties": {
    "deltaG_H": 0.004477059209346772,
    "thermo_stability": -0.9952101031939189,
    "synth_score": 0.12021241376348551
  }
}