{
  "id": "JVASP-5953",
  "atomic_numbers": [
    52,
    52,
    77
  ],
  "frac_coords": [
    [
      0.429639995098114,
      0.46922001242637634,
      0.16665786504745483
    ],
    [
      0.7629740238189697,
      0.13588599860668182,
      0.05036013573408127
    ],
    [
      0.09630700200796127,
      0.8025529980659485,
      0.10850899666547775
    ]
  ],
  "lattice": [
    [
      3.8702824115753174,
      -1.6978482619833812e-08,
      0.0
    ],
    [
      -1.9351407289505005,
      3.351762056350708,
      0.0
    ],
    [
      0.0,
      0.0,
      25.5433406829834
    ]
  ],
  "properties": {
    "deltaG_H": 0.013003288755814236,
    "thermo_stability": -0.3790369798739752,
    "synth_score": 0.3190645763798565
  }
}