{
  "id": "JVASP-8990",
  "atomic_numbers": [
    81,
    81,
    83,
    34,
    34
  ],
  "frac_coords": [
    [
      0.6666640639305115,
      0.3333359360694885,
      0.2501750886440277
    ],
    [
      0.3333359360694885,
      0.6666640639305115,
      0.5160108804702759
    ],
    [
      0.0,
      0.0,
      0.383092999458313
    ],
    [
      0.33332735300064087,
      0.6666726469993591,
      0.3186805844306946
    ],
    [
      0.6666726469993591,
      0.33332735300064087,
      0.4475054144859314
    ]
  ],
  "lattice": [
    [
      4.025686264038086,
      3.472588286967948e-05,
      0.0
    ],
    [
      -2.012813091278076,
      3.4863638877868652,
      0.0
    ],
    [
      0.0,
      0.0,
      29.93829917907715
    ]
  ],
  "properties": {
    "deltaG_H": 0.0224836843252182,
    "thermo_stability": -2.0,
    "synth_score": 0.01798620996209156
  }
}