{
  "id": "JVASP-60470",
  "atomic_numbers": [
    40,
    40,
    53,
    53,
    53,
    53
  ],
  "frac_coords": [
    [
      0.5,
      0.11543534696102142,
      0.08829697966575623
    ],
    [
      0.0,
      0.4917047321796417,
      0.09244750440120697
    ],
    [
      0.0,
      0.8823570013046265,
      0.1578892022371292
    ],
    [
      0.0,
      0.22222526371479034,
      -4.630965122487396e-05
    ],
    [
      0.5,
      0.7247855067253113,
      0.02285935916006565
    ],
    [
      0.5,
      0.3849141299724579,
      0.18079227209091187
    ]
  ],
  "lattice": [
    [
      3.76295804977417,
      0.0,
      0.0
    ],
    [
      0.0,
      6.8760223388671875,
      0.0
    ],
    [
      0.0,
      0.0,
      24.412572860717773
    ]
  ],
  "properties": {
    "deltaG_H": 0.026469175020853677,
    "thermo_stability": -1.3846203108628594,
    "synth_score": 0.05900916540804789
  }
}