{
  "id": "JVASP-27978",
  "atomic_numbers": [
    25,
    8,
    8
  ],
  "frac_coords": [
    [
      0.6666669845581055,
      0.33333298563957214,
      0.5
    ],
    [
      0.33333298563957214,
      0.6666669845581055,
      0.5435931086540222
    ],
    [
      0.0,
      0.0,
      0.45640692114830017
    ]
  ],
  "lattice": [
    [
      2.874892234802246,
      0.0,
      0.0
    ],
    [
      -1.437446117401123,
      2.489729881286621,
      0.0
    ],
    [
      0.0,
      0.0,
      21.91608428955078
    ]
  ],
  "properties": {
    "deltaG_H": -0.001774234970410664,
    "thermo_stability": 0.10615545809268945,
    "synth_score": 0.5528792463656839
  }
}