{
  "id": "JVASP-6181",
  "atomic_numbers": [
    22,
    22,
    7,
    7,
    17,
    17
  ],
  "frac_coords": [
    [
      0.2826809883117676,
      0.05913100019097328,
      0.1753796488046646
    ],
    [
      0.7826809883117676,
      0.5591310262680054,
      0.12045636028051376
    ],
    [
      0.2826809883117676,
      0.5591310262680054,
      0.16130945086479187
    ],
    [
      0.7826809883117676,
      0.05913100019097328,
      0.1345265507698059
    ],
    [
      0.7826809883117676,
      0.05913100019097328,
      0.24003325402736664
    ],
    [
      0.2826809883117676,
      0.5591310262680054,
      0.055803753435611725
    ]
  ],
  "lattice": [
    [
      3.2712833881378174,
      0.0,
      0.0
    ],
    [
      0.0,
      3.9490745067596436,
      0.0
    ],
    [
      0.0,
      0.0,
      28.40248680114746
    ]
  ],
  "properties": {
    "deltaG_H": 0.0037570379575093582,
    "thermo_stability": -1.3954915523529055,
    "synth_score": 0.057813381300454485
  }
}