{
  "id": "JVASP-8942",
  "atomic_numbers": [
    11,
    11,
    46,
    46,
    46,
    8,
    8,
    8,
    8
  ],
  "frac_coords": [
    [
      0.5,
      0.0,
      0.15256156027317047
    ],
    [
      0.5,
      0.0,
      0.3366604447364807
    ],
    [
      0.5,
      0.5,
      0.29780369997024536
    ],
    [
      0.5,
      0.5,
      0.1914193034172058
    ],
    [
      0.0,
      0.0,
      0.244610995054245
    ],
    [
      0.0,
      0.2526969015598297,
      0.3008929491043091
    ],
    [
      0.0,
      0.7473030686378479,
      0.1883300542831421
    ],
    [
      0.0,
      0.2526969015598297,
      0.1883300542831421
    ],
    [
      0.0,
      0.7473030686378479,
      0.3008929491043091
    ]
  ],
  "lattice": [
    [
      3.0831522941589355,
      0.0,
      0.0
    ],
    [
      0.0,
      5.481996536254883,
      0.0
    ],
    [
      0.0,
      0.0,
      27.40920066833496
    ]
  ],
  "properties": {
    "deltaG_H": 0.00018881099091635654,
    "thermo_stability": -1.4906429419914886,
    "synth_score": 0.04827851098203428
  }
}