{
  "id": "JVASP-6982",
  "atomic_numbers": [
    21,
    14,
    14,
    14,
    14
  ],
  "frac_coords": [
    [
      0.0,
      0.0,
      0.13246700167655945
    ],
    [
      0.6666669845581055,
      0.33333298563957214,
      0.05893883481621742
    ],
    [
      0.33333298563957214,
      0.6666669845581055,
      0.05893883481621742
    ],
    [
      0.6666669845581055,
      0.33333298563957214,
      0.2059941589832306
    ],
    [
      0.33333298563957214,
      0.6666669845581055,
      0.2059941589832306
    ]
  ],
  "lattice": [
    [
      3.9381957054138184,
      1.597511456452594e-08,
      0.0
    ],
    [
      -1.9690983295440674,
      3.4105780124664307,
      0.0
    ],
    [
      0.0,
      0.0,
      27.208415985107422
    ]
  ],
  "properties": {
    "deltaG_H": 0.009533355951309205,
    "thermo_stability": -0.7731452256441116,
    "synth_score": 0.17562268816501614
  }
}