{
  "id": "JVASP-75072",
  "atomic_numbers": [
    28,
    28,
    52,
    52
  ],
  "frac_coords": [
    [
      0.6666669845581055,
      0.33333298563957214,
      0.885919988155365
    ],
    [
      0.33333298563957214,
      0.6666669845581055,
      0.8341270089149475
    ],
    [
      0.0,
      0.0,
      0.9438714385032654
    ],
    [
      0.0,
      0.0,
      0.7761755585670471
    ]
  ],
  "lattice": [
    [
      3.7771947383880615,
      0.0,
      0.0
    ],
    [
      -1.8885973691940308,
      3.2711470127105713,
      0.0
    ],
    [
      0.0,
      0.0,
      21.58887481689453
    ]
  ],
  "properties": {
    "deltaG_H": 0.005660436153411866,
    "thermo_stability": -1.2588207344214122,
    "synth_score": 0.0746306641940488
  }
}