{
  "id": "JVASP-76387",
  "atomic_numbers": [
    58,
    58,
    14,
    14,
    53,
    53
  ],
  "frac_coords": [
    [
      0.0,
      0.0,
      0.07671160250902176
    ],
    [
      0.0,
      0.0,
      0.2139453887939453
    ],
    [
      0.6666659712791443,
      0.3333339989185333,
      0.1470772922039032
    ],
    [
      0.3333339989185333,
      0.6666659712791443,
      0.14357970654964447
    ],
    [
      0.3333339989185333,
      0.6666659712791443,
      0.2904545068740845
    ],
    [
      0.6666659712791443,
      0.3333339989185333,
      0.00020249103545211256
    ]
  ],
  "lattice": [
    [
      2.0778348445892334,
      -3.5989155769348145,
      0.0
    ],
    [
      2.0778348445892334,
      3.5989155769348145,
      0.0
    ],
    [
      0.0,
      0.0,
      28.195119857788086
    ]
  ],
  "properties": {
    "deltaG_H": 0.010554153521855673,
    "thermo_stability": -2.0,
    "synth_score": 0.01798620996209156
  }
}