{
  "id": "JVASP-31418",
  "atomic_numbers": [
    51,
    51,
    33,
    33,
    8,
    8,
    8,
    8,
    8,
    8,
    8,
    8
  ],
  "frac_coords": [
    [
      0.3020268976688385,
      0.6484609842300415,
      0.18629807233810425
    ],
    [
      0.7409691214561462,
      0.1484600007534027,
      0.057840924710035324
    ],
    [
      0.2261505275964737,
      0.1484600007534027,
      0.14910395443439484
    ],
    [
      0.8168475031852722,
      0.6484609842300415,
      0.09503503888845444
    ],
    [
      0.865427553653717,
      0.1484600007534027,
      0.13400566577911377
    ],
    [
      0.7020730972290039,
      0.6484609842300415,
      0.15993840992450714
    ],
    [
      0.31099915504455566,
      0.9534860849380493,
      0.1841782033443451
    ],
    [
      0.31099915504455566,
      0.3434338867664337,
      0.1841782033443451
    ],
    [
      0.7319968342781067,
      0.4534861147403717,
      0.059960801154375076
    ],
    [
      0.7319968342781067,
      0.8434339165687561,
      0.059960801154375076
    ],
    [
      0.34092289209365845,
      0.1484600007534027,
      0.08420059829950333
    ],
    [
      0.1775694638490677,
      0.6484609842300415,
      0.11013233661651611
    ]
  ],
  "lattice": [
    [
      4.763541221618652,
      0.0,
      0.0
    ],
    [
      0.0,
      7.091316223144531,
      0.0
    ],
    [
      -0.6037224531173706,
      0.0,
      25.63081169128418
    ]
  ],
  "properties": {
    "deltaG_H": -0.0030410489042599995,
    "thermo_stability": -0.5403708835442862,
    "synth_score": 0.25336566979487307
  }
}