{
  "id": "JVASP-6208",
  "atomic_numbers": [
    38,
    38,
    1,
    1,
    53,
    53
  ],
  "frac_coords": [
    [
      0.5970630049705505,
      0.09706299751996994,
      0.20533467829227448
    ],
    [
      0.09706299751996994,
      0.5970630049705505,
      0.1142493188381195
    ],
    [
      0.09706299751996994,
      0.09706299751996994,
      0.1597920060157776
    ],
    [
      0.5970630049705505,
      0.5970630049705505,
      0.1597920060157776
    ],
    [
      0.09706299751996994,
      0.5970630049705505,
      0.25916677713394165
    ],
    [
      0.5970630049705505,
      0.09706299751996994,
      0.06041821464896202
    ]
  ],
  "lattice": [
    [
      4.238168239593506,
      0.0,
      0.0
    ],
    [
      0.0,
      4.238168239593506,
      0.0
    ],
    [
      0.0,
      0.0,
      29.393789291381836
    ]
  ],
  "properties": {
    "deltaG_H": 0.019488429029782615,
    "thermo_stability": -1.6374759793281557,
    "synth_score": 0.03644055224160323
  }
}