{
  "id": "JVASP-652",
  "atomic_numbers": [
    74,
    34,
    34
  ],
  "frac_coords": [
    [
      0.6666669845581055,
      0.33333298563957214,
      0.10742399841547012
    ],
    [
      0.33333298563957214,
      0.6666669845581055,
      0.05945843830704689
    ],
    [
      0.33333298563957214,
      0.6666669845581055,
      0.15538856387138367
    ]
  ],
  "lattice": [
    [
      1.6621391773223877,
      -2.878908395767212,
      0.0
    ],
    [
      1.6621391773223877,
      2.878908395767212,
      0.0
    ],
    [
      0.0,
      0.0,
      35.06895065307617
    ]
  ],
  "properties": {
    "deltaG_H": 0.010789109269777934,
    "thermo_stability": 0.34807908112804087,
    "synth_score": 0.6673354375954913
  }
}