{
  "id": "JVASP-60261",
  "atomic_numbers": [
    29,
    35
  ],
  "frac_coords": [
    [
      0.0,
      0.0,
      0.0
    ],
    [
      0.6666659712791443,
      0.3333339989185333,
      0.0
    ]
  ],
  "lattice": [
    [
      2.057718276977539,
      -3.5640735626220703,
      0.0
    ],
    [
      2.057718276977539,
      3.5640735626220703,
      0.0
    ],
    [
      0.0,
      0.0,
      20.0
    ]
  ],
  "properties": {
    "deltaG_H": 0.01502107620239258,
    "thermo_stability": 0.6055561184883118,
    "synth_score": 0.7704956873975733
  }
}