{
  "id": "JVASP-75154",
  "atomic_numbers": [
    41,
    41,
    15,
    15,
    8,
    8,
    8,
    8,
    8,
    8,
    8,
    8,
    8,
    8
  ],
  "frac_coords": [
    [
      0.5,
      0.0,
      0.5538079142570496
    ],
    [
      0.0,
      0.5,
      0.44619208574295044
    ],
    [
      0.0,
      0.0,
      0.5
    ],
    [
      0.5,
      0.5,
      0.5
    ],
    [
      0.0,
      0.19415909051895142,
      0.46535125374794006
    ],
    [
      0.0,
      0.8058409094810486,
      0.46535125374794006
    ],
    [
      0.0,
      0.5,
      0.37960144877433777
    ],
    [
      0.5,
      0.0,
      0.6203985810279846
    ],
    [
      0.3058409094810486,
      0.5,
      0.46535125374794006
    ],
    [
      0.6941590905189514,
      0.5,
      0.46535125374794006
    ],
    [
      0.8058409094810486,
      0.0,
      0.5346487164497375
    ],
    [
      0.5,
      0.6941590905189514,
      0.5346487164497375
    ],
    [
      0.5,
      0.3058409094810486,
      0.5346487164497375
    ],
    [
      0.19415909051895142,
      0.0,
      0.5346487164497375
    ]
  ],
  "lattice": [
    [
      6.419469833374023,
      0.0,
      0.0
    ],
    [
      0.0,
      6.419469833374023,
      0.0
    ],
    [
      0.0,
      0.0,
      25.895835876464844
    ]
  ],
  "properties": {
    "deltaG_H": -0.01024346060412271,
    "thermo_stability": -2.0,
    "synth_score": 0.01798620996209156
  }
}