{
  "id": "JVASP-14433",
  "atomic_numbers": [
    40,
    40,
    40,
    40,
    1,
    1,
    35,
    35,
    35,
    35
  ],
  "frac_coords": [
    [
      0.4490169584751129,
      0.5,
      0.13333430886268616
    ],
    [
      0.9480717778205872,
      0.0,
      0.13447760045528412
    ],
    [
      0.041298218071460724,
      0.5,
      0.22509939968585968
    ],
    [
      0.5403530597686768,
      0.0,
      0.22624167799949646
    ],
    [
      0.6155304908752441,
      0.0,
      0.15635670721530914
    ],
    [
      0.37383949756622314,
      0.5,
      0.20321929454803467
    ],
    [
      0.7282194495201111,
      0.5,
      0.06568949669599533
    ],
    [
      0.22921642661094666,
      0.0,
      0.0675058364868164
    ],
    [
      0.760153591632843,
      0.5,
      0.2920711636543274
    ],
    [
      0.2611505389213562,
      0.0,
      0.2938865125179291
    ]
  ],
  "lattice": [
    [
      5.944238185882568,
      0.0,
      0.0
    ],
    [
      0.0,
      3.5517122745513916,
      0.0
    ],
    [
      -4.744604587554932,
      0.0,
      28.0
    ]
  ],
  "properties": {
    "deltaG_H": 0.005123476862907409,
    "thermo_stability": -2.0,
    "synth_score": 0.01798620996209156
  }
}