{
  "id": "JVASP-75135",
  "atomic_numbers": [
    3,
    79,
    53,
    53,
    53,
    53
  ],
  "frac_coords": [
    [
      0.5,
      0.5,
      0.5
    ],
    [
      0.0,
      0.0,
      0.5
    ],
    [
      0.9973745942115784,
      0.30689162015914917,
      0.5657476186752319
    ],
    [
      0.0026253906544297934,
      0.6931083798408508,
      0.43425238132476807
    ],
    [
      0.35420748591423035,
      0.8057959079742432,
      0.5765686631202698
    ],
    [
      0.6457924842834473,
      0.19420410692691803,
      0.42343130707740784
    ]
  ],
  "lattice": [
    [
      4.331461429595947,
      0.20871566236019135,
      0.0
    ],
    [
      0.33591213822364807,
      7.106662750244141,
      0.0
    ],
    [
      0.0,
      0.0,
      23.69129180908203
    ]
  ],
  "properties": {
    "deltaG_H": 0.024600809613863628,
    "thermo_stability": -1.2652429362138111,
    "synth_score": 0.07374844996896433
  }
}