{
  "id": "JVASP-76341",
  "atomic_numbers": [
    13,
    46,
    46,
    46,
    46,
    46,
    53,
    53
  ],
  "frac_coords": [
    [
      0.5,
      0.5,
      0.13327699899673462
    ],
    [
      0.0,
      0.5,
      0.19821862876415253
    ],
    [
      0.5,
      0.0,
      0.19821862876415253
    ],
    [
      0.5,
      0.0,
      0.06833536922931671
    ],
    [
      0.0,
      0.5,
      0.06833536922931671
    ],
    [
      0.0,
      0.0,
      0.13327699899673462
    ],
    [
      0.0,
      0.0,
      0.26867344975471497
    ],
    [
      0.0,
      0.0,
      -0.0021194638684391975
    ]
  ],
  "lattice": [
    [
      4.063806056976318,
      0.0,
      0.0
    ],
    [
      0.0,
      4.063806056976318,
      0.0
    ],
    [
      0.0,
      0.0,
      27.26854133605957
    ]
  ],
  "properties": {
    "deltaG_H": 0.011614938974380491,
    "thermo_stability": -2.0,
    "synth_score": 0.01798620996209156
  }
}