{
  "id": "JVASP-60385",
  "atomic_numbers": [
    82,
    53,
    53
  ],
  "frac_coords": [
    [
      1.1554766388144344e-06,
      -9.623031473893207e-07,
      0.920978307723999
    ],
    [
      0.6666647791862488,
      0.33333465456962585,
      0.001224328065291047
    ],
    [
      0.3333340883255005,
      0.6666662693023682,
      0.8406563997268677
    ]
  ],
  "lattice": [
    [
      -4.567214012145996,
      4.426111445354763e-06,
      0.0
    ],
    [
      2.2836031913757324,
      3.9553184509277344,
      0.0
    ],
    [
      0.0,
      0.0,
      -23.755619049072266
    ]
  ],
  "properties": {
    "deltaG_H": 0.02334754745165507,
    "thermo_stability": -2.0,
    "synth_score": 0.01798620996209156
  }
}