{
  "id": "JVASP-13564",
  "atomic_numbers": [
    81,
    51,
    34,
    34,
    34,
    34
  ],
  "frac_coords": [
    [
      0.0,
      0.5,
      0.26100900769233704
    ],
    [
      0.5,
      0.0,
      0.26100900769233704
    ],
    [
      0.5,
      0.5,
      0.10987848788499832
    ],
    [
      0.5,
      0.5,
      0.41213852167129517
    ],
    [
      0.0,
      0.5,
      0.3714756667613983
    ],
    [
      0.0,
      0.5,
      0.15054132044315338
    ]
  ],
  "lattice": [
    [
      4.239978790283203,
      0.0,
      0.0
    ],
    [
      0.0,
      4.118778705596924,
      0.0
    ],
    [
      0.0,
      0.0,
      29.28974723815918
    ]
  ],
  "properties": {
    "deltaG_H": 0.008754154364267986,
    "thermo_stability": -2.0,
    "synth_score": 0.01798620996209156
  }
}