{
  "id": "JVASP-76390",
  "atomic_numbers": [
    92,
    6,
    8,
    8,
    8,
    8,
    8
  ],
  "frac_coords": [
    [
      0.9934325814247131,
      0.0,
      0.07587800174951553
    ],
    [
      0.3794606328010559,
      0.5,
      0.07587800174951553
    ],
    [
      0.9990160465240479,
      0.0,
      0.9999726414680481
    ],
    [
      0.07842788845300674,
      0.5,
      0.07587800174951553
    ],
    [
      0.9990160465240479,
      0.0,
      0.15178436040878296
    ],
    [
      0.5099743604660034,
      0.2647198438644409,
      0.07587800174951553
    ],
    [
      0.5099743604660034,
      0.7352801561355591,
      0.07587800174951553
    ]
  ],
  "lattice": [
    [
      4.32388973236084,
      0.0,
      0.0
    ],
    [
      0.0,
      4.887688636779785,
      0.0
    ],
    [
      0.0,
      0.0,
      23.578147888183594
    ]
  ],
  "properties": {
    "deltaG_H": -0.028576575858252393,
    "thermo_stability": -2.0,
    "synth_score": 0.01798620996209156
  }
}