{
  "id": "JVASP-13551",
  "atomic_numbers": [
    72,
    72,
    16,
    16,
    16,
    16,
    16,
    16
  ],
  "frac_coords": [
    [
      0.7167801856994629,
      0.25,
      0.11644334346055984
    ],
    [
      0.2832198143005371,
      0.75,
      0.21029265224933624
    ],
    [
      0.8838023543357849,
      0.75,
      0.06357353180646896
    ],
    [
      0.4749128520488739,
      0.75,
      0.0635712668299675
    ],
    [
      0.23855267465114594,
      0.25,
      0.1471932828426361
    ],
    [
      0.7614473104476929,
      0.75,
      0.17954272031784058
    ],
    [
      0.5250871777534485,
      0.25,
      0.2631647288799286
    ],
    [
      0.11619763821363449,
      0.25,
      0.2631624639034271
    ]
  ],
  "lattice": [
    [
      5.088242530822754,
      0.0,
      -0.6264830231666565
    ],
    [
      0.0,
      3.600862741470337,
      0.0
    ],
    [
      0.0,
      0.0,
      29.70602798461914
    ]
  ],
  "properties": {
    "deltaG_H": 0.00043275535106659,
    "thermo_stability": -1.668160003423691,
    "synth_score": 0.03434600071601363
  }
}