{
  "id": "JVASP-78041",
  "atomic_numbers": [
    65,
    65,
    1,
    1,
    8,
    8,
    8,
    8
  ],
  "frac_coords": [
    [
      0.749959409236908,
      0.75,
      0.4605506360530853
    ],
    [
      0.25004056096076965,
      0.25,
      0.5394493341445923
    ],
    [
      0.24983496963977814,
      0.75,
      0.37305331230163574
    ],
    [
      0.7501650452613831,
      0.25,
      0.6269466876983643
    ],
    [
      0.25001224875450134,
      0.75,
      0.5122653841972351
    ],
    [
      0.749987781047821,
      0.25,
      0.4877346158027649
    ],
    [
      0.2499062865972519,
      0.75,
      0.4079117774963379
    ],
    [
      0.7500936985015869,
      0.25,
      0.5920882225036621
    ]
  ],
  "lattice": [
    [
      3.6152851581573486,
      0.0,
      -0.00023200000578071922
    ],
    [
      0.0,
      4.248393535614014,
      0.0
    ],
    [
      -0.001682950765825808,
      0.0,
      27.82017707824707
    ]
  ],
  "properties": {
    "deltaG_H": -0.021932493448257446,
    "thermo_stability": -2.0,
    "synth_score": 0.01798620996209156
  }
}