{
  "id": "JVASP-27872",
  "atomic_numbers": [
    67,
    67,
    6
  ],
  "frac_coords": [
    [
      0.0,
      0.0,
      0.440067857503891
    ],
    [
      0.33333298563957214,
      0.6666669845581055,
      0.5599321126937866
    ],
    [
      0.6666669845581055,
      0.33333298563957214,
      0.5
    ]
  ],
  "lattice": [
    [
      3.4834787845611572,
      -1.48181618087051e-08,
      0.0
    ],
    [
      -1.7417389154434204,
      3.0167808532714844,
      0.0
    ],
    [
      0.0,
      0.0,
      22.68031120300293
    ]
  ],
  "properties": {
    "deltaG_H": 0.0061516851186752325,
    "thermo_stability": -0.43847900331020373,
    "synth_score": 0.29380855103802267
  }
}