{
  "id": "JVASP-75426",
  "atomic_numbers": [
    38,
    38,
    38,
    38,
    25,
    25,
    16,
    16,
    8,
    8,
    8,
    8,
    8,
    8
  ],
  "frac_coords": [
    [
      0.5,
      0.0,
      0.6566540002822876
    ],
    [
      0.0,
      0.5,
      0.3433459997177124
    ],
    [
      0.5,
      0.0,
      0.5430156588554382
    ],
    [
      0.0,
      0.5,
      0.45698437094688416
    ],
    [
      0.0,
      0.5,
      0.5977181792259216
    ],
    [
      0.5,
      0.0,
      0.40228182077407837
    ],
    [
      0.0,
      0.5,
      0.678029477596283
    ],
    [
      0.5,
      0.0,
      0.32197055220603943
    ],
    [
      0.0,
      0.0,
      0.5991460680961609
    ],
    [
      0.5,
      0.5,
      0.5991460680961609
    ],
    [
      0.5,
      0.5,
      0.4008539319038391
    ],
    [
      0.0,
      0.0,
      0.4008539319038391
    ],
    [
      0.0,
      0.5,
      0.5365414023399353
    ],
    [
      0.5,
      0.0,
      0.4634585976600647
    ]
  ],
  "lattice": [
    [
      3.934471607208252,
      0.0,
      0.0
    ],
    [
      0.0,
      3.934471607208252,
      0.0
    ],
    [
      0.0,
      0.0,
      31.173973083496094
    ]
  ],
  "properties": {
    "deltaG_H": -0.003978714346885682,
    "thermo_stability": -2.0,
    "synth_score": 0.01798620996209156
  }
}