{
  "id": "JVASP-60495",
  "atomic_numbers": [
    40,
    40,
    53,
    53,
    7,
    7
  ],
  "frac_coords": [
    [
      0.0,
      0.0,
      0.24810928106307983
    ],
    [
      0.6666659712791443,
      0.3333339989185333,
      0.1531517207622528
    ],
    [
      0.3333339989185333,
      0.6666659712791443,
      0.07131890952587128
    ],
    [
      0.3333339989185333,
      0.6666659712791443,
      0.32994410395622253
    ],
    [
      0.0,
      0.0,
      0.16811664402484894
    ],
    [
      0.6666659712791443,
      0.3333339989185333,
      0.23314735293388367
    ]
  ],
  "lattice": [
    [
      1.8697490692138672,
      -3.2385001182556152,
      0.0
    ],
    [
      1.8697490692138672,
      3.2385001182556152,
      0.0
    ],
    [
      0.0,
      0.0,
      27.00562858581543
    ]
  ],
  "properties": {
    "deltaG_H": 0.005365856726964316,
    "thermo_stability": -2.0,
    "synth_score": 0.01798620996209156
  }
}