{
  "id": "JVASP-14431",
  "atomic_numbers": [
    25,
    25,
    34,
    34
  ],
  "frac_coords": [
    [
      0.8643590211868286,
      0.8643590211868286,
      0.11899500340223312
    ],
    [
      0.3643589913845062,
      0.3643589913845062,
      0.11899500340223312
    ],
    [
      0.8643590211868286,
      0.3643589913845062,
      0.1789361536502838
    ],
    [
      0.3643589913845062,
      0.8643590211868286,
      0.05905384197831154
    ]
  ],
  "lattice": [
    [
      3.5767712593078613,
      0.0,
      0.0
    ],
    [
      0.0,
      3.5767712593078613,
      0.0
    ],
    [
      0.0,
      0.0,
      26.246355056762695
    ]
  ],
  "properties": {
    "deltaG_H": 0.005240140557289124,
    "thermo_stability": -0.32303866446018237,
    "synth_score": 0.3438740459244817
  }
}