{
  "id": "JVASP-13509",
  "atomic_numbers": [
    51,
    51,
    52,
    34,
    34
  ],
  "frac_coords": [
    [
      0.33333104848861694,
      0.6666689515113831,
      0.26496320962905884
    ],
    [
      -8.31323632155545e-06,
      8.31323632155545e-06,
      0.4017176628112793
    ],
    [
      0.6666552424430847,
      0.3333447575569153,
      0.3333333730697632
    ],
    [
      -6.094016953284154e-06,
      6.094016953284154e-06,
      0.21572229266166687
    ],
    [
      0.33332812786102295,
      0.666671872138977,
      0.45096343755722046
    ]
  ],
  "lattice": [
    [
      4.144407749176025,
      -1.7069751834242197e-08,
      0.0
    ],
    [
      -2.0722038745880127,
      3.5891621112823486,
      0.0
    ],
    [
      0.0,
      0.0,
      30.717500686645508
    ]
  ],
  "properties": {
    "deltaG_H": 0.017710839676856993,
    "thermo_stability": -2.0,
    "synth_score": 0.01798620996209156
  }
}