{
  "id": "JVASP-77602",
  "atomic_numbers": [
    13,
    13,
    76
  ],
  "frac_coords": [
    [
      0.5,
      0.5,
      0.5625872015953064
    ],
    [
      0.5,
      0.5,
      0.437412828207016
    ],
    [
      0.0,
      0.0,
      0.5
    ]
  ],
  "lattice": [
    [
      3.0128378868103027,
      0.0,
      0.0
    ],
    [
      0.0,
      3.0128378868103027,
      0.0
    ],
    [
      0.0,
      0.0,
      22.69695472717285
    ]
  ],
  "properties": {
    "deltaG_H": 0.01370793640613556,
    "thermo_stability": -0.3417951161662738,
    "synth_score": 0.33546047157422626
  }
}