{
  "id": "JVASP-20026",
  "atomic_numbers": [
    37,
    37,
    35,
    35,
    9,
    9,
    9,
    9,
    9,
    9,
    9,
    9
  ],
  "frac_coords": [
    [
      0.0,
      0.0,
      0.21294400095939636
    ],
    [
      0.5,
      0.5,
      0.21294400095939636
    ],
    [
      0.0,
      0.5,
      0.21294400095939636
    ],
    [
      0.5,
      0.0,
      0.21294400095939636
    ],
    [
      0.6428825855255127,
      0.1428825855255127,
      0.16257111728191376
    ],
    [
      0.3571174144744873,
      0.8571174144744873,
      0.16257111728191376
    ],
    [
      0.1428825855255127,
      0.3571174144744873,
      0.16257111728191376
    ],
    [
      0.8571174144744873,
      0.6428825855255127,
      0.16257111728191376
    ],
    [
      0.6428825855255127,
      0.1428825855255127,
      0.26331689953804016
    ],
    [
      0.3571174144744873,
      0.8571174144744873,
      0.26331689953804016
    ],
    [
      0.1428825855255127,
      0.3571174144744873,
      0.26331689953804016
    ],
    [
      0.8571174144744873,
      0.6428825855255127,
      0.26331689953804016
    ]
  ],
  "lattice": [
    [
      7.044177055358887,
      0.0,
      0.0
    ],
    [
      0.0,
      7.044177055358887,
      0.0
    ],
    [
      0.0,
      0.0,
      26.127300262451172
    ]
  ],
  "properties": {
    "deltaG_H": 0.015090490480264028,
    "thermo_stability": -0.21947954297065753,
    "synth_score": 0.39198902616765124
  }
}