{
  "id": "JVASP-31379",
  "atomic_numbers": [
    27,
    27,
    8,
    8,
    8,
    8
  ],
  "frac_coords": [
    [
      0.9397159814834595,
      0.7994189858436584,
      0.2253900021314621
    ],
    [
      0.43971601128578186,
      0.29941898584365845,
      0.2253900021314621
    ],
    [
      0.28104713559150696,
      0.7994189858436584,
      0.2622917890548706
    ],
    [
      0.7810471057891846,
      0.29941898584365845,
      0.2622917890548706
    ],
    [
      0.09838486462831497,
      0.29941898584365845,
      0.1884872168302536
    ],
    [
      0.5983848571777344,
      0.7994189858436584,
      0.1884872168302536
    ]
  ],
  "lattice": [
    [
      4.882604122161865,
      0.0,
      0.0
    ],
    [
      0.0,
      2.8194544315338135,
      0.0
    ],
    [
      -1.0563867092132568,
      0.0,
      25.28403091430664
    ]
  ],
  "properties": {
    "deltaG_H": -0.0022880934675534557,
    "thermo_stability": 0.3476747949918111,
    "synth_score": 0.6671559111991501
  }
}