{
  "id": "JVASP-77598",
  "atomic_numbers": [
    52,
    82
  ],
  "frac_coords": [
    [
      0.3333291709423065,
      0.6666693091392517,
      0.4606316089630127
    ],
    [
      0.9999858140945435,
      0.999960720539093,
      0.5402953624725342
    ]
  ],
  "lattice": [
    [
      4.278732776641846,
      -1.9969271306763403e-05,
      0.0
    ],
    [
      -2.1393837928771973,
      3.705448865890503,
      0.0001289999927394092
    ],
    [
      -3.801247316914669e-09,
      0.0008139782003127038,
      21.529287338256836
    ]
  ],
  "properties": {
    "deltaG_H": 0.02605264663696289,
    "thermo_stability": 0.2778780043125152,
    "synth_score": 0.6354699950478585
  }
}