{
  "id": "JVASP-13539",
  "atomic_numbers": [
    51
  ],
  "frac_coords": [
    [
      0.33333298563957214,
      0.6666669845581055,
      0.05846700072288513
    ]
  ],
  "lattice": [
    [
      3.1524064540863037,
      4.111447893251352e-08,
      0.0
    ],
    [
      -1.57620370388031,
      2.7300643920898438,
      0.0
    ],
    [
      0.0,
      0.0,
      23.49467658996582
    ]
  ],
  "properties": {
    "deltaG_H": 0.6,
    "thermo_stability": 0.7,
    "synth_score": 0.8021838885585817
  }
}