{
  "id": "JVASP-77702",
  "atomic_numbers": [
    15,
    15
  ],
  "frac_coords": [
    [
      0.33333298563957214,
      0.33333298563957214,
      0.47059565782546997
    ],
    [
      0.0,
      0.0,
      0.52940434217453
    ]
  ],
  "lattice": [
    [
      3.295564651489258,
      -3.1712080184043145e-10,
      0.0
    ],
    [
      1.6477833986282349,
      2.8540430068969727,
      0.0
    ],
    [
      0.0,
      0.0,
      21.137996673583984
    ]
  ],
  "properties": {
    "deltaG_H": 0.011279448986053466,
    "thermo_stability": 0.9777772024273872,
    "synth_score": 0.8760510311764952
  }
}