{
  "id": "JVASP-6676",
  "atomic_numbers": [
    37,
    37,
    25,
    25,
    15,
    15
  ],
  "frac_coords": [
    [
      0.4577459990978241,
      0.9577460289001465,
      0.3035373091697693
    ],
    [
      0.9577460289001465,
      0.4577459990978241,
      0.07976368069648743
    ],
    [
      0.9577460289001465,
      0.9577460289001465,
      0.19165100157260895
    ],
    [
      0.4577459990978241,
      0.4577459990978241,
      0.19165100157260895
    ],
    [
      0.9577460289001465,
      0.4577459990978241,
      0.23521655797958374
    ],
    [
      0.4577459990978241,
      0.9577460289001465,
      0.14808444678783417
    ]
  ],
  "lattice": [
    [
      3.8127615451812744,
      0.0,
      0.0
    ],
    [
      0.0,
      3.8127615451812744,
      0.0
    ],
    [
      0.0,
      0.0,
      29.187673568725586
    ]
  ],
  "properties": {
    "deltaG_H": 0.005355506777763367,
    "thermo_stability": -2.0,
    "synth_score": 0.01798620996209156
  }
}