{
  "id": "JVASP-60391",
  "atomic_numbers": [
    27,
    27,
    1,
    1,
    1,
    1,
    34,
    34,
    8,
    8,
    8,
    8,
    8,
    8,
    8,
    8
  ],
  "frac_coords": [
    [
      -0.07874608039855957,
      0.5647312998771667,
      0.07643063366413116
    ],
    [
      0.31485745310783386,
      0.12310221791267395,
      0.06319800764322281
    ],
    [
      0.5583423972129822,
      0.566777229309082,
      0.9498090147972107
    ],
    [
      0.9258149266242981,
      0.48209455609321594,
      0.940435528755188
    ],
    [
      0.34828346967697144,
      0.20092865824699402,
      0.19839653372764587
    ],
    [
      0.348941445350647,
      0.9497321248054504,
      0.18033085763454437
    ],
    [
      0.05547207221388817,
      0.5470303893089294,
      0.2676149010658264
    ],
    [
      0.23674529790878296,
      0.09292002022266388,
      0.9439176917076111
    ],
    [
      0.3045315742492676,
      0.4071604609489441,
      0.07459785044193268
    ],
    [
      0.8207002282142639,
      0.8735652565956116,
      0.08537179231643677
    ],
    [
      0.3034649193286896,
      0.3617376387119293,
      0.2682901918888092
    ],
    [
      0.45988529920578003,
      0.8611666560173035,
      0.047158077359199524
    ],
    [
      0.07558784633874893,
      0.6561377048492432,
      0.18372100591659546
    ],
    [
      0.8465539216995239,
      0.6032616496086121,
      0.9644097089767456
    ],
    [
      0.030866915360093117,
      0.2805255055427551,
      0.9099127650260925
    ],
    [
      0.4752953350543976,
      0.11720065772533417,
      0.16781942546367645
    ]
  ],
  "lattice": [
    [
      -0.7002843022346497,
      -3.4526259899139404,
      -0.1217069998383522
    ],
    [
      6.146660327911377,
      1.2137268781661987,
      0.0
    ],
    [
      0.0,
      0.0,
      18.71054458618164
    ]
  ],
  "properties": {
    "deltaG_H": -0.03373658299446106,
    "thermo_stability": -2.0,
    "synth_score": 0.01798620996209156
  }
}