{
  "id": "JVASP-75084",
  "atomic_numbers": [
    49,
    49,
    31,
    31,
    16,
    16,
    16,
    16,
    16,
    16
  ],
  "frac_coords": [
    [
      0.5,
      0.5031889081001282,
      0.4402191936969757
    ],
    [
      0.0,
      0.003188918810337782,
      0.5597807765007019
    ],
    [
      0.0,
      0.05607746168971062,
      0.4041629433631897
    ],
    [
      0.5,
      0.5560774803161621,
      0.5958370566368103
    ],
    [
      0.0,
      0.6965241432189941,
      0.39419829845428467
    ],
    [
      0.5,
      0.19652415812015533,
      0.6058017015457153
    ],
    [
      0.0,
      0.7069019675254822,
      0.6318287253379822
    ],
    [
      0.5,
      0.20690196752548218,
      0.3681712746620178
    ],
    [
      0.0,
      0.24320849776268005,
      0.4791458547115326
    ],
    [
      0.5,
      0.7432085275650024,
      0.520854115486145
    ]
  ],
  "lattice": [
    [
      3.7884109020233154,
      0.0,
      0.0
    ],
    [
      0.0,
      6.229098320007324,
      0.0
    ],
    [
      0.0,
      0.0,
      27.260366439819336
    ]
  ],
  "properties": {
    "deltaG_H": 0.006848968982696534,
    "thermo_stability": -2.0,
    "synth_score": 0.01798620996209156
  }
}