{
  "id": "JVASP-6934",
  "atomic_numbers": [
    51,
    51,
    35,
    35,
    35,
    35,
    35,
    35
  ],
  "frac_coords": [
    [
      0.21898353099822998,
      0.4999940097332001,
      0.26841551065444946
    ],
    [
      0.71898353099823,
      5.9801027418870945e-06,
      0.2933274805545807
    ],
    [
      0.5500741600990295,
      0.3167043626308441,
      0.22024250030517578
    ],
    [
      0.04354970529675484,
      -1.0475877587623472e-07,
      0.20658552646636963
    ],
    [
      0.5500346422195435,
      0.6832787990570068,
      0.22023802995681763
    ],
    [
      0.05003462731838226,
      0.8167212009429932,
      0.3415059745311737
    ],
    [
      0.5435497164726257,
      0.5000001192092896,
      0.3551574647426605
    ],
    [
      0.05007413774728775,
      0.1832956224679947,
      0.34150150418281555
    ]
  ],
  "lattice": [
    [
      4.206996917724609,
      0.0,
      0.0
    ],
    [
      0.0,
      9.983205795288086,
      0.0
    ],
    [
      0.0,
      0.0,
      25.099441528320312
    ]
  ],
  "properties": {
    "deltaG_H": 0.025177157998085023,
    "thermo_stability": -0.9179267704486846,
    "synth_score": 0.1375424254059031
  }
}