{
  "id": "JVASP-6415",
  "atomic_numbers": [
    62,
    62,
    52,
    52,
    52,
    52,
    52,
    52
  ],
  "frac_coords": [
    [
      0.0,
      0.25,
      0.15588852763175964
    ],
    [
      0.5,
      0.75,
      0.2945634722709656
    ],
    [
      0.5,
      0.25,
      0.07198132574558258
    ],
    [
      0.0,
      0.75,
      0.07198826968669891
    ],
    [
      0.5,
      0.75,
      0.1868617832660675
    ],
    [
      0.0,
      0.25,
      0.2635902166366577
    ],
    [
      0.5,
      0.25,
      0.3784637451171875
    ],
    [
      0.0,
      0.75,
      0.37847065925598145
    ]
  ],
  "lattice": [
    [
      4.3773908615112305,
      -3.0000001167615996e-16,
      0.0
    ],
    [
      -2.000000033724767e-16,
      4.37742280960083,
      0.0
    ],
    [
      0.0,
      0.0,
      30.273578643798828
    ]
  ],
  "properties": {
    "deltaG_H": 0.018276093006134034,
    "thermo_stability": -2.0,
    "synth_score": 0.01798620996209156
  }
}