{
  "id": "JVASP-13579",
  "atomic_numbers": [
    38,
    38,
    53,
    53,
    9,
    9
  ],
  "frac_coords": [
    [
      0.595022976398468,
      0.09502299875020981,
      0.20611689984798431
    ],
    [
      0.09502299875020981,
      0.595022976398468,
      0.11311209946870804
    ],
    [
      0.09502299875020981,
      0.595022976398468,
      0.2621442973613739
    ],
    [
      0.595022976398468,
      0.09502299875020981,
      0.057084694504737854
    ],
    [
      0.595022976398468,
      0.595022976398468,
      0.15961399674415588
    ],
    [
      0.09502299875020981,
      0.09502299875020981,
      0.15961399674415588
    ]
  ],
  "lattice": [
    [
      4.223008632659912,
      0.0,
      0.0
    ],
    [
      0.0,
      4.223008632659912,
      0.0
    ],
    [
      0.0,
      0.0,
      29.378448486328125
    ]
  ],
  "properties": {
    "deltaG_H": 0.022863884071509043,
    "thermo_stability": -1.7426599731047951,
    "synth_score": 0.029732821282744785
  }
}