{
  "id": "JVASP-13598",
  "atomic_numbers": [
    62,
    62,
    35,
    35,
    35,
    35,
    35,
    35
  ],
  "frac_coords": [
    [
      0.5,
      0.25,
      0.12183898687362671
    ],
    [
      0.0,
      0.75,
      0.13093301653862
    ],
    [
      0.0,
      0.25,
      0.049667321145534515
    ],
    [
      0.5,
      0.5668439865112305,
      0.07925469428300858
    ],
    [
      0.5,
      0.9331560134887695,
      0.07925469428300858
    ],
    [
      0.0,
      0.4331560432910919,
      0.17351730167865753
    ],
    [
      0.0,
      0.06684395670890808,
      0.17351730167865753
    ],
    [
      0.5,
      0.75,
      0.2031046748161316
    ]
  ],
  "lattice": [
    [
      4.015942096710205,
      -0.0,
      0.0
    ],
    [
      -0.0,
      9.134716033935547,
      0.0
    ],
    [
      0.0,
      0.0,
      28.313968658447266
    ]
  ],
  "properties": {
    "deltaG_H": 0.027979422211647034,
    "thermo_stability": -0.9661544034878413,
    "synth_score": 0.12649525026758507
  }
}