{
  "id": "JVASP-5983",
  "atomic_numbers": [
    15,
    15,
    15,
    15
  ],
  "frac_coords": [
    [
      0.0,
      0.08666781336069107,
      0.20913584530353546
    ],
    [
      0.5,
      0.4133321940898895,
      0.20913584530353546
    ],
    [
      0.5,
      0.5866678357124329,
      0.13975216448307037
    ],
    [
      0.0,
      0.9133321642875671,
      0.13975216448307037
    ]
  ],
  "lattice": [
    [
      3.3224642276763916,
      0.0,
      0.0
    ],
    [
      0.0,
      4.578643321990967,
      0.0
    ],
    [
      0.0,
      0.0,
      30.716646194458008
    ]
  ],
  "properties": {
    "deltaG_H": 0.01031914782524109,
    "thermo_stability": 0.3852183202902476,
    "synth_score": 0.6836153402925466
  }
}