{
  "id": "JVASP-6250",
  "atomic_numbers": [
    60,
    60,
    35,
    35,
    8,
    8
  ],
  "frac_coords": [
    [
      0.5574250221252441,
      0.05742499977350235,
      0.17931729555130005
    ],
    [
      0.05742499977350235,
      0.5574250221252441,
      0.0993587076663971
    ],
    [
      0.05742499977350235,
      0.5574250221252441,
      0.2330056130886078
    ],
    [
      0.5574250221252441,
      0.05742499977350235,
      0.04567038640379906
    ],
    [
      0.05742499977350235,
      0.05742499977350235,
      0.13933800160884857
    ],
    [
      0.5574250221252441,
      0.5574250221252441,
      0.13933800160884857
    ]
  ],
  "lattice": [
    [
      3.9837396144866943,
      0.0,
      0.0
    ],
    [
      0.0,
      3.9837396144866943,
      0.0
    ],
    [
      0.0,
      0.0,
      30.49945640563965
    ]
  ],
  "properties": {
    "deltaG_H": 0.009629070560137431,
    "thermo_stability": -1.44725379049778,
    "synth_score": 0.052425741761991274
  }
}