{
  "id": "JVASP-5977",
  "atomic_numbers": [
    28,
    52,
    52
  ],
  "frac_coords": [
    [
      0.060309998691082,
      0.7762010097503662,
      0.10384300351142883
    ],
    [
      0.39364299178123474,
      0.4428679943084717,
      0.15994982421398163
    ],
    [
      0.7269769906997681,
      0.10953400284051895,
      0.04773518070578575
    ]
  ],
  "lattice": [
    [
      3.7385120391845703,
      -1.0000000168623835e-16,
      0.0
    ],
    [
      -1.8692560195922852,
      3.2376461029052734,
      0.0
    ],
    [
      0.0,
      0.0,
      25.24250030517578
    ]
  ],
  "properties": {
    "deltaG_H": 0.011054353813330333,
    "thermo_stability": -0.31098548769950884,
    "synth_score": 0.3493333166706924
  }
}