{
  "id": "JVASP-77998",
  "atomic_numbers": [
    6,
    6,
    6,
    6,
    6,
    6,
    7,
    7,
    7,
    7,
    7,
    7,
    7,
    7
  ],
  "frac_coords": [
    [
      0.8808009624481201,
      0.7615354061126709,
      0.5
    ],
    [
      0.8923110365867615,
      0.4461238980293274,
      0.5
    ],
    [
      0.5538814663887024,
      0.4461185038089752,
      0.5
    ],
    [
      0.8807985186576843,
      0.11920147389173508,
      0.5
    ],
    [
      0.5538761019706726,
      0.10768894851207733,
      0.5
    ],
    [
      0.2384645640850067,
      0.11919903755187988,
      0.5
    ],
    [
      2.080147896776907e-05,
      0.9999791979789734,
      0.5
    ],
    [
      0.6656150221824646,
      0.660922110080719,
      0.5
    ],
    [
      0.9953802227973938,
      0.660927951335907,
      0.5
    ],
    [
      0.6666898131370544,
      0.33331021666526794,
      0.5
    ],
    [
      0.9953799247741699,
      0.3343893885612488,
      0.5
    ],
    [
      0.6656106114387512,
      0.004620061721652746,
      0.5
    ],
    [
      0.339072048664093,
      0.004619801416993141,
      0.5
    ],
    [
      0.339077889919281,
      0.334384948015213,
      0.5
    ]
  ],
  "lattice": [
    [
      7.132987022399902,
      -0.0011967523023486137,
      0.0
    ],
    [
      -3.5654854774475098,
      6.177929878234863,
      0.0
    ],
    [
      0.0,
      0.0,
      20.0
    ]
  ],
  "properties": {
    "deltaG_H": -0.005168835026877268,
    "thermo_stability": 0.19084602147340768,
    "synth_score": 0.5942811382100143
  }
}