{
  "id": "JVASP-77586",
  "atomic_numbers": [
    24,
    35,
    35
  ],
  "frac_coords": [
    [
      0.0,
      0.0,
      0.5
    ],
    [
      0.6301450133323669,
      0.7397109270095825,
      0.5655421614646912
    ],
    [
      0.36985495686531067,
      0.2602890729904175,
      0.43445780873298645
    ]
  ],
  "lattice": [
    [
      3.6495721340179443,
      4.279013143815291e-09,
      0.0
    ],
    [
      1.824785590171814,
      3.553722381591797,
      0.0
    ],
    [
      0.0,
      0.0,
      23.014007568359375
    ]
  ],
  "properties": {
    "deltaG_H": 0.019880741635958356,
    "thermo_stability": -0.6882917056481044,
    "synth_score": 0.2015582794380286
  }
}