{
  "id": "JVASP-6154",
  "atomic_numbers": [
    17,
    17,
    9,
    9
  ],
  "frac_coords": [
    [
      0.7353531122207642,
      0.011154229752719402,
      0.030258482322096825
    ],
    [
      0.26464688777923584,
      0.5111542344093323,
      0.10395851731300354
    ],
    [
      0.3580535054206848,
      0.2794077694416046,
      -0.02083227038383484
    ],
    [
      0.6419464945793152,
      0.779407799243927,
      0.15505026280879974
    ]
  ],
  "lattice": [
    [
      3.1619768142700195,
      0.0,
      -1.8290690183639526
    ],
    [
      0.0,
      3.6298792362213135,
      0.0
    ],
    [
      0.0,
      0.0,
      27.338659286499023
    ]
  ],
  "properties": {
    "deltaG_H": 0.01036906331777573,
    "thermo_stability": -1.2226752733190858,
    "synth_score": 0.07977922024465957
  }
}