{
  "id": "JVASP-27782",
  "atomic_numbers": [
    26,
    53,
    53
  ],
  "frac_coords": [
    [
      0.43347400426864624,
      0.049375999718904495,
      0.1335660070180893
    ],
    [
      0.7668070197105408,
      0.7160429954528809,
      0.19314569234848022
    ],
    [
      0.10014200210571289,
      0.38270899653434753,
      0.07398631423711777
    ]
  ],
  "lattice": [
    [
      3.9895272254943848,
      -3.0680498142032775e-09,
      0.0
    ],
    [
      -1.9947631359100342,
      3.4550318717956543,
      0.0
    ],
    [
      0.0,
      0.0,
      27.290054321289062
    ]
  ],
  "properties": {
    "deltaG_H": 0.025671680818001433,
    "thermo_stability": -0.42672889133294434,
    "synth_score": 0.2987080121157988
  }
}