{
  "id": "JVASP-60402",
  "atomic_numbers": [
    39,
    39,
    17,
    17,
    8,
    8
  ],
  "frac_coords": [
    [
      0.33333247900009155,
      0.6666644215583801,
      0.8247434496879578
    ],
    [
      0.6666672825813293,
      0.3333355188369751,
      0.9338027834892273
    ],
    [
      1.2906286883662688e-06,
      1.620391685719369e-06,
      0.7589004635810852
    ],
    [
      0.9999986886978149,
      0.9999974966049194,
      0.9996282458305359
    ],
    [
      0.6666615605354309,
      0.3333236873149872,
      0.846959114074707
    ],
    [
      0.3333376944065094,
      0.6666762828826904,
      0.9115979671478271
    ]
  ],
  "lattice": [
    [
      -3.7973291873931885,
      -2.3483451627726026e-07,
      0.0
    ],
    [
      1.8986653089523315,
      3.2886362075805664,
      0.0
    ],
    [
      0.0,
      0.0,
      -26.366304397583008
    ]
  ],
  "properties": {
    "deltaG_H": 0.007236799399058025,
    "thermo_stability": -2.0,
    "synth_score": 0.01798620996209156
  }
}