{
  "id": "JVASP-27865",
  "atomic_numbers": [
    39,
    39,
    6
  ],
  "frac_coords": [
    [
      0.6666669845581055,
      0.33333298563957214,
      0.4403095543384552
    ],
    [
      0.0,
      0.0,
      0.5596904158592224
    ],
    [
      0.33333298563957214,
      0.6666669845581055,
      0.5
    ]
  ],
  "lattice": [
    [
      3.539024829864502,
      -0.0,
      0.0
    ],
    [
      -1.769512414932251,
      3.064885139465332,
      0.0
    ],
    [
      0.0,
      0.0,
      22.695846557617188
    ]
  ],
  "properties": {
    "deltaG_H": 0.006643673777580262,
    "thermo_stability": -0.43042244215806336,
    "synth_score": 0.2971628553379569
  }
}