{
  "id": "JVASP-60528",
  "atomic_numbers": [
    41,
    41,
    41,
    77,
    16,
    16,
    16,
    16,
    16,
    16,
    16,
    16
  ],
  "frac_coords": [
    [
      0.982359766960144,
      0.018505116924643517,
      0.07181937247514725
    ],
    [
      0.9635017514228821,
      0.5079303979873657,
      0.07257632911205292
    ],
    [
      0.49290889501571655,
      0.037321317940950394,
      0.0711042508482933
    ],
    [
      0.5412577390670776,
      0.4595883786678314,
      0.07183945178985596
    ],
    [
      0.6787848472595215,
      0.15855059027671814,
      0.9994975328445435
    ],
    [
      0.15646634995937347,
      0.18299554288387299,
      0.00538469897583127
    ],
    [
      0.8159851431846619,
      0.8462757468223572,
      0.13826598227024078
    ],
    [
      0.3495997488498688,
      0.8075414299964905,
      0.12801054120063782
    ],
    [
      0.19491736590862274,
      0.6496148705482483,
      0.01567196100950241
    ],
    [
      0.6505714058876038,
      0.6727373003959656,
      0.006641558837145567
    ],
    [
      0.3262331783771515,
      0.3521166145801544,
      0.13704487681388855
    ],
    [
      0.840263843536377,
      0.32406073808670044,
      0.14417442679405212
    ]
  ],
  "lattice": [
    [
      6.724471092224121,
      -0.004712197929620743,
      0.06267800182104111
    ],
    [
      3.3245127201080322,
      5.845609188079834,
      0.034568000584840775
    ],
    [
      0.0,
      0.0,
      23.34781837463379
    ]
  ],
  "properties": {
    "deltaG_H": -0.010189691384633388,
    "thermo_stability": -2.0,
    "synth_score": 0.01798620996209156
  }
}