{
  "id": "JVASP-60610",
  "atomic_numbers": [
    71,
    71,
    35,
    35,
    8,
    8
  ],
  "frac_coords": [
    [
      0.5,
      0.0,
      0.064926877617836
    ],
    [
      0.0,
      0.5,
      0.15133611857891083
    ],
    [
      0.0,
      0.5,
      -7.435584120685235e-05
    ],
    [
      0.5,
      0.0,
      0.21633735299110413
    ],
    [
      0.5,
      0.5,
      0.10813099890947342
    ],
    [
      0.0,
      0.0,
      0.10813099890947342
    ]
  ],
  "lattice": [
    [
      3.734238624572754,
      -0.0,
      0.0
    ],
    [
      -0.0,
      3.734238624572754,
      0.0
    ],
    [
      0.0,
      0.0,
      25.51875877380371
    ]
  ],
  "properties": {
    "deltaG_H": 0.005705126921335857,
    "thermo_stability": -1.9318618297576906,
    "synth_score": 0.02055818529937923
  }
}