{
  "id": "JVASP-13521",
  "atomic_numbers": [
    94,
    94,
    53,
    53,
    8,
    8
  ],
  "frac_coords": [
    [
      0.1802629977464676,
      0.6802629828453064,
      0.20039306581020355
    ],
    [
      0.6802629828453064,
      0.1802629977464676,
      0.12089993804693222
    ],
    [
      0.6802629828453064,
      0.1802629977464676,
      0.2637638747692108
    ],
    [
      0.1802629977464676,
      0.6802629828453064,
      0.05752911791205406
    ],
    [
      0.1802629977464676,
      0.1802629977464676,
      0.1606460064649582
    ],
    [
      0.6802629828453064,
      0.6802629828453064,
      0.1606460064649582
    ]
  ],
  "lattice": [
    [
      3.9959161281585693,
      0.0,
      0.0
    ],
    [
      0.0,
      3.9959161281585693,
      0.0
    ],
    [
      0.0,
      0.0,
      29.467777252197266
    ]
  ],
  "properties": {
    "deltaG_H": 0.00886091748873393,
    "thermo_stability": -1.762245773772399,
    "synth_score": 0.028623347951247363
  }
}