{
  "id": "JVASP-6025",
  "atomic_numbers": [
    50,
    50,
    34,
    34
  ],
  "frac_coords": [
    [
      0.5,
      0.0,
      0.18443453311920166
    ],
    [
      0.0,
      0.5,
      0.29727646708488464
    ],
    [
      0.0,
      0.5,
      0.1889062225818634
    ],
    [
      0.5,
      0.0,
      0.2928057909011841
    ]
  ],
  "lattice": [
    [
      4.3099775314331055,
      0.0,
      0.0
    ],
    [
      1.0000000168623835e-16,
      4.3099775314331055,
      0.0
    ],
    [
      0.0,
      0.0,
      25.082565307617188
    ]
  ],
  "properties": {
    "deltaG_H": 0.019607236981391905,
    "thermo_stability": -0.20569889942804975,
    "synth_score": 0.39857700261458395
  }
}