{
  "id": "JVASP-31348",
  "atomic_numbers": [
    72,
    72,
    14,
    14,
    52,
    52
  ],
  "frac_coords": [
    [
      0.4071739912033081,
      0.9071739912033081,
      0.2395973801612854
    ],
    [
      0.9071739912033081,
      0.4071739912033081,
      0.1005806252360344
    ],
    [
      0.9071739912033081,
      0.9071739912033081,
      0.1700890064239502
    ],
    [
      0.4071739912033081,
      0.4071739912033081,
      0.1700890064239502
    ],
    [
      0.9071739912033081,
      0.4071739912033081,
      0.2856678366661072
    ],
    [
      0.4071739912033081,
      0.9071739912033081,
      0.05451015383005142
    ]
  ],
  "lattice": [
    [
      3.6673080921173096,
      0.0,
      0.0
    ],
    [
      0.0,
      3.6673080921173096,
      0.0
    ],
    [
      0.0,
      0.0,
      30.311208724975586
    ]
  ],
  "properties": {
    "deltaG_H": 0.010573744972546895,
    "thermo_stability": -2.0,
    "synth_score": 0.01798620996209156
  }
}