{
  "id": "JVASP-6901",
  "atomic_numbers": [
    83,
    83,
    83,
    83,
    52,
    52,
    53,
    53
  ],
  "frac_coords": [
    [
      0.0,
      0.0,
      0.8638998866081238
    ],
    [
      0.6666669845581055,
      0.33333298563957214,
      0.00038034215685911477
    ],
    [
      0.0,
      0.0,
      0.04599865898489952
    ],
    [
      0.6666669845581055,
      0.33333298563957214,
      0.1824791133403778
    ],
    [
      0.6666669845581055,
      0.33333298563957214,
      0.8182570338249207
    ],
    [
      0.0,
      0.0,
      0.22812195122241974
    ],
    [
      0.33333298563957214,
      0.6666669845581055,
      0.9203096628189087
    ],
    [
      0.33333298563957214,
      0.6666669845581055,
      0.12606936693191528
    ]
  ],
  "lattice": [
    [
      4.416302680969238,
      -2.8809179486444236e-09,
      0.0
    ],
    [
      -2.208150863647461,
      3.824629545211792,
      0.0
    ],
    [
      0.0,
      0.0,
      37.39824676513672
    ]
  ],
  "properties": {
    "deltaG_H": 0.012708787679672243,
    "thermo_stability": -2.0,
    "synth_score": 0.01798620996209156
  }
}