{
  "id": "JVASP-27856",
  "atomic_numbers": [
    71,
    71,
    52,
    52,
    52,
    52,
    52,
    52
  ],
  "frac_coords": [
    [
      0.5,
      0.25,
      0.4545867443084717
    ],
    [
      0.5,
      0.75,
      0.5454132556915283
    ],
    [
      0.5,
      0.25,
      0.35172367095947266
    ],
    [
      0.0,
      0.25,
      0.547705888748169
    ],
    [
      0.0,
      0.75,
      0.45229411125183105
    ],
    [
      0.5,
      0.75,
      0.6482763290405273
    ],
    [
      0.0,
      0.75,
      0.32993084192276
    ],
    [
      0.0,
      0.25,
      0.67006915807724
    ]
  ],
  "lattice": [
    [
      3.9933292865753174,
      0.0,
      0.0
    ],
    [
      0.0,
      4.568881988525391,
      0.0
    ],
    [
      0.0,
      0.0,
      30.305883407592773
    ]
  ],
  "properties": {
    "deltaG_H": 0.016393749713897704,
    "thermo_stability": -2.0,
    "synth_score": 0.01798620996209156
  }
}