{
  "id": "JVASP-20004",
  "atomic_numbers": [
    80,
    80,
    53,
    53,
    53,
    53
  ],
  "frac_coords": [
    [
      0.5,
      0.15595611929893494,
      0.2527454197406769
    ],
    [
      0.0,
      0.6559561491012573,
      0.2527454197406769
    ],
    [
      0.5,
      0.8964698314666748,
      0.18715576827526093
    ],
    [
      0.5,
      0.41497403383255005,
      0.3184627890586853
    ],
    [
      0.0,
      0.3964698612689972,
      0.18715576827526093
    ],
    [
      0.0,
      0.91497403383255,
      0.3184627890586853
    ]
  ],
  "lattice": [
    [
      4.668497085571289,
      0.0,
      0.0
    ],
    [
      0.0,
      7.457016468048096,
      0.0
    ],
    [
      0.0,
      0.0,
      28.38170051574707
    ]
  ],
  "properties": {
    "deltaG_H": 0.022741745809714,
    "thermo_stability": -0.5830500940481822,
    "synth_score": 0.23756061684374208
  }
}