{
  "id": "JVASP-8864",
  "atomic_numbers": [
    11,
    11,
    30,
    30,
    33,
    33
  ],
  "frac_coords": [
    [
      0.35317501425743103,
      0.8531749844551086,
      0.2231459766626358
    ],
    [
      0.8531749844551086,
      0.35317501425743103,
      0.04032101854681969
    ],
    [
      0.35317501425743103,
      0.35317501425743103,
      0.1317339986562729
    ],
    [
      0.8531749844551086,
      0.8531749844551086,
      0.1317339986562729
    ],
    [
      0.8531749844551086,
      0.35317501425743103,
      0.19090524315834045
    ],
    [
      0.35317501425743103,
      0.8531749844551086,
      0.07256176322698593
    ]
  ],
  "lattice": [
    [
      4.120602607727051,
      0.0,
      0.0
    ],
    [
      0.0,
      4.120602607727051,
      0.0
    ],
    [
      0.0,
      0.0,
      27.154266357421875
    ]
  ],
  "properties": {
    "deltaG_H": 0.012598611652851106,
    "thermo_stability": -1.3720824614167215,
    "synth_score": 0.0604170405706305
  }
}