{
  "id": "JVASP-6058",
  "atomic_numbers": [
    52,
    52,
    52,
    52,
    52,
    52,
    52,
    52,
    35,
    35,
    35,
    35
  ],
  "frac_coords": [
    [
      0.75,
      0.7643053531646729,
      0.04426214471459389
    ],
    [
      0.25,
      0.9237525463104248,
      0.04744146391749382
    ],
    [
      0.25,
      0.30850735306739807,
      0.10685703903436661
    ],
    [
      0.75,
      0.45885565876960754,
      0.12672069668769836
    ],
    [
      0.25,
      0.9588556885719299,
      0.14528430998325348
    ],
    [
      0.75,
      0.8085073828697205,
      0.16514796018600464
    ],
    [
      0.75,
      0.4237525463104248,
      0.22456353902816772
    ],
    [
      0.25,
      0.26430538296699524,
      0.22774285078048706
    ],
    [
      0.25,
      0.5960859060287476,
      0.044009242206811905
    ],
    [
      0.75,
      0.1384841799736023,
      0.08628445118665695
    ],
    [
      0.25,
      0.6384841799736023,
      0.1857195496559143
    ],
    [
      0.75,
      0.09608587622642517,
      0.22799575328826904
    ]
  ],
  "lattice": [
    [
      4.052154541015625,
      0.0,
      0.0
    ],
    [
      0.0,
      12.836258888244629,
      0.0
    ],
    [
      0.0,
      0.0,
      30.70241355895996
    ]
  ],
  "properties": {
    "deltaG_H": 0.023596699833869937,
    "thermo_stability": -1.4810649474461877,
    "synth_score": 0.049166339939790665
  }
}