{
  "id": "JVASP-75155",
  "atomic_numbers": [
    52,
    52,
    52,
    52,
    16,
    16,
    8,
    8,
    8,
    8,
    8,
    8,
    8,
    8,
    8,
    8,
    8,
    8,
    8,
    8
  ],
  "frac_coords": [
    [
      0.7311080694198608,
      0.6952090859413147,
      0.4558473229408264
    ],
    [
      0.23110806941986084,
      0.8047909140586853,
      0.5441526770591736
    ],
    [
      0.23110806941986084,
      0.1952091008424759,
      0.5441526770591736
    ],
    [
      0.7311080694198608,
      0.3047908842563629,
      0.4558473229408264
    ],
    [
      0.18776802718639374,
      0.5,
      0.3871176838874817
    ],
    [
      0.6877690553665161,
      0.0,
      0.6128823161125183
    ],
    [
      0.3998880982398987,
      0.5,
      0.42814910411834717
    ],
    [
      0.8998880982398987,
      0.0,
      0.5718508958816528
    ],
    [
      0.0032107317820191383,
      0.637908399105072,
      0.3940764367580414
    ],
    [
      0.503210723400116,
      0.862091600894928,
      0.6059235334396362
    ],
    [
      0.503210723400116,
      0.13790839910507202,
      0.6059235334396362
    ],
    [
      0.0032107317820191383,
      0.362091600894928,
      0.3940764367580414
    ],
    [
      0.5804376006126404,
      0.7124171257019043,
      0.521862268447876
    ],
    [
      0.5804376006126404,
      0.2875829041004181,
      0.521862268447876
    ],
    [
      0.36365142464637756,
      0.0,
      0.5212148427963257
    ],
    [
      0.08043757826089859,
      0.7875828742980957,
      0.4781377613544464
    ],
    [
      0.8304796814918518,
      0.0,
      0.656337320804596
    ],
    [
      0.3304796814918518,
      0.5,
      0.34366264939308167
    ],
    [
      0.08043757826089859,
      0.2124171108007431,
      0.4781377613544464
    ],
    [
      0.8636514544487,
      0.5,
      0.4787851870059967
    ]
  ],
  "lattice": [
    [
      4.650511741638184,
      0.0,
      0.0
    ],
    [
      0.0,
      8.885912895202637,
      0.0
    ],
    [
      0.0,
      0.0,
      28.852771759033203
    ]
  ],
  "properties": {
    "deltaG_H": -0.01288114368915558,
    "thermo_stability": -2.0,
    "synth_score": 0.01798620996209156
  }
}