{
  "id": "JVASP-14417",
  "atomic_numbers": [
    47,
    47,
    53,
    53
  ],
  "frac_coords": [
    [
      0.7270680069923401,
      0.7270680069923401,
      0.11636599898338318
    ],
    [
      0.2270680069923401,
      0.2270680069923401,
      0.11636599898338318
    ],
    [
      0.2270680069923401,
      0.7270680069923401,
      0.18410098552703857
    ],
    [
      0.7270680069923401,
      0.2270680069923401,
      0.048632021993398666
    ]
  ],
  "lattice": [
    [
      4.352319717407227,
      0.0,
      0.0
    ],
    [
      0.0,
      4.352319717407227,
      0.0
    ],
    [
      0.0,
      0.0,
      28.67318344116211
    ]
  ],
  "properties": {
    "deltaG_H": 0.023126244544982914,
    "thermo_stability": -0.5828159968058269,
    "synth_score": 0.23764542925631355
  }
}