{
  "id": "JVASP-75327",
  "atomic_numbers": [
    3,
    23,
    9,
    9,
    9,
    9
  ],
  "frac_coords": [
    [
      0.5,
      0.3030270040035248,
      0.5
    ],
    [
      0.0,
      0.8030269742012024,
      0.5
    ],
    [
      0.0,
      0.48785144090652466,
      0.5377639532089233
    ],
    [
      0.5,
      0.6744563579559326,
      0.45186203718185425
    ],
    [
      0.5,
      0.9315976500511169,
      0.5481379628181458
    ],
    [
      0.0,
      0.11820255219936371,
      0.46223604679107666
    ]
  ],
  "lattice": [
    [
      3.067950963973999,
      0.0,
      0.0
    ],
    [
      0.0,
      5.425131320953369,
      0.0
    ],
    [
      0.0,
      0.0,
      22.06517791748047
    ]
  ],
  "properties": {
    "deltaG_H": 0.010283161799112955,
    "thermo_stability": -0.014082831144333063,
    "synth_score": 0.49295904988981537
  }
}