{
  "id": "JVASP-658",
  "atomic_numbers": [
    74,
    16,
    16
  ],
  "frac_coords": [
    [
      0.6666669845581055,
      0.33333298563957214,
      0.3526810109615326
    ],
    [
      0.33333298563957214,
      0.6666669845581055,
      0.30053815245628357
    ],
    [
      0.33333298563957214,
      0.6666669845581055,
      0.40482285618782043
    ]
  ],
  "lattice": [
    [
      1.5955981016159058,
      -2.763657808303833,
      0.0
    ],
    [
      1.5955981016159058,
      2.763657808303833,
      0.0
    ],
    [
      0.0,
      0.0,
      30.202402114868164
    ]
  ],
  "properties": {
    "deltaG_H": 0.008056190411249796,
    "thermo_stability": 0.20883617376287766,
    "synth_score": 0.6029261291275886
  }
}