{
  "id": "JVASP-60542",
  "atomic_numbers": [
    57,
    1,
    35,
    35
  ],
  "frac_coords": [
    [
      2.5746558094397187e-05,
      0.999974250793457,
      0.9186840057373047
    ],
    [
      0.3334098756313324,
      0.6665900945663452,
      0.9185380935668945
    ],
    [
      0.6667168736457825,
      0.33328306674957275,
      0.0005747295799665153
    ],
    [
      0.6667174696922302,
      0.33328258991241455,
      0.8366621732711792
    ]
  ],
  "lattice": [
    [
      -2.0517470836639404,
      -3.552868366241455,
      0.0
    ],
    [
      -2.0517466068267822,
      3.5528688430786133,
      0.0
    ],
    [
      0.0,
      0.0,
      -23.888330459594727
    ]
  ],
  "properties": {
    "deltaG_H": 0.00026666879653930615,
    "thermo_stability": -2.0,
    "synth_score": 0.01798620996209156
  }
}