{
  "id": "JVASP-76312",
  "atomic_numbers": [
    29,
    29,
    35,
    35
  ],
  "frac_coords": [
    [
      0.5,
      0.5,
      0.0684560015797615
    ],
    [
      0.0,
      0.0,
      0.0684560015797615
    ],
    [
      0.0,
      0.5,
      0.1396106332540512
    ],
    [
      0.5,
      0.0,
      0.9973013997077942
    ]
  ],
  "lattice": [
    [
      3.850511074066162,
      0.0,
      0.0
    ],
    [
      0.0,
      3.850511074066162,
      0.0
    ],
    [
      0.0,
      0.0,
      23.172607421875
    ]
  ],
  "properties": {
    "deltaG_H": -0.00038065910339355434,
    "thermo_stability": -2.0,
    "synth_score": 0.01798620996209156
  }
}