{
  "id": "JVASP-6028",
  "atomic_numbers": [
    50,
    50,
    34,
    34
  ],
  "frac_coords": [
    [
      0.5,
      0.25,
      0.33012643456459045
    ],
    [
      0.0,
      0.75,
      0.452858567237854
    ],
    [
      0.5,
      0.25,
      0.4482973515987396
    ],
    [
      0.0,
      0.75,
      0.33468765020370483
    ]
  ],
  "lattice": [
    [
      4.308750629425049,
      -1.0000000168623835e-16,
      0.0
    ],
    [
      1.0000000168623835e-16,
      4.309408664703369,
      0.0
    ],
    [
      0.0,
      0.0,
      23.012088775634766
    ]
  ],
  "properties": {
    "deltaG_H": 0.01943255007266998,
    "thermo_stability": -0.3705355445543925,
    "synth_score": 0.32276997048038475
  }
}