{
  "id": "JVASP-789",
  "atomic_numbers": [
    40,
    34,
    34
  ],
  "frac_coords": [
    [
      0.0,
      0.0,
      0.14527200162410736
    ],
    [
      0.6666669845581055,
      0.33333298563957214,
      0.09380195289850235
    ],
    [
      0.33333298563957214,
      0.6666669845581055,
      0.1967410445213318
    ]
  ],
  "lattice": [
    [
      1.898710012435913,
      -3.2886621952056885,
      0.0
    ],
    [
      1.898710012435913,
      3.2886621952056885,
      0.0
    ],
    [
      0.0,
      0.0,
      30.686906814575195
    ]
  ],
  "properties": {
    "deltaG_H": 0.013649995277325314,
    "thermo_stability": -0.15639294385910052,
    "synth_score": 0.42243488133823237
  }
}