{
  "id": "JVASP-20023",
  "atomic_numbers": [
    81,
    81,
    53,
    53,
    53,
    53,
    53,
    53
  ],
  "frac_coords": [
    [
      0.35863134264945984,
      0.49992236495018005,
      0.06248600035905838
    ],
    [
      0.8586313724517822,
      7.764375914121047e-05,
      0.06248600035905838
    ],
    [
      0.14041756093502045,
      0.7822306156158447,
      0.06248600035905838
    ],
    [
      0.6404175758361816,
      0.7177693843841553,
      0.06248600035905838
    ],
    [
      0.35838782787323,
      -0.00010272176587022841,
      0.06248600035905838
    ],
    [
      0.85838782787323,
      0.500102698802948,
      0.06248600035905838
    ],
    [
      0.5764802694320679,
      0.21750608086585999,
      0.06248600035905838
    ],
    [
      0.07648026198148727,
      0.28249391913414,
      0.06248600035905838
    ]
  ],
  "lattice": [
    [
      9.689980506896973,
      0.0,
      0.0
    ],
    [
      0.0,
      9.622096061706543,
      0.0
    ],
    [
      0.0,
      0.0,
      26.664722442626953
    ]
  ],
  "properties": {
    "deltaG_H": 0.03698995113372803,
    "thermo_stability": 0.5135229706764222,
    "synth_score": 0.7363427892684511
  }
}