{
  "id": "JVASP-27759",
  "atomic_numbers": [
    21,
    21,
    35,
    35,
    8,
    8
  ],
  "frac_coords": [
    [
      0.7560049891471863,
      0.127360001206398,
      0.18713824450969696
    ],
    [
      0.2560049891471863,
      0.6273599863052368,
      0.12282275408506393
    ],
    [
      0.2560049891471863,
      0.127360001206398,
      0.2553377151489258
    ],
    [
      0.7560049891471863,
      0.6273599863052368,
      0.05462329462170601
    ],
    [
      0.7560049891471863,
      0.6273599863052368,
      0.1646982580423355
    ],
    [
      0.2560049891471863,
      0.127360001206398,
      0.14526274800300598
    ]
  ],
  "lattice": [
    [
      3.559330463409424,
      -0.0,
      0.0
    ],
    [
      -0.0,
      3.9618923664093018,
      0.0
    ],
    [
      0.0,
      0.0,
      28.98387336730957
    ]
  ],
  "properties": {
    "deltaG_H": 0.004352092842260997,
    "thermo_stability": -1.6702404042085015,
    "synth_score": 0.03420826915535837
  }
}