{
  "id": "JVASP-6613",
  "atomic_numbers": [
    73,
    15
  ],
  "frac_coords": [
    [
      0.5,
      0.0,
      0.12174300104379654
    ],
    [
      0.0,
      0.5,
      0.12174300104379654
    ]
  ],
  "lattice": [
    [
      3.465311288833618,
      0.0,
      0.0
    ],
    [
      0.0,
      3.465311288833618,
      0.0
    ],
    [
      0.0,
      0.0,
      21.441347122192383
    ]
  ],
  "properties": {
    "deltaG_H": 0.0100069055557251,
    "thermo_stability": 0.675,
    "synth_score": 0.7941296281990528
  }
}