{
  "id": "JVASP-60289",
  "atomic_numbers": [
    20,
    20,
    17,
    17,
    9,
    9
  ],
  "frac_coords": [
    [
      0.5,
      0.0,
      0.043368104845285416
    ],
    [
      0.0,
      0.5,
      0.1541498899459839
    ],
    [
      0.0,
      0.5,
      -0.0059410990215837955
    ],
    [
      0.5,
      0.0,
      0.20345909893512726
    ],
    [
      0.0,
      0.0,
      0.0987590029835701
    ],
    [
      0.5,
      0.5,
      0.0987590029835701
    ]
  ],
  "lattice": [
    [
      3.743669033050537,
      -0.0,
      0.0
    ],
    [
      -0.0,
      3.743669033050537,
      0.0
    ],
    [
      0.0,
      0.0,
      24.922670364379883
    ]
  ],
  "properties": {
    "deltaG_H": 0.01899538646141688,
    "thermo_stability": -1.8150031983852388,
    "synth_score": 0.025831077556911847
  }
}