{
  "id": "JVASP-6334",
  "atomic_numbers": [
    73,
    73,
    6,
    16,
    16
  ],
  "frac_coords": [
    [
      0.33333298563957214,
      0.6666669845581055,
      0.29219290614128113
    ],
    [
      0.0,
      0.0,
      0.37447407841682434
    ],
    [
      0.6666669845581055,
      0.33333298563957214,
      0.33333298563957214
    ],
    [
      0.0,
      0.0,
      0.23596824705600739
    ],
    [
      0.33333298563957214,
      0.6666669845581055,
      0.4306987524032593
    ]
  ],
  "lattice": [
    [
      3.291912317276001,
      9.163571013104388e-10,
      0.0
    ],
    [
      -1.6459556818008423,
      2.850879669189453,
      0.0
    ],
    [
      0.0,
      0.0,
      28.8651065826416
    ]
  ],
  "properties": {
    "deltaG_H": 0.002926943123340609,
    "thermo_stability": -1.7010645737250645,
    "synth_score": 0.03222898980822583
  }
}