{
  "id": "JVASP-8945",
  "atomic_numbers": [
    28,
    35,
    35
  ],
  "frac_coords": [
    [
      0.6666669845581055,
      0.33333298563957214,
      0.2524060010910034
    ],
    [
      0.0,
      0.0,
      0.19516728818416595
    ],
    [
      0.33333298563957214,
      0.6666669845581055,
      0.3096446990966797
    ]
  ],
  "lattice": [
    [
      3.660449504852295,
      2.224740391909563e-09,
      0.0
    ],
    [
      -1.8302252292633057,
      3.1700425148010254,
      0.0
    ],
    [
      0.0,
      0.0,
      24.71356964111328
    ]
  ],
  "properties": {
    "deltaG_H": 0.020238911012808482,
    "thermo_stability": -0.34869826535383863,
    "synth_score": 0.33238970302302917
  }
}