{
  "id": "JVASP-6385",
  "atomic_numbers": [
    49,
    47,
    15,
    15,
    16,
    16,
    16,
    16,
    16,
    16
  ],
  "frac_coords": [
    [
      0.0,
      0.0,
      0.1266299933195114
    ],
    [
      0.6666669845581055,
      0.33333298563957214,
      0.1266299933195114
    ],
    [
      0.33333298563957214,
      0.6666669845581055,
      0.08660943806171417
    ],
    [
      0.33333298563957214,
      0.6666669845581055,
      0.16665056347846985
    ],
    [
      0.025409219786524773,
      0.6810683608055115,
      0.06640058010816574
    ],
    [
      0.6556601524353027,
      0.9745907783508301,
      0.06640058010816574
    ],
    [
      0.3189316391944885,
      0.34433987736701965,
      0.06640058010816574
    ],
    [
      0.3189316391944885,
      0.9745907783508301,
      0.18685941398143768
    ],
    [
      0.025409219786524773,
      0.34433987736701965,
      0.18685941398143768
    ],
    [
      0.6556601524353027,
      0.6810683608055115,
      0.18685941398143768
    ]
  ],
  "lattice": [
    [
      6.222368240356445,
      3.4103866397572347e-09,
      0.0
    ],
    [
      -3.111184597015381,
      5.388729572296143,
      0.0
    ],
    [
      0.0,
      0.0,
      28.369966506958008
    ]
  ],
  "properties": {
    "deltaG_H": 0.0033786702692508697,
    "thermo_stability": -0.44437464773654933,
    "synth_score": 0.29136799635878713
  }
}