{
  "id": "JVASP-75066",
  "atomic_numbers": [
    70,
    70,
    17,
    17,
    17,
    17,
    17,
    17
  ],
  "frac_coords": [
    [
      0.5,
      0.0,
      0.4990636110305786
    ],
    [
      0.0,
      0.5,
      0.5009363889694214
    ],
    [
      0.0,
      0.8155194520950317,
      0.44019556045532227
    ],
    [
      0.5,
      0.6844805479049683,
      0.5598044395446777
    ],
    [
      0.5,
      0.3155194818973541,
      0.5598044395446777
    ],
    [
      0.0,
      0.18448051810264587,
      0.44019556045532227
    ],
    [
      0.0,
      0.0,
      0.5795851349830627
    ],
    [
      0.5,
      0.5,
      0.42041489481925964
    ]
  ],
  "lattice": [
    [
      3.826740026473999,
      0.0,
      0.0
    ],
    [
      0.0,
      7.972639560699463,
      0.0
    ],
    [
      0.0,
      0.0,
      23.788894653320312
    ]
  ],
  "properties": {
    "deltaG_H": 0.02471525013446808,
    "thermo_stability": -1.0666943758726122,
    "synth_score": 0.10589371509299021
  }
}