{
  "id": "JVASP-6694",
  "atomic_numbers": [
    28,
    83,
    83
  ],
  "frac_coords": [
    [
      0.9441400170326233,
      0.7326099872589111,
      0.43319401144981384
    ],
    [
      0.27747300267219543,
      0.399277001619339,
      0.35981473326683044
    ],
    [
      0.27747300267219543,
      0.399277001619339,
      0.506574273109436
    ]
  ],
  "lattice": [
    [
      3.4960567951202393,
      -0.0,
      0.0
    ],
    [
      -1.7480283975601196,
      3.0276737213134766,
      0.0
    ],
    [
      0.0,
      0.0,
      24.806407928466797
    ]
  ],
  "properties": {
    "deltaG_H": 0.014424850821495059,
    "thermo_stability": -0.7632765094439189,
    "synth_score": 0.178498580165312
  }
}