{
  "id": "JVASP-78034",
  "atomic_numbers": [
    48,
    1,
    1,
    8,
    8
  ],
  "frac_coords": [
    [
      0.0,
      0.0,
      0.5
    ],
    [
      0.6666669845581055,
      0.33333298563957214,
      0.5863684415817261
    ],
    [
      0.33333298563957214,
      0.6666669845581055,
      0.4136315584182739
    ],
    [
      0.6666669845581055,
      0.33333298563957214,
      0.5461339950561523
    ],
    [
      0.33333298563957214,
      0.6666669845581055,
      0.45386603474617004
    ]
  ],
  "lattice": [
    [
      3.54264497756958,
      0.0,
      0.0
    ],
    [
      -1.77132248878479,
      3.0680201053619385,
      0.0
    ],
    [
      0.0,
      0.0,
      24.180631637573242
    ]
  ],
  "properties": {
    "deltaG_H": -0.018996851444244386,
    "thermo_stability": -1.7890827303131425,
    "synth_score": 0.02716816213872112
  }
}