{
  "id": "JVASP-13588",
  "atomic_numbers": [
    21,
    21,
    1,
    1,
    17,
    17
  ],
  "frac_coords": [
    [
      0.0,
      0.0,
      0.12096694111824036
    ],
    [
      0.6666669845581055,
      0.33333298563957214,
      0.21236605942249298
    ],
    [
      0.6666669845581055,
      0.33333298563957214,
      0.13999587297439575
    ],
    [
      0.0,
      0.0,
      0.19333712756633759
    ],
    [
      0.33333298563957214,
      0.6666669845581055,
      0.06277624517679214
    ],
    [
      0.33333298563957214,
      0.6666669845581055,
      0.2705577611923218
    ]
  ],
  "lattice": [
    [
      3.487248659133911,
      3.75604569669008e-09,
      0.0
    ],
    [
      -1.7436248064041138,
      3.0200459957122803,
      0.0
    ],
    [
      0.0,
      0.0,
      27.723596572875977
    ]
  ],
  "properties": {
    "deltaG_H": 0.004304942091306051,
    "thermo_stability": -1.9037668079137804,
    "synth_score": 0.02172061231337411
  }
}