{
  "id": "JVASP-786",
  "atomic_numbers": [
    40,
    40,
    16,
    16
  ],
  "frac_coords": [
    [
      0.0,
      0.5,
      0.05229772627353668
    ],
    [
      0.5,
      0.0,
      0.10631327331066132
    ],
    [
      0.0,
      0.5,
      0.1277698129415512
    ],
    [
      0.5,
      0.0,
      0.030841190367937088
    ]
  ],
  "lattice": [
    [
      3.5488452911376953,
      0.0,
      0.0
    ],
    [
      0.0,
      3.5488452911376953,
      0.0
    ],
    [
      0.0,
      0.0,
      35.655338287353516
    ]
  ],
  "properties": {
    "deltaG_H": 0.010530228018760681,
    "thermo_stability": 0.05952289501825958,
    "synth_score": 0.5297263492274178
  }
}