{
  "id": "JVASP-75397",
  "atomic_numbers": [
    20,
    20,
    81,
    81,
    17,
    17,
    17,
    17,
    17,
    17
  ],
  "frac_coords": [
    [
      0.0,
      0.5,
      0.5
    ],
    [
      0.0,
      0.0,
      0.5
    ],
    [
      0.500732421875,
      0.25,
      0.38406670093536377
    ],
    [
      0.4992676079273224,
      0.75,
      0.6159332990646362
    ],
    [
      0.5004535913467407,
      0.5190995335578918,
      0.42511388659477234
    ],
    [
      0.49954643845558167,
      0.019099513068795204,
      0.5748860836029053
    ],
    [
      0.5004535913467407,
      0.9809004664421082,
      0.42511388659477234
    ],
    [
      0.49954643845558167,
      0.48090049624443054,
      0.5748860836029053
    ],
    [
      0.0001552607282064855,
      0.25,
      0.47490864992141724
    ],
    [
      0.9998447299003601,
      0.75,
      0.5250913500785828
    ]
  ],
  "lattice": [
    [
      4.053336143493652,
      0.0,
      0.0019950000569224358
    ],
    [
      0.0,
      10.798699378967285,
      0.0
    ],
    [
      0.012628423050045967,
      0.0,
      24.312286376953125
    ]
  ],
  "properties": {
    "deltaG_H": 0.026005903244018552,
    "thermo_stability": -2.0,
    "synth_score": 0.01798620996209156
  }
}