{
  "id": "JVASP-77613",
  "atomic_numbers": [
    56,
    56,
    29,
    29
  ],
  "frac_coords": [
    [
      0.0,
      0.0,
      0.584936797618866
    ],
    [
      0.0,
      0.0,
      0.41506320238113403
    ],
    [
      0.6666669845581055,
      0.33333298563957214,
      0.5
    ],
    [
      0.33333298563957214,
      0.6666669845581055,
      0.5
    ]
  ],
  "lattice": [
    [
      4.451877593994141,
      -8.899417203167559e-09,
      0.0
    ],
    [
      -2.2259392738342285,
      3.855438709259033,
      0.0
    ],
    [
      0.0,
      0.0,
      24.532106399536133
    ]
  ],
  "properties": {
    "deltaG_H": 0.01050849199295044,
    "thermo_stability": -1.2951159894466402,
    "synth_score": 0.06976972550039279
  }
}