{
  "id": "JVASP-6793",
  "atomic_numbers": [
    41,
    41,
    41,
    16,
    35,
    35,
    35,
    35,
    35,
    35,
    35
  ],
  "frac_coords": [
    [
      0.3635631203651428,
      0.357960045337677,
      0.17013172805309296
    ],
    [
      0.9570699334144592,
      0.357960045337677,
      0.17013172805309296
    ],
    [
      0.9570699334144592,
      0.9514669179916382,
      0.17013172805309296
    ],
    [
      0.09256800264120102,
      0.222461998462677,
      0.10531038045883179
    ],
    [
      0.754777193069458,
      0.053567107766866684,
      0.2342742681503296
    ],
    [
      0.26146188378334045,
      0.053567107766866684,
      0.2342742681503296
    ],
    [
      0.26146289706230164,
      0.5602527856826782,
      0.2342742681503296
    ],
    [
      0.09733112901449203,
      0.7248435616493225,
      0.11686694622039795
    ],
    [
      0.5901864171028137,
      0.217698872089386,
      0.11686694622039795
    ],
    [
      0.5901864171028137,
      0.7248435616493225,
      0.11686694622039795
    ],
    [
      0.7592350244522095,
      0.5557950139045715,
      0.22300978004932404
    ]
  ],
  "lattice": [
    [
      7.1527862548828125,
      -4.093179573061434e-09,
      0.0
    ],
    [
      -3.576392650604248,
      6.194494724273682,
      0.0
    ],
    [
      0.0,
      0.0,
      26.93488311767578
    ]
  ],
  "properties": {
    "deltaG_H": 0.017679875438863582,
    "thermo_stability": -0.7057328442732493,
    "synth_score": 0.19600298172735608
  }
}