{
  "id": "JVASP-75203",
  "atomic_numbers": [
    23,
    23,
    82,
    82,
    17,
    17,
    8,
    8,
    8,
    8,
    8,
    8
  ],
  "frac_coords": [
    [
      0.75,
      0.42931264638900757,
      0.5109845399856567
    ],
    [
      0.25,
      0.5706883668899536,
      0.48901546001434326
    ],
    [
      0.75,
      0.8931906223297119,
      0.5645478367805481
    ],
    [
      0.25,
      0.10680939257144928,
      0.4354521632194519
    ],
    [
      0.25,
      0.04855360835790634,
      0.5505172610282898
    ],
    [
      0.75,
      0.9514464139938354,
      0.4494827687740326
    ],
    [
      0.25,
      0.7328827977180481,
      0.44010668992996216
    ],
    [
      0.75,
      0.2671161890029907,
      0.5598933100700378
    ],
    [
      0.511425793170929,
      0.6196257472038269,
      0.5362269878387451
    ],
    [
      0.988574206829071,
      0.6196257472038269,
      0.5362269878387451
    ],
    [
      0.011425770819187164,
      0.3803742825984955,
      0.4637729823589325
    ],
    [
      0.48857423663139343,
      0.3803742825984955,
      0.4637729823589325
    ]
  ],
  "lattice": [
    [
      5.385672569274902,
      0.0,
      0.0
    ],
    [
      0.0,
      7.215154647827148,
      0.0
    ],
    [
      0.0,
      0.0,
      23.332738876342773
    ]
  ],
  "properties": {
    "deltaG_H": -0.0032240541776021314,
    "thermo_stability": -0.6308362553517024,
    "synth_score": 0.22068611318263412
  }
}