{
  "id": "JVASP-8960",
  "atomic_numbers": [
    50,
    51,
    51,
    52,
    52,
    52,
    52
  ],
  "frac_coords": [
    [
      0.3333284258842468,
      0.6666715741157532,
      0.8719594478607178
    ],
    [
      -5.740129836340202e-06,
      5.740129836340202e-06,
      0.7506886720657349
    ],
    [
      0.6666597127914429,
      0.33334025740623474,
      0.9932137727737427
    ],
    [
      0.3333241939544678,
      0.6666758060455322,
      0.6991564035415649
    ],
    [
      0.33332985639572144,
      0.6666701436042786,
      0.04474886134266853
    ],
    [
      6.709690751449671e-06,
      -6.709690751449671e-06,
      0.9313029646873474
    ],
    [
      0.6666567921638489,
      0.3333432078361511,
      0.8125988841056824
    ]
  ],
  "lattice": [
    [
      4.36610221862793,
      -4.673211606132099e-06,
      0.0
    ],
    [
      -2.1830551624298096,
      3.781153440475464,
      0.0
    ],
    [
      0.0,
      0.0,
      32.47600173950195
    ]
  ],
  "properties": {
    "deltaG_H": 0.007830779927117481,
    "thermo_stability": -2.0,
    "synth_score": 0.01798620996209156
  }
}