{
  "id": "JVASP-27773",
  "atomic_numbers": [
    30,
    17,
    17
  ],
  "frac_coords": [
    [
      0.5,
      0.5,
      0.24928100407123566
    ],
    [
      0.0,
      0.5,
      0.1913026124238968
    ],
    [
      0.5,
      0.0,
      0.30725938081741333
    ]
  ],
  "lattice": [
    [
      3.6650595664978027,
      0.0,
      0.0
    ],
    [
      0.0,
      3.6650595664978027,
      0.0
    ],
    [
      0.0,
      0.0,
      23.93120002746582
    ]
  ],
  "properties": {
    "deltaG_H": 0.01531839082638423,
    "thermo_stability": -0.18816836625337618,
    "synth_score": 0.4070107355899157
  }
}