{
  "id": "JVASP-6781",
  "atomic_numbers": [
    15,
    15,
    34,
    34,
    34,
    34,
    34
  ],
  "frac_coords": [
    [
      0.19309794902801514,
      0.2804953157901764,
      0.04432665929198265
    ],
    [
      0.8076573014259338,
      0.28039249777793884,
      0.1457195281982422
    ],
    [
      0.8076086044311523,
      0.2803438603878021,
      0.054578348994255066
    ],
    [
      0.45097753405570984,
      0.577070415019989,
      0.09098171442747116
    ],
    [
      0.15429076552391052,
      -0.016123291105031967,
      0.09094628691673279
    ],
    [
      0.8859096765518188,
      -0.0097353495657444,
      0.16416417062282562
    ],
    [
      0.17592617869377136,
      0.5708115696907043,
      0.1641382873058319
    ]
  ],
  "lattice": [
    [
      5.310145854949951,
      -2.4743235111236572,
      0.0
    ],
    [
      -0.034815941005945206,
      6.864748001098633,
      0.0
    ],
    [
      0.0,
      0.0,
      25.238691329956055
    ]
  ],
  "properties": {
    "deltaG_H": 0.008627745245184218,
    "thermo_stability": -0.41422316630681366,
    "synth_score": 0.3039736851596593
  }
}