{
  "id": "JVASP-75224",
  "atomic_numbers": [
    9
  ],
  "frac_coords": [
    [
      0.0,
      0.0,
      0.5
    ]
  ],
  "lattice": [
    [
      1.980965256690979,
      0.049209900200366974,
      0.0
    ],
    [
      -0.05015166476368904,
      1.9809417724609375,
      0.0
    ],
    [
      0.0,
      0.0,
      20.0
    ]
  ],
  "properties": {
    "deltaG_H": 0.6,
    "thermo_stability": 0.7,
    "synth_score": 0.8021838885585817
  }
}