{
  "id": "JVASP-9032",
  "atomic_numbers": [
    3,
    3,
    3,
    3,
    3,
    3,
    3,
    3,
    8,
    8
  ],
  "frac_coords": [
    [
      0.25,
      0.75,
      0.13804368674755096
    ],
    [
      0.75,
      0.25,
      0.05088730901479721
    ],
    [
      0.25,
      0.25,
      0.05088730901479721
    ],
    [
      0.75,
      0.75,
      0.13804368674755096
    ],
    [
      0.75,
      0.75,
      0.05088730901479721
    ],
    [
      0.25,
      0.25,
      0.13804368674755096
    ],
    [
      0.75,
      0.25,
      0.13804368674755096
    ],
    [
      0.25,
      0.75,
      0.05088730901479721
    ],
    [
      0.0,
      0.5,
      0.09446500241756439
    ],
    [
      0.5,
      0.0,
      0.09446500241756439
    ]
  ],
  "lattice": [
    [
      4.933553695678711,
      0.0,
      0.0
    ],
    [
      0.0,
      4.933553695678711,
      0.0
    ],
    [
      0.0,
      0.0,
      24.65880012512207
    ]
  ],
  "properties": {
    "deltaG_H": 0.008231022149324417,
    "thermo_stability": 0.12239372531572967,
    "synth_score": 0.5608931017869635
  }
}