{
  "id": "JVASP-28173",
  "atomic_numbers": [
    67,
    67,
    53,
    53,
    8,
    8
  ],
  "frac_coords": [
    [
      0.5,
      0.0,
      0.4579336941242218
    ],
    [
      0.0,
      0.5,
      0.5420662760734558
    ],
    [
      0.0,
      0.5,
      0.38523226976394653
    ],
    [
      0.5,
      0.0,
      0.6147677302360535
    ],
    [
      0.5,
      0.5,
      0.5
    ],
    [
      0.0,
      0.0,
      0.5
    ]
  ],
  "lattice": [
    [
      3.9062373638153076,
      0.0,
      0.0
    ],
    [
      0.0,
      3.9062373638153076,
      0.0
    ],
    [
      0.0,
      0.0,
      26.04238510131836
    ]
  ],
  "properties": {
    "deltaG_H": 0.006863483587900798,
    "thermo_stability": -2.0,
    "synth_score": 0.01798620996209156
  }
}