{
  "id": "JVASP-13513",
  "atomic_numbers": [
    27,
    27,
    34,
    34
  ],
  "frac_coords": [
    [
      0.7672209739685059,
      0.7672209739685059,
      0.11007100343704224
    ],
    [
      0.26722100377082825,
      0.26722100377082825,
      0.11007100343704224
    ],
    [
      0.7672209739685059,
      0.26722100377082825,
      0.16618898510932922
    ],
    [
      0.26722100377082825,
      0.7672209739685059,
      0.05395401269197464
    ]
  ],
  "lattice": [
    [
      3.6368560791015625,
      0.0,
      0.0
    ],
    [
      0.0,
      3.6368560791015625,
      0.0
    ],
    [
      0.0,
      0.0,
      25.645723342895508
    ]
  ],
  "properties": {
    "deltaG_H": 0.004135744124650956,
    "thermo_stability": -0.19558279911677046,
    "synth_score": 0.4034367381763902
  }
}