{
  "id": "JVASP-75204",
  "atomic_numbers": [
    38,
    38,
    38,
    38,
    26,
    26,
    35,
    35,
    8,
    8,
    8,
    8,
    8,
    8
  ],
  "frac_coords": [
    [
      0.5,
      0.0,
      0.6516085863113403
    ],
    [
      0.0,
      0.5,
      0.4575499892234802
    ],
    [
      0.5,
      0.0,
      0.5424500107765198
    ],
    [
      0.0,
      0.5,
      0.34839144349098206
    ],
    [
      0.0,
      0.5,
      0.5920150279998779
    ],
    [
      0.5,
      0.0,
      0.40798497200012207
    ],
    [
      0.5,
      0.0,
      0.3034410774707794
    ],
    [
      0.0,
      0.5,
      0.6965588927268982
    ],
    [
      0.0,
      0.0,
      0.6011068820953369
    ],
    [
      0.5,
      0.5,
      0.6011068820953369
    ],
    [
      0.0,
      0.0,
      0.3988930881023407
    ],
    [
      0.5,
      0.5,
      0.3988930881023407
    ],
    [
      0.5,
      0.0,
      0.46693718433380127
    ],
    [
      0.0,
      0.5,
      0.5330628156661987
    ]
  ],
  "lattice": [
    [
      3.910590171813965,
      0.0,
      0.0
    ],
    [
      0.0,
      3.910590171813965,
      0.0
    ],
    [
      0.0,
      0.0,
      32.72603988647461
    ]
  ],
  "properties": {
    "deltaG_H": -0.0021340508971895485,
    "thermo_stability": -2.0,
    "synth_score": 0.01798620996209156
  }
}