{
  "id": "JVASP-75387",
  "atomic_numbers": [
    3,
    29,
    8,
    8
  ],
  "frac_coords": [
    [
      0.0,
      -1.3877787807814457e-17,
      0.5
    ],
    [
      0.0,
      0.5,
      0.5
    ],
    [
      0.5,
      0.7324718832969666,
      0.5001339316368103
    ],
    [
      0.5,
      0.26752814650535583,
      0.4998660683631897
    ]
  ],
  "lattice": [
    [
      2.679677724838257,
      0.0,
      0.0
    ],
    [
      0.0,
      5.376659870147705,
      0.2176699936389923
    ],
    [
      0.0,
      1.1098709106445312,
      17.25546646118164
    ]
  ],
  "properties": {
    "deltaG_H": 0.00040876388549804634,
    "thermo_stability": 0.618017065525055,
    "synth_score": 0.7748729430442515
  }
}