{
  "id": "JVASP-19540",
  "atomic_numbers": [
    6,
    7,
    17
  ],
  "frac_coords": [
    [
      0.5,
      0.42783302068710327,
      0.12977799773216248
    ],
    [
      0.5,
      0.6342319250106812,
      0.12977799773216248
    ],
    [
      0.5,
      0.1411350667476654,
      0.12977799773216248
    ]
  ],
  "lattice": [
    [
      3.802239418029785,
      0.0,
      0.0
    ],
    [
      0.0,
      5.6472039222717285,
      0.0
    ],
    [
      0.0,
      0.0,
      22.959199905395508
    ]
  ],
  "properties": {
    "deltaG_H": -0.004355132738749186,
    "thermo_stability": 0.4971396744251251,
    "synth_score": 0.7299323447573105
  }
}