{
  "id": "JVASP-75265",
  "atomic_numbers": [
    47,
    47,
    47,
    47,
    47,
    47,
    16,
    16,
    53,
    53
  ],
  "frac_coords": [
    [
      -0.07249804586172104,
      0.48659902811050415,
      0.4124126732349396
    ],
    [
      0.3249879777431488,
      0.9745015501976013,
      0.38342300057411194
    ],
    [
      0.33029916882514954,
      0.4762955605983734,
      0.6165756583213806
    ],
    [
      0.47232165932655334,
      0.7621247172355652,
      0.47709599137306213
    ],
    [
      0.7276181578636169,
      0.9862517714500427,
      0.5875882506370544
    ],
    [
      0.18316450715065002,
      0.2621869146823883,
      0.5229068398475647
    ],
    [
      0.6705130338668823,
      0.49239593744277954,
      0.5474294424057007
    ],
    [
      -0.015347357839345932,
      -0.007482144050300121,
      0.45257121324539185
    ],
    [
      0.5516929030418396,
      0.47311103343963623,
      0.33534112572669983
    ],
    [
      0.10340798646211624,
      -0.02451239712536335,
      0.6646558046340942
    ]
  ],
  "lattice": [
    [
      4.449879169464111,
      0.0035595570225268602,
      0.0
    ],
    [
      0.0015639434568583965,
      4.468014240264893,
      0.0
    ],
    [
      0.0,
      0.0,
      29.898582458496094
    ]
  ],
  "properties": {
    "deltaG_H": 0.005618846535682677,
    "thermo_stability": -2.0,
    "synth_score": 0.01798620996209156
  }
}