{
  "id": "JVASP-6742",
  "atomic_numbers": [
    26,
    26,
    17,
    17,
    17,
    17,
    17,
    17
  ],
  "frac_coords": [
    [
      0.0,
      0.0,
      0.33333495259284973
    ],
    [
      0.33333298563957214,
      0.6666669845581055,
      0.3333320617675781
    ],
    [
      0.30913245677948,
      0.3333347737789154,
      0.26653146743774414
    ],
    [
      0.666665256023407,
      0.9757987260818481,
      0.26653146743774414
    ],
    [
      0.024201294407248497,
      0.69086754322052,
      0.26653146743774414
    ],
    [
      0.024200530722737312,
      0.33333224058151245,
      0.4001355469226837
    ],
    [
      0.3091317117214203,
      0.9757994413375854,
      0.4001355469226837
    ],
    [
      0.6666677594184875,
      0.6908683180809021,
      0.4001355469226837
    ]
  ],
  "lattice": [
    [
      5.791947841644287,
      4.724624034224689e-07,
      0.0
    ],
    [
      -2.8959743976593018,
      5.015974044799805,
      0.0
    ],
    [
      0.0,
      0.0,
      19.233131408691406
    ]
  ],
  "properties": {
    "deltaG_H": 0.01636405408382416,
    "thermo_stability": -0.7487030496199927,
    "synth_score": 0.18281271363484605
  }
}