{
  "id": "JVASP-6397",
  "atomic_numbers": [
    24,
    24,
    53,
    53,
    53,
    53
  ],
  "frac_coords": [
    [
      0.331138014793396,
      0.025645000860095024,
      0.19745199382305145
    ],
    [
      0.831138014793396,
      0.5256450176239014,
      0.19745199382305145
    ],
    [
      0.4932955503463745,
      0.5256450176239014,
      0.2575189471244812
    ],
    [
      0.9932955503463745,
      0.025645000860095024,
      0.2575189471244812
    ],
    [
      0.6689794659614563,
      0.025645000860095024,
      0.1373860388994217
    ],
    [
      0.1689794510602951,
      0.5256450176239014,
      0.1373860388994217
    ]
  ],
  "lattice": [
    [
      7.476771354675293,
      0.0,
      0.0
    ],
    [
      0.0,
      3.9458072185516357,
      0.0
    ],
    [
      -3.298609972000122,
      0.0,
      27.31389617919922
    ]
  ],
  "properties": {
    "deltaG_H": 0.024446660975615188,
    "thermo_stability": -0.4148659278949103,
    "synth_score": 0.303701770844413
  }
}