{
  "id": "JVASP-9035",
  "atomic_numbers": [
    38,
    38,
    7,
    7,
    17
  ],
  "frac_coords": [
    [
      0.6666808128356934,
      0.33331915736198425,
      0.42782261967658997
    ],
    [
      7.030687811493408e-06,
      -7.030689175735461e-06,
      0.5759908556938171
    ],
    [
      -3.719748974617687e-06,
      3.71974783774931e-06,
      0.40642017126083374
    ],
    [
      0.6666720509529114,
      0.3333279490470886,
      0.5973839163780212
    ],
    [
      0.3333438038825989,
      0.6666561961174011,
      0.5019064545631409
    ]
  ],
  "lattice": [
    [
      4.178903579711914,
      -1.4356810424942523e-05,
      0.0
    ],
    [
      -2.0894641876220703,
      3.6190288066864014,
      0.0
    ],
    [
      0.0,
      0.0,
      28.32200050354004
    ]
  ],
  "properties": {
    "deltaG_H": 0.016731735038757325,
    "thermo_stability": -1.6382862796386086,
    "synth_score": 0.03638369140686745
  }
}