{
  "id": "JVASP-27727",
  "atomic_numbers": [
    56,
    56,
    7
  ],
  "frac_coords": [
    [
      4.554772203846369e-06,
      -4.554772203846369e-06,
      0.2357589453458786
    ],
    [
      0.33331912755966187,
      0.6666808724403381,
      0.3534104526042938
    ],
    [
      0.6666763424873352,
      0.3333236873149872,
      0.2945806086063385
    ]
  ],
  "lattice": [
    [
      3.9719767570495605,
      0.00015233371232170612,
      0.0
    ],
    [
      -1.985856533050537,
      3.439908981323242,
      0.0
    ],
    [
      0.0,
      0.0,
      25.826099395751953
    ]
  ],
  "properties": {
    "deltaG_H": 0.02166057401895523,
    "thermo_stability": -0.40162572463353485,
    "synth_score": 0.3093304323084633
  }
}