{
  "id": "JVASP-13589",
  "atomic_numbers": [
    20,
    20,
    1,
    1,
    53,
    53
  ],
  "frac_coords": [
    [
      0.6692249774932861,
      0.16922500729560852,
      0.20179817080497742
    ],
    [
      0.16922500729560852,
      0.6692249774932861,
      0.11840683221817017
    ],
    [
      0.16922500729560852,
      0.16922500729560852,
      0.1601019948720932
    ],
    [
      0.6692249774932861,
      0.6692249774932861,
      0.1601019948720932
    ],
    [
      0.16922500729560852,
      0.6692249774932861,
      0.2560346722602844
    ],
    [
      0.6692249774932861,
      0.16922500729560852,
      0.06417033076286316
    ]
  ],
  "lattice": [
    [
      3.989208221435547,
      0.0,
      0.0
    ],
    [
      0.0,
      3.989208221435547,
      0.0
    ],
    [
      0.0,
      0.0,
      29.42063331604004
    ]
  ],
  "properties": {
    "deltaG_H": 0.01632865568002065,
    "thermo_stability": -1.5227389131983124,
    "synth_score": 0.04541311063716183
  }
}