{
  "id": "JVASP-14459",
  "atomic_numbers": [
    83,
    8,
    8
  ],
  "frac_coords": [
    [
      0.6666669845581055,
      0.33333298563957214,
      0.07562500238418579
    ],
    [
      0.33333298563957214,
      0.6666669845581055,
      0.03306737169623375
    ],
    [
      0.33333298563957214,
      0.6666669845581055,
      0.11818163096904755
    ]
  ],
  "lattice": [
    [
      3.6874706745147705,
      0.0,
      0.0
    ],
    [
      -1.8437353372573853,
      3.193443775177002,
      0.0
    ],
    [
      0.0,
      0.0,
      25.80638313293457
    ]
  ],
  "properties": {
    "deltaG_H": 0.007894201616446175,
    "thermo_stability": 0.5283436434964339,
    "synth_score": 0.7420569727528818
  }
}