{
  "id": "JVASP-76507",
  "atomic_numbers": [
    31,
    31,
    34,
    34
  ],
  "frac_coords": [
    [
      0.3333339989185333,
      0.6666659712791443,
      0.04740942642092705
    ],
    [
      0.3333339989185333,
      0.6666659712791443,
      0.14633247256278992
    ],
    [
      0.0,
      0.0,
      0.19375690817832947
    ],
    [
      0.0,
      0.0,
      9.81891862466e-05
    ]
  ],
  "lattice": [
    [
      1.8989338874816895,
      -3.2890496253967285,
      0.0
    ],
    [
      1.8989338874816895,
      3.2890496253967285,
      0.0
    ],
    [
      0.0,
      0.0,
      24.808006286621094
    ]
  ],
  "properties": {
    "deltaG_H": 0.0127084943652153,
    "thermo_stability": -1.6220892886320755,
    "synth_score": 0.037536636315582114
  }
}