{
  "id": "JVASP-28296",
  "atomic_numbers": [
    50,
    8,
    8
  ],
  "frac_coords": [
    [
      0.33333298563957214,
      0.6666669845581055,
      0.5
    ],
    [
      0.0,
      0.0,
      0.5456820726394653
    ],
    [
      0.6666669845581055,
      0.33333298563957214,
      0.45431792736053467
    ]
  ],
  "lattice": [
    [
      3.2296175956726074,
      -8.240146898153e-10,
      0.0
    ],
    [
      -1.6148083209991455,
      2.7969307899475098,
      0.0
    ],
    [
      0.0,
      0.0,
      22.030750274658203
    ]
  ],
  "properties": {
    "deltaG_H": 0.007217036883036295,
    "thermo_stability": 0.036522828539212515,
    "synth_score": 0.5182532988626836
  }
}