{
  "id": "JVASP-774",
  "atomic_numbers": [
    22,
    16,
    16
  ],
  "frac_coords": [
    [
      0.9988170266151428,
      0.9976339936256409,
      0.1907220035791397
    ],
    [
      0.38518592715263367,
      0.7703718543052673,
      0.23795410990715027
    ],
    [
      0.6124480962753296,
      0.22489717602729797,
      0.14348888397216797
    ]
  ],
  "lattice": [
    [
      3.4084949493408203,
      0.0,
      0.0
    ],
    [
      -1.7042474746704102,
      2.883155345916748,
      -0.6339460015296936
    ],
    [
      0.0,
      -0.014331302605569363,
      30.81903076171875
    ]
  ],
  "properties": {
    "deltaG_H": 0.008331572810808818,
    "thermo_stability": -0.12096761862436933,
    "synth_score": 0.4398094971886651
  }
}