{
  "id": "JVASP-77690",
  "atomic_numbers": [
    51,
    51,
    35,
    35,
    8,
    8
  ],
  "frac_coords": [
    [
      0.5,
      0.0,
      0.5480380058288574
    ],
    [
      0.0,
      0.5,
      0.4519619643688202
    ],
    [
      0.0,
      0.5,
      0.6102948784828186
    ],
    [
      0.5,
      0.0,
      0.3897051215171814
    ],
    [
      0.0,
      0.0,
      0.5
    ],
    [
      0.5,
      0.5,
      0.5
    ]
  ],
  "lattice": [
    [
      3.822145938873291,
      0.0,
      0.0
    ],
    [
      0.0,
      3.822145938873291,
      0.0
    ],
    [
      0.0,
      0.0,
      25.596942901611328
    ]
  ],
  "properties": {
    "deltaG_H": 0.011704538504282633,
    "thermo_stability": -2.0,
    "synth_score": 0.01798620996209156
  }
}