{
  "id": "JVASP-667",
  "atomic_numbers": [
    6,
    6
  ],
  "frac_coords": [
    [
      0.0,
      0.0,
      0.06333000212907791
    ],
    [
      0.33333298563957214,
      0.6666669845581055,
      0.06333000212907791
    ]
  ],
  "lattice": [
    [
      1.2320971488952637,
      -2.134054183959961,
      0.0
    ],
    [
      1.2320971488952637,
      2.134054183959961,
      0.0
    ],
    [
      0.0,
      0.0,
      30.80307388305664
    ]
  ],
  "properties": {
    "deltaG_H": -0.0015459728240966794,
    "thermo_stability": 0.4393378227949142,
    "synth_score": 0.7065477071710335
  }
}