{
  "id": "JVASP-9065",
  "atomic_numbers": [
    37,
    37,
    3,
    3,
    34,
    34
  ],
  "frac_coords": [
    [
      0.8204470276832581,
      0.32044699788093567,
      0.2331160455942154
    ],
    [
      0.32044699788093567,
      0.8204470276832581,
      0.04241194576025009
    ],
    [
      0.8204470276832581,
      0.8204470276832581,
      0.13776400685310364
    ],
    [
      0.32044699788093567,
      0.32044699788093567,
      0.13776400685310364
    ],
    [
      0.32044699788093567,
      0.8204470276832581,
      0.1879265159368515
    ],
    [
      0.8204470276832581,
      0.32044699788093567,
      0.087600477039814
    ]
  ],
  "lattice": [
    [
      4.48350191116333,
      0.0,
      0.0
    ],
    [
      0.0,
      4.48350191116333,
      0.0
    ],
    [
      0.0,
      0.0,
      27.60628318786621
    ]
  ],
  "properties": {
    "deltaG_H": 0.017218850453694663,
    "thermo_stability": -1.5034018625815713,
    "synth_score": 0.047119448323358196
  }
}