{
  "id": "JVASP-7000",
  "atomic_numbers": [
    22,
    52,
    52
  ],
  "frac_coords": [
    [
      0.0,
      0.0,
      0.42701399326324463
    ],
    [
      0.33333298563957214,
      0.6666669845581055,
      0.3591303527355194
    ],
    [
      0.6666669845581055,
      0.33333298563957214,
      0.49489763379096985
    ]
  ],
  "lattice": [
    [
      3.7622904777526855,
      0.0,
      0.0
    ],
    [
      -1.8811452388763428,
      3.2582390308380127,
      0.0
    ],
    [
      0.0,
      0.0,
      25.542882919311523
    ]
  ],
  "properties": {
    "deltaG_H": 0.014538474480311077,
    "thermo_stability": -0.7035294344027838,
    "synth_score": 0.19669836444954833
  }
}