{
  "id": "JVASP-20054",
  "atomic_numbers": [
    15,
    15,
    15,
    15,
    15,
    15,
    15,
    15,
    16,
    16,
    16,
    16,
    16,
    16,
    16,
    16
  ],
  "frac_coords": [
    [
      0.9743925929069519,
      0.8138427734375,
      0.2164759635925293
    ],
    [
      0.0256073996424675,
      0.8138427734375,
      0.3462500274181366
    ],
    [
      0.16143092513084412,
      0.6089335680007935,
      0.31396594643592834
    ],
    [
      0.8385690450668335,
      0.6089335680007935,
      0.24876004457473755
    ],
    [
      0.4743925929069519,
      0.3138427436351776,
      0.2164759635925293
    ],
    [
      0.5256074070930481,
      0.3138427436351776,
      0.3462500274181366
    ],
    [
      0.6614309549331665,
      0.10893359035253525,
      0.31396594643592834
    ],
    [
      0.3385690748691559,
      0.10893359035253525,
      0.24876004457473755
    ],
    [
      2.7755575615628914e-17,
      0.4431000053882599,
      0.28136301040649414
    ],
    [
      2.7755575615628914e-17,
      0.979866087436676,
      0.28136301040649414
    ],
    [
      0.1768663227558136,
      0.7098405957221985,
      0.23855823278427124
    ],
    [
      0.8231337070465088,
      0.7098405957221985,
      0.32416775822639465
    ],
    [
      0.5,
      0.9431000351905823,
      0.28136301040649414
    ],
    [
      0.5,
      0.479866087436676,
      0.28136301040649414
    ],
    [
      0.6768662929534912,
      0.20984061062335968,
      0.23855823278427124
    ],
    [
      0.3231336772441864,
      0.20984061062335968,
      0.32416775822639465
    ]
  ],
  "lattice": [
    [
      9.779769897460938,
      0.0,
      0.0
    ],
    [
      0.0,
      8.298213005065918,
      0.0
    ],
    [
      -5.165201187133789,
      0.0,
      25.0
    ]
  ],
  "properties": {
    "deltaG_H": 0.005980903267860413,
    "thermo_stability": -0.7114732434352242,
    "synth_score": 0.19420008294241214
  }
}