{
  "id": "JVASP-6268",
  "atomic_numbers": [
    22,
    22,
    53,
    53,
    7,
    7
  ],
  "frac_coords": [
    [
      0.35543298721313477,
      0.7070729732513428,
      0.18577831983566284
    ],
    [
      0.8554329872131348,
      0.20707300305366516,
      0.13854767382144928
    ],
    [
      0.8554329872131348,
      0.7070729732513428,
      0.2601326107978821
    ],
    [
      0.35543298721313477,
      0.20707300305366516,
      0.06419239938259125
    ],
    [
      0.35543298721313477,
      0.20707300305366516,
      0.17302094399929047
    ],
    [
      0.8554329872131348,
      0.7070729732513428,
      0.15130406618118286
    ]
  ],
  "lattice": [
    [
      3.534170389175415,
      0.0,
      0.0
    ],
    [
      0.0,
      3.9627459049224854,
      0.0
    ],
    [
      0.0,
      0.0,
      29.60003662109375
    ]
  ],
  "properties": {
    "deltaG_H": 0.003755138655503592,
    "thermo_stability": -1.5906701157490417,
    "synth_score": 0.03987399279994102
  }
}