{
  "id": "JVASP-6067",
  "atomic_numbers": [
    25,
    35,
    35
  ],
  "frac_coords": [
    [
      0.43320798873901367,
      0.049180999398231506,
      0.13077199459075928
    ],
    [
      0.7665410041809082,
      0.7158480286598206,
      0.1868439018726349
    ],
    [
      0.09987500309944153,
      0.38251399993896484,
      0.07470009475946426
    ]
  ],
  "lattice": [
    [
      3.8440897464752197,
      -7.93142973520844e-09,
      0.0
    ],
    [
      -1.9220443964004517,
      3.3290793895721436,
      0.0
    ],
    [
      0.0,
      0.0,
      27.083515167236328
    ]
  ],
  "properties": {
    "deltaG_H": 0.0232081180314223,
    "thermo_stability": -0.3098038256168367,
    "synth_score": 0.349870690286014
  }
}