{
  "id": "JVASP-27766",
  "atomic_numbers": [
    24,
    24,
    47,
    47,
    15,
    15,
    15,
    15,
    16,
    16,
    16,
    16,
    16,
    16,
    16,
    16,
    16,
    16,
    16,
    16
  ],
  "frac_coords": [
    [
      0.3875789940357208,
      0.2618800103664398,
      0.17967799305915833
    ],
    [
      0.8875799775123596,
      0.42798200249671936,
      0.17967799305915833
    ],
    [
      0.3875789940357208,
      0.9054622650146484,
      0.17967799305915833
    ],
    [
      0.8875799775123596,
      0.7844007611274719,
      0.17967799305915833
    ],
    [
      0.42999255657196045,
      0.5916324853897095,
      0.2242840826511383
    ],
    [
      0.9299925565719604,
      0.09822849929332733,
      0.2242840826511383
    ],
    [
      0.3451654314994812,
      0.5916324853897095,
      0.13507191836833954
    ],
    [
      0.8451664447784424,
      0.09822849929332733,
      0.13507191836833954
    ],
    [
      0.6605164408683777,
      0.9490070343017578,
      0.10391537100076675
    ],
    [
      0.15357239544391632,
      0.4194716811180115,
      0.12150057405233383
    ],
    [
      0.16050998866558075,
      0.1116095781326294,
      0.11727540194988251
    ],
    [
      0.16051745414733887,
      0.7408549785614014,
      0.10391537100076675
    ],
    [
      0.11464153975248337,
      0.9490070343017578,
      0.2554396390914917
    ],
    [
      0.6146479845046997,
      0.1116095781326294,
      0.24207960069179535
    ],
    [
      0.12158560752868652,
      0.2703893184661865,
      0.23785541951656342
    ],
    [
      0.614641547203064,
      0.7408549785614014,
      0.2554396390914917
    ],
    [
      0.6605100035667419,
      0.5782514214515686,
      0.11727540194988251
    ],
    [
      0.6215856075286865,
      0.4194716811180115,
      0.23785541951656342
    ],
    [
      0.1146480068564415,
      0.5782514214515686,
      0.24207960069179535
    ],
    [
      0.6535723805427551,
      0.2703893184661865,
      0.12150057405233383
    ]
  ],
  "lattice": [
    [
      5.950404644012451,
      0.0,
      0.0
    ],
    [
      0.0,
      10.589573860168457,
      0.0
    ],
    [
      -6.476050853729248,
      0.0,
      25.0
    ]
  ],
  "properties": {
    "deltaG_H": -9.198997020721763e-05,
    "thermo_stability": -1.0154817422231042,
    "synth_score": 0.11599009329279165
  }
}