{
  "id": "JVASP-27906",
  "atomic_numbers": [
    24,
    24,
    17,
    17,
    8,
    8
  ],
  "frac_coords": [
    [
      0.0,
      0.0,
      0.5340057611465454
    ],
    [
      0.5,
      0.5,
      0.4659942090511322
    ],
    [
      0.5,
      0.0,
      0.6013909578323364
    ],
    [
      0.0,
      0.5,
      0.3986090421676636
    ],
    [
      0.5,
      0.0,
      0.48369312286376953
    ],
    [
      0.0,
      0.5,
      0.5163068771362305
    ]
  ],
  "lattice": [
    [
      3.197950601577759,
      0.0,
      0.0
    ],
    [
      0.0,
      3.860261917114258,
      0.0
    ],
    [
      0.0,
      0.0,
      25.153501510620117
    ]
  ],
  "properties": {
    "deltaG_H": 0.0022271792093912766,
    "thermo_stability": -1.7046985944112145,
    "synth_score": 0.032003066631465786
  }
}