{
  "id": "JVASP-60545",
  "atomic_numbers": [
    13,
    13,
    14,
    14,
    14,
    14,
    8,
    8,
    8,
    8,
    8,
    8,
    8,
    8,
    8,
    8,
    8
  ],
  "frac_coords": [
    [
      0.31263285875320435,
      0.8126173615455627,
      0.12673220038414001
    ],
    [
      0.6873671412467957,
      0.18738263845443726,
      0.12673379480838776
    ],
    [
      0.015911854803562164,
      0.17032717168331146,
      0.23032578825950623
    ],
    [
      0.984088122844696,
      0.8296728134155273,
      0.02314121089875698
    ],
    [
      0.6303828358650208,
      0.4759474992752075,
      0.02314024046063423
    ],
    [
      0.36961716413497925,
      0.5240525007247925,
      0.23032575845718384
    ],
    [
      0.4261573255062103,
      0.5253673195838928,
      0.17021286487579346
    ],
    [
      0.7809219360351562,
      0.13968431949615479,
      0.9988722205162048
    ],
    [
      0.9914034008979797,
      0.09060088545084,
      0.17021425068378448
    ],
    [
      0.8402379751205444,
      0.6162429451942444,
      0.013890902511775494
    ],
    [
      0.21907804906368256,
      0.8603156805038452,
      0.2545947730541229
    ],
    [
      0.6889981031417847,
      0.330245703458786,
      0.25459450483322144
    ],
    [
      0.15976202487945557,
      0.3837570548057556,
      0.23957610130310059
    ],
    [
      0.008596621453762054,
      0.9093990921974182,
      0.08325275033712387
    ],
    [
      0.5,
      0.0,
      0.12673300504684448
    ],
    [
      0.5738427042961121,
      0.4746326804161072,
      0.08325313031673431
    ],
    [
      0.31100189685821533,
      0.6697543263435364,
      0.9988725185394287
    ]
  ],
  "lattice": [
    [
      -5.240752220153809,
      0.013751449063420296,
      -0.16113699972629547
    ],
    [
      -2.511216878890991,
      -4.583540916442871,
      -0.4221859872341156
    ],
    [
      0.0,
      0.0,
      26.879226684570312
    ]
  ],
  "properties": {
    "deltaG_H": -0.020468519224840054,
    "thermo_stability": -2.0,
    "synth_score": 0.01798620996209156
  }
}