{
  "id": "JVASP-60589",
  "atomic_numbers": [
    28,
    52,
    8,
    8,
    8,
    8
  ],
  "frac_coords": [
    [
      0.5,
      0.5490720272064209,
      0.04907200112938881
    ],
    [
      0.0,
      0.04907200112938881,
      0.04907200112938881
    ],
    [
      0.0,
      0.7408013939857483,
      0.09167250245809555
    ],
    [
      0.0,
      0.3573426306247711,
      0.006471500266343355
    ],
    [
      0.5,
      0.21227948367595673,
      0.09797555208206177
    ],
    [
      0.5,
      0.8858655095100403,
      0.00016944586241152138
    ]
  ],
  "lattice": [
    [
      3.1107330322265625,
      0.0,
      0.0
    ],
    [
      0.0,
      5.2866950035095215,
      -0.27036699652671814
    ],
    [
      0.0,
      0.0,
      21.79817771911621
    ]
  ],
  "properties": {
    "deltaG_H": -0.0002556603650252028,
    "thermo_stability": -0.06652918159961718,
    "synth_score": 0.4667844002889253
  }
}