{
  "id": "JVASP-60361",
  "atomic_numbers": [
    92,
    92,
    52,
    52,
    7,
    7
  ],
  "frac_coords": [
    [
      0.0,
      0.5,
      0.06577277183532715
    ],
    [
      0.5,
      0.0,
      0.15727122128009796
    ],
    [
      0.0,
      0.5,
      0.2247360348701477
    ],
    [
      0.5,
      0.0,
      -0.0016910294070839882
    ],
    [
      0.0,
      0.0,
      0.11152199655771255
    ],
    [
      0.5,
      0.5,
      0.11152199655771255
    ]
  ],
  "lattice": [
    [
      3.8470587730407715,
      -0.0,
      0.0
    ],
    [
      0.0,
      3.8470587730407715,
      0.0
    ],
    [
      0.0,
      0.0,
      25.741512298583984
    ]
  ],
  "properties": {
    "deltaG_H": 0.002912819524606069,
    "thermo_stability": -2.0,
    "synth_score": 0.01798620996209156
  }
}