{
  "id": "JVASP-60459",
  "atomic_numbers": [
    92,
    92,
    52,
    52,
    52,
    52,
    52,
    52
  ],
  "frac_coords": [
    [
      0.75,
      0.7217686772346497,
      0.06675387918949127
    ],
    [
      0.25,
      0.27823129296302795,
      0.1912251114845276
    ],
    [
      0.25,
      0.4495922029018402,
      0.0005386046250350773
    ],
    [
      0.25,
      0.7606351971626282,
      0.15240037441253662
    ],
    [
      0.25,
      0.9345386624336243,
      0.0005376132903620601
    ],
    [
      0.75,
      0.23936478793621063,
      0.10557862371206284
    ],
    [
      0.75,
      0.5504078269004822,
      0.25743940472602844
    ],
    [
      0.75,
      0.06546133011579514,
      0.25744038820266724
    ]
  ],
  "lattice": [
    [
      -4.171352386474609,
      0.0,
      0.0
    ],
    [
      0.0,
      -6.052236080169678,
      -0.6168689727783203
    ],
    [
      0.0,
      0.0,
      26.95338249206543
    ]
  ],
  "properties": {
    "deltaG_H": 0.016366327404975893,
    "thermo_stability": -2.0,
    "synth_score": 0.01798620996209156
  }
}