{
  "id": "JVASP-60322",
  "atomic_numbers": [
    41,
    41,
    41,
    41,
    14,
    14,
    52,
    52,
    52,
    52,
    52,
    52,
    52,
    52
  ],
  "frac_coords": [
    [
      0.7128151059150696,
      0.3542724549770355,
      0.08015520125627518
    ],
    [
      0.03650012984871864,
      0.1457289755344391,
      0.0801541656255722
    ],
    [
      0.21281512081623077,
      0.6457275748252869,
      0.08015279471874237
    ],
    [
      0.5365001559257507,
      0.8542710542678833,
      0.08015483617782593
    ],
    [
      0.3746563792228699,
      0.24999810755252838,
      0.08014994114637375
    ],
    [
      0.8746563792228699,
      0.7500019073486328,
      0.0801580548286438
    ],
    [
      0.9848052859306335,
      0.5104436278343201,
      0.16086207330226898
    ],
    [
      0.7645172476768494,
      0.9895515441894531,
      -0.0005512178759090602
    ],
    [
      0.264517217874527,
      0.010448437184095383,
      0.16086021065711975
    ],
    [
      0.9847821593284607,
      0.4327644109725952,
      -0.0005509770126082003
    ],
    [
      0.2645226716995239,
      0.9327569007873535,
      -0.0005541592836380005
    ],
    [
      0.7645226716995239,
      0.06724309921264648,
      0.16086216270923615
    ],
    [
      0.48480531573295593,
      0.48955637216567993,
      -0.0005540682468563318
    ],
    [
      0.4847821295261383,
      0.5672355890274048,
      0.16085997223854065
    ]
  ],
  "lattice": [
    [
      -7.956305503845215,
      0.0,
      0.0
    ],
    [
      0.0,
      -6.367351055145264,
      -0.8331419825553894
    ],
    [
      0.0,
      0.0,
      23.81825828552246
    ]
  ],
  "properties": {
    "deltaG_H": 0.014753528407641818,
    "thermo_stability": -1.270031747221947,
    "synth_score": 0.07309687132107487
  }
}