{
  "id": "JVASP-78035",
  "atomic_numbers": [
    58,
    52,
    52
  ],
  "frac_coords": [
    [
      0.16630133986473083,
      0.33260366320610046,
      0.27656248211860657
    ],
    [
      0.8775954246520996,
      0.755189836025238,
      0.3590582609176636
    ],
    [
      0.7883022427558899,
      0.576605498790741,
      0.19406627118587494
    ]
  ],
  "lattice": [
    [
      4.254215717315674,
      4.135431996843408e-09,
      0.0
    ],
    [
      -2.1271073818206787,
      3.6287288665771484,
      -0.6322839856147766
    ],
    [
      3.0259700994905714e-11,
      0.031274378299713135,
      23.421762466430664
    ]
  ],
  "properties": {
    "deltaG_H": 0.02051565061012904,
    "thermo_stability": -1.1003142515818278,
    "synth_score": 0.09969406352495805
  }
}