{
  "id": "JVASP-60244",
  "atomic_numbers": [
    26,
    26,
    34,
    34
  ],
  "frac_coords": [
    [
      0.0,
      0.0,
      0.061000000685453415
    ],
    [
      0.5,
      0.5,
      0.061000000685453415
    ],
    [
      0.5,
      0.0,
      0.12233959883451462
    ],
    [
      0.0,
      0.5,
      0.9996594190597534
    ]
  ],
  "lattice": [
    [
      3.665499687194824,
      0.0,
      0.0
    ],
    [
      -0.0,
      3.665499687194824,
      0.0
    ],
    [
      0.0,
      0.0,
      22.77901840209961
    ]
  ],
  "properties": {
    "deltaG_H": -0.01268069267272949,
    "thermo_stability": -2.0,
    "synth_score": 0.01798620996209156
  }
}