{
  "id": "JVASP-76297",
  "atomic_numbers": [
    14,
    14,
    14,
    14,
    14,
    14,
    33,
    33,
    33,
    33,
    33,
    33
  ],
  "frac_coords": [
    [
      0.8971964716911316,
      0.2521716356277466,
      0.9534356594085693
    ],
    [
      0.9376444816589355,
      0.2672047019004822,
      0.8575062155723572
    ],
    [
      0.3003045320510864,
      0.5503273606300354,
      0.8490633368492126
    ],
    [
      0.5407031774520874,
      0.00482382345944643,
      0.9137697815895081
    ],
    [
      0.25985655188560486,
      0.5352942943572998,
      0.9449927806854248
    ],
    [
      0.6567978262901306,
      0.7976751923561096,
      0.8887292146682739
    ],
    [
      0.8666510581970215,
      0.4645184278488159,
      0.8021795153617859
    ],
    [
      0.5136818289756775,
      0.1429028958082199,
      0.8297333717346191
    ],
    [
      0.9982473850250244,
      0.02831868827342987,
      0.9751865863800049
    ],
    [
      0.33084994554519653,
      0.33798056840896606,
      0.0003194868622813374
    ],
    [
      0.1992536038160324,
      0.7741802930831909,
      0.8273124098777771
    ],
    [
      0.6838191747665405,
      0.6595960855484009,
      0.9727656245231628
    ]
  ],
  "lattice": [
    [
      3.4382176399230957,
      -1.3379756212234497,
      0.27546998858451843
    ],
    [
      5.508732318878174,
      9.276251792907715,
      1.1160399913787842
    ],
    [
      0.0,
      0.0,
      24.799022674560547
    ]
  ],
  "properties": {
    "deltaG_H": -0.003936895370483398,
    "thermo_stability": -2.0,
    "synth_score": 0.01798620996209156
  }
}