{
  "id": "JVASP-6532",
  "atomic_numbers": [
    51,
    51,
    17,
    17,
    17,
    17,
    17,
    17,
    17,
    17,
    17,
    17
  ],
  "frac_coords": [
    [
      0.24535422027111053,
      0.3170003592967987,
      0.6974784135818481
    ],
    [
      0.7695387601852417,
      0.7207596302032471,
      0.5915915966033936
    ],
    [
      0.6474220752716064,
      0.3551306426525116,
      0.5814040899276733
    ],
    [
      0.21002833545207977,
      0.18801608681678772,
      0.6268138289451599
    ],
    [
      0.8048646450042725,
      0.8497439026832581,
      0.6622561812400818
    ],
    [
      0.3674699366092682,
      0.6826293468475342,
      0.7076659202575684
    ],
    [
      0.5265094041824341,
      0.23941563069820404,
      0.6994695663452148
    ],
    [
      0.9646363258361816,
      0.39251503348350525,
      0.6979732513427734
    ],
    [
      0.16271935403347015,
      0.08204992860555649,
      0.7557907700538635
    ],
    [
      0.8521736264228821,
      0.9557100534439087,
      0.5332792401313782
    ],
    [
      0.05025670304894447,
      0.6452449560165405,
      0.5910967588424683
    ],
    [
      0.48838359117507935,
      0.7983443737030029,
      0.5896004438400269
    ]
  ],
  "lattice": [
    [
      7.803901195526123,
      1.5061085224151611,
      0.0
    ],
    [
      -2.546828508377075,
      5.829239368438721,
      0.0
    ],
    [
      0.0,
      0.0,
      31.01024627685547
    ]
  ],
  "properties": {
    "deltaG_H": 0.020085831006368002,
    "thermo_stability": -2.0,
    "synth_score": 0.01798620996209156
  }
}