{
  "id": "JVASP-5896",
  "atomic_numbers": [
    72,
    72,
    34,
    34,
    34,
    34,
    34,
    34
  ],
  "frac_coords": [
    [
      0.21301783621311188,
      0.25,
      0.11141357570886612
    ],
    [
      0.7869821786880493,
      0.75,
      0.20806242525577545
    ],
    [
      0.9525339007377625,
      0.75,
      0.05860581994056702
    ],
    [
      0.39311525225639343,
      0.75,
      0.058671604841947556
    ],
    [
      0.7374967336654663,
      0.25,
      0.1433570384979248
    ],
    [
      0.2625032365322113,
      0.75,
      0.17611895501613617
    ],
    [
      0.606884777545929,
      0.25,
      0.2608053982257843
    ],
    [
      0.04746607691049576,
      0.25,
      0.26087117195129395
    ]
  ],
  "lattice": [
    [
      5.387988567352295,
      0.0,
      -0.7323169708251953
    ],
    [
      0.0,
      3.7335522174835205,
      0.0
    ],
    [
      0.0,
      0.0,
      30.85860824584961
    ]
  ],
  "properties": {
    "deltaG_H": 0.006362703442573547,
    "thermo_stability": -1.8273076335589096,
    "synth_score": 0.025218997162765978
  }
}