{
  "id": "JVASP-8891",
  "atomic_numbers": [
    56,
    56,
    53,
    53,
    9,
    9
  ],
  "frac_coords": [
    [
      0.3575200140476227,
      0.8575189709663391,
      0.1960371732711792
    ],
    [
      0.8575189709663391,
      0.3575200140476227,
      0.09218982607126236
    ],
    [
      0.8575189709663391,
      0.3575200140476227,
      0.2534605860710144
    ],
    [
      0.3575200140476227,
      0.8575189709663391,
      0.03476542606949806
    ],
    [
      0.3575200140476227,
      0.3575200140476227,
      0.14411300420761108
    ],
    [
      0.8575189709663391,
      0.8575189709663391,
      0.14411300420761108
    ]
  ],
  "lattice": [
    [
      4.511247634887695,
      0.0,
      0.0
    ],
    [
      0.0,
      4.511247634887695,
      0.0
    ],
    [
      0.0,
      0.0,
      28.09880828857422
    ]
  ],
  "properties": {
    "deltaG_H": 0.026019622484842936,
    "thermo_stability": -1.9699167504906656,
    "synth_score": 0.01908031330382749
  }
}