{
  "id": "JVASP-28153",
  "atomic_numbers": [
    80,
    80,
    9,
    9
  ],
  "frac_coords": [
    [
      0.0,
      0.0,
      0.452201783657074
    ],
    [
      0.0,
      0.0,
      0.547798216342926
    ],
    [
      0.0,
      0.0,
      0.378571093082428
    ],
    [
      0.0,
      0.0,
      0.621428906917572
    ]
  ],
  "lattice": [
    [
      3.8345413208007812,
      0.0,
      0.0
    ],
    [
      0.0,
      3.8345413208007812,
      0.0
    ],
    [
      0.0,
      0.0,
      26.918014526367188
    ]
  ],
  "properties": {
    "deltaG_H": 0.0022826838493347173,
    "thermo_stability": -2.0,
    "synth_score": 0.01798620996209156
  }
}