{
  "id": "JVASP-6118",
  "atomic_numbers": [
    22,
    22,
    53,
    53,
    53,
    53,
    53,
    53
  ],
  "frac_coords": [
    [
      0.7290409803390503,
      0.7529663443565369,
      0.26321300864219666
    ],
    [
      0.2709589898586273,
      0.7529663443565369,
      0.26321300864219666
    ],
    [
      0.5,
      0.589057445526123,
      0.1834864765405655
    ],
    [
      0.0,
      0.9112280607223511,
      0.18664252758026123
    ],
    [
      0.5,
      0.0794340968132019,
      0.26321300864219666
    ],
    [
      0.0,
      0.438785195350647,
      0.26321300864219666
    ],
    [
      0.0,
      0.9112280607223511,
      0.3397844731807709
    ],
    [
      0.5,
      0.589057445526123,
      0.3429405093193054
    ]
  ],
  "lattice": [
    [
      6.407143592834473,
      0.0,
      0.0
    ],
    [
      0.0,
      7.117742538452148,
      0.0
    ],
    [
      0.0,
      0.0,
      25.33926773071289
    ]
  ],
  "properties": {
    "deltaG_H": 0.025527073442935942,
    "thermo_stability": -1.0482539157072703,
    "synth_score": 0.10943670512045503
  }
}