{
  "id": "JVASP-5980",
  "atomic_numbers": [
    73,
    34,
    34
  ],
  "frac_coords": [
    [
      0.33333298563957214,
      0.6666669845581055,
      0.12607437372207642
    ],
    [
      0.6666669845581055,
      0.33333298563957214,
      0.06728319823741913
    ],
    [
      0.6666669845581055,
      0.33333298563957214,
      0.18486042320728302
    ]
  ],
  "lattice": [
    [
      3.473020553588867,
      0.0,
      0.0
    ],
    [
      -1.7365102767944336,
      3.0077242851257324,
      0.0
    ],
    [
      0.0,
      0.0,
      28.52157974243164
    ]
  ],
  "properties": {
    "deltaG_H": 0.011590798894564311,
    "thermo_stability": -0.012705846875906035,
    "synth_score": 0.4936474184088772
  }
}