{
  "id": "JVASP-20041",
  "atomic_numbers": [
    71,
    71,
    71,
    71,
    15,
    15,
    15,
    15,
    16,
    16,
    16,
    16,
    16,
    16,
    16,
    16,
    16,
    16,
    16,
    16,
    16,
    16,
    16,
    16
  ],
  "frac_coords": [
    [
      0.1642334759235382,
      0.32023003697395325,
      0.14852513372898102
    ],
    [
      0.3357035219669342,
      0.8202300667762756,
      0.11897087097167969
    ],
    [
      0.664234459400177,
      0.17976994812488556,
      0.14852513372898102
    ],
    [
      0.8357035517692566,
      0.6797699332237244,
      0.11897087097167969
    ],
    [
      0.03874250128865242,
      0.7702058553695679,
      0.08392879366874695
    ],
    [
      0.4611944854259491,
      0.27020585536956787,
      0.18356621265411377
    ],
    [
      0.5387424826622009,
      0.7297941446304321,
      0.08392879366874695
    ],
    [
      0.9611945152282715,
      0.22979414463043213,
      0.18356621265411377
    ],
    [
      0.8841851353645325,
      0.9589042067527771,
      0.1918586790561676
    ],
    [
      0.8625749349594116,
      0.4529770314693451,
      0.19644711911678314
    ],
    [
      0.6373620629310608,
      0.9529770612716675,
      0.07104888558387756
    ],
    [
      0.6157518625259399,
      0.4589042067527771,
      0.0756373181939125
    ],
    [
      0.5872023701667786,
      0.7685313820838928,
      0.15506920218467712
    ],
    [
      0.6464220285415649,
      0.2534874975681305,
      0.22578173875808716
    ],
    [
      0.35351496934890747,
      0.7465125322341919,
      0.04171326756477356
    ],
    [
      0.1373620629310608,
      0.5470229387283325,
      0.07104888558387756
    ],
    [
      0.38418513536453247,
      0.5410957932472229,
      0.1918586790561676
    ],
    [
      0.3625749349594116,
      0.04702295735478401,
      0.19644711911678314
    ],
    [
      0.9127346277236938,
      0.26853135228157043,
      0.11242680251598358
    ],
    [
      0.11575186252593994,
      0.041095804423093796,
      0.0756373181939125
    ],
    [
      0.08720235526561737,
      0.7314686179161072,
      0.15506920218467712
    ],
    [
      0.14642204344272614,
      0.2465125173330307,
      0.22578173875808716
    ],
    [
      0.41273465752601624,
      0.23146863281726837,
      0.11242680251598358
    ],
    [
      0.8535149693489075,
      0.7534874677658081,
      0.04171326756477356
    ]
  ],
  "lattice": [
    [
      12.478296279907227,
      0.0,
      0.0
    ],
    [
      0.0,
      6.442269325256348,
      0.0
    ],
    [
      -16.39479637145996,
      0.0,
      28.0
    ]
  ],
  "properties": {
    "deltaG_H": 0.00013822368780771552,
    "thermo_stability": -1.568151754140854,
    "synth_score": 0.041634363157385806
  }
}