{
  "id": "JVASP-60254",
  "atomic_numbers": [
    49,
    29,
    15,
    15,
    34,
    34,
    34,
    34,
    34,
    34
  ],
  "frac_coords": [
    [
      0.0,
      0.0,
      0.8507519960403442
    ],
    [
      0.3333339989185333,
      0.6666679978370667,
      0.8507519960403442
    ],
    [
      0.6666659712791443,
      0.33333200216293335,
      0.8021625280380249
    ],
    [
      0.6666659712791443,
      0.33333200216293335,
      0.8993414640426636
    ],
    [
      0.34103214740753174,
      0.3485136330127716,
      0.7771384716033936
    ],
    [
      0.007481478154659271,
      0.6589678525924683,
      0.7771384716033936
    ],
    [
      0.007481478154659271,
      0.3485136330127716,
      0.9243655204772949
    ],
    [
      0.6514863967895508,
      0.6589678525924683,
      0.9243655204772949
    ],
    [
      0.34103214740753174,
      0.9925185441970825,
      0.9243655204772949
    ],
    [
      0.6514863967895508,
      0.9925185441970825,
      0.7771384716033936
    ]
  ],
  "lattice": [
    [
      -6.427133083343506,
      0.0,
      0.0
    ],
    [
      3.213566541671753,
      5.566061019897461,
      0.0
    ],
    [
      0.0,
      0.0,
      -23.432262420654297
    ]
  ],
  "properties": {
    "deltaG_H": 0.00639747371673584,
    "thermo_stability": -0.9742601136366527,
    "synth_score": 0.12471480200272178
  }
}