{
  "id": "JVASP-13608",
  "atomic_numbers": [
    41,
    41,
    41,
    41,
    41,
    41,
    32,
    32,
    52,
    52,
    52,
    52,
    52,
    52,
    52,
    52,
    52,
    52,
    52,
    52
  ],
  "frac_coords": [
    [
      0.3268005847930908,
      0.3335288465023041,
      0.13853299617767334
    ],
    [
      0.03638608008623123,
      0.6853094696998596,
      0.13853299617767334
    ],
    [
      0.802577793598175,
      0.46838366985321045,
      0.13853299617767334
    ],
    [
      0.30257776379585266,
      0.03161633387207985,
      0.13853299617767334
    ],
    [
      0.5363860726356506,
      0.8146905303001404,
      0.13853299617767334
    ],
    [
      0.8268005847930908,
      0.16647115349769592,
      0.13853299617767334
    ],
    [
      0.4248723089694977,
      0.5752001404762268,
      0.13853299617767334
    ],
    [
      0.9248723387718201,
      0.9247998595237732,
      0.13853299617767334
    ],
    [
      0.7158430218696594,
      0.660805344581604,
      0.20906145870685577
    ],
    [
      0.21584302186965942,
      0.839194655418396,
      0.20906145870685577
    ],
    [
      0.6351273059844971,
      0.007436455227434635,
      0.20727866888046265
    ],
    [
      0.13512732088565826,
      0.49256354570388794,
      0.20727866888046265
    ],
    [
      0.6351273059844971,
      0.007436455227434635,
      0.06978732347488403
    ],
    [
      0.6453837752342224,
      0.31861045956611633,
      0.06799359619617462
    ],
    [
      0.7158430218696594,
      0.660805344581604,
      0.06800554692745209
    ],
    [
      0.21584302186965942,
      0.839194655418396,
      0.06800554692745209
    ],
    [
      0.6453837752342224,
      0.31861045956611633,
      0.20907239615917206
    ],
    [
      0.1453837901353836,
      0.18138954043388367,
      0.06799359619617462
    ],
    [
      0.13512732088565826,
      0.49256354570388794,
      0.06978732347488403
    ],
    [
      0.1453837901353836,
      0.18138954043388367,
      0.20907239615917206
    ]
  ],
  "lattice": [
    [
      6.532959938049316,
      0.0,
      0.0
    ],
    [
      0.0,
      11.687202453613281,
      0.0
    ],
    [
      0.0,
      0.0,
      26.913854598999023
    ]
  ],
  "properties": {
    "deltaG_H": 0.014985540509223936,
    "thermo_stability": -0.8390815476576488,
    "synth_score": 0.15733885858114383
  }
}