{
  "id": "JVASP-6187",
  "atomic_numbers": [
    79,
    79,
    53,
    53
  ],
  "frac_coords": [
    [
      0.25,
      0.75,
      0.13892699778079987
    ],
    [
      0.75,
      0.25,
      0.13892699778079987
    ],
    [
      0.5,
      0.0,
      0.05697266757488251
    ],
    [
      1.734723475976807e-18,
      0.5,
      0.22088132798671722
    ]
  ],
  "lattice": [
    [
      4.271815776824951,
      -0.12059661746025085,
      0.0
    ],
    [
      -0.12059661746025085,
      4.271815776824951,
      0.0
    ],
    [
      0.0,
      0.0,
      27.009214401245117
    ]
  ],
  "properties": {
    "deltaG_H": 0.01733965039253235,
    "thermo_stability": -1.2130610068639123,
    "synth_score": 0.08120232849516566
  }
}