{
  "id": "JVASP-6319",
  "atomic_numbers": [
    24,
    24,
    14,
    14,
    52,
    52,
    52,
    52,
    52,
    52
  ],
  "frac_coords": [
    [
      0.0,
      0.0,
      0.13670261204242706
    ],
    [
      0.6666669845581055,
      0.33333298563957214,
      0.136682391166687
    ],
    [
      0.33333298563957214,
      0.6666669845581055,
      0.09543344378471375
    ],
    [
      0.33333298563957214,
      0.6666669845581055,
      0.17795056104660034
    ],
    [
      0.6971355080604553,
      0.6666760444641113,
      0.07432309538125992
    ],
    [
      0.9695405960083008,
      0.30286452174186707,
      0.07432309538125992
    ],
    [
      0.33332395553588867,
      0.030459430068731308,
      0.07432309538125992
    ],
    [
      0.6971254348754883,
      0.03046848624944687,
      0.19906090199947357
    ],
    [
      0.9695315361022949,
      0.6666569709777832,
      0.19906090199947357
    ],
    [
      0.3333430588245392,
      0.3028745651245117,
      0.19906090199947357
    ]
  ],
  "lattice": [
    [
      6.827188968658447,
      9.980841753076675e-08,
      0.0
    ],
    [
      -3.413595199584961,
      5.912519931793213,
      0.0
    ],
    [
      0.0,
      0.0,
      27.8015193939209
    ]
  ],
  "properties": {
    "deltaG_H": 0.0073872686326503754,
    "thermo_stability": -0.5920572251081466,
    "synth_score": 0.2343132137556925
  }
}