{
  "id": "JVASP-759",
  "atomic_numbers": [
    50,
    16,
    16
  ],
  "frac_coords": [
    [
      0.6666669845581055,
      0.33333298563957214,
      0.29993224143981934
    ],
    [
      0.33333298563957214,
      0.6666669845581055,
      0.2553887665271759
    ],
    [
      0.0,
      0.0,
      0.34446999430656433
    ]
  ],
  "lattice": [
    [
      1.8481389284133911,
      -3.2010703086853027,
      0.0
    ],
    [
      1.8481389284133911,
      3.2010703086853027,
      0.0
    ],
    [
      0.0,
      0.0,
      33.32817459106445
    ]
  ],
  "properties": {
    "deltaG_H": 0.01687533656756083,
    "thermo_stability": 0.07457145353158312,
    "synth_score": 0.5372167660683009
  }
}