{
  "id": "JVASP-6391",
  "atomic_numbers": [
    13,
    13,
    13,
    13,
    13,
    13,
    52,
    52,
    52,
    52,
    52,
    52,
    53,
    53
  ],
  "frac_coords": [
    [
      0.25,
      0.1596488058567047,
      0.2612808346748352
    ],
    [
      0.75,
      0.4514772891998291,
      0.28587451577186584
    ],
    [
      0.25,
      0.6762503385543823,
      0.34713485836982727
    ],
    [
      0.75,
      0.3237496316432953,
      0.35591015219688416
    ],
    [
      0.25,
      0.5485227108001709,
      0.41717150807380676
    ],
    [
      0.75,
      0.8403512239456177,
      0.441765159368515
    ],
    [
      0.75,
      0.27625933289527893,
      0.22430936992168427
    ],
    [
      0.25,
      0.5950196981430054,
      0.26373574137687683
    ],
    [
      0.25,
      0.1671503335237503,
      0.3497617840766907
    ],
    [
      0.75,
      0.8328496813774109,
      0.35328420996665955
    ],
    [
      0.75,
      0.404980331659317,
      0.4393102526664734
    ],
    [
      0.25,
      0.7237406373023987,
      0.47873663902282715
    ],
    [
      0.25,
      0.9452118873596191,
      0.2358764111995697
    ],
    [
      0.75,
      0.054788097739219666,
      0.4671695828437805
    ]
  ],
  "lattice": [
    [
      4.1341776847839355,
      0.0,
      0.0
    ],
    [
      0.0,
      11.183070182800293,
      0.0
    ],
    [
      0.0,
      0.0,
      30.30771255493164
    ]
  ],
  "properties": {
    "deltaG_H": 0.014569888966424126,
    "thermo_stability": -2.0,
    "synth_score": 0.01798620996209156
  }
}