{
  "id": "JVASP-19536",
  "atomic_numbers": [
    79,
    79,
    79,
    79,
    34,
    34,
    34,
    34,
    35,
    35,
    35,
    35
  ],
  "frac_coords": [
    [
      0.16424211859703064,
      0.24999283254146576,
      0.12216000258922577
    ],
    [
      0.6642420887947083,
      0.25000718235969543,
      0.12216000258922577
    ],
    [
      0.9141919612884521,
      0.8463690876960754,
      0.12216000258922577
    ],
    [
      0.41419193148612976,
      0.6536309123039246,
      0.12216000258922577
    ],
    [
      0.9142411947250366,
      0.11003953963518143,
      0.06105054169893265
    ],
    [
      0.4142411947250366,
      0.38996046781539917,
      0.06105054169893265
    ],
    [
      0.4142411947250366,
      0.38996046781539917,
      0.1832694560289383
    ],
    [
      0.9142411947250366,
      0.11003953963518143,
      0.1832694560289383
    ],
    [
      0.9141432642936707,
      0.6194037795066833,
      0.04927876591682434
    ],
    [
      0.41414329409599304,
      0.8805962204933167,
      0.04927876591682434
    ],
    [
      0.41414329409599304,
      0.8805962204933167,
      0.1950412392616272
    ],
    [
      0.9141432642936707,
      0.6194037795066833,
      0.1950412392616272
    ]
  ],
  "lattice": [
    [
      6.838953971862793,
      0.0,
      0.0
    ],
    [
      0.0,
      7.357563495635986,
      0.0
    ],
    [
      0.0,
      0.0,
      25.422409057617188
    ]
  ],
  "properties": {
    "deltaG_H": 0.01345859150091807,
    "thermo_stability": -0.8665729979674022,
    "synth_score": 0.15018561457563248
  }
}