{
  "id": "JVASP-76505",
  "atomic_numbers": [
    49,
    49,
    14,
    14,
    52,
    52,
    52,
    52,
    52,
    52
  ],
  "frac_coords": [
    [
      0.6666659712791443,
      0.33333200216293335,
      0.8440549969673157
    ],
    [
      0.3333339989185333,
      0.6666679978370667,
      0.8440080285072327
    ],
    [
      0.0,
      0.0,
      0.8931229710578918
    ],
    [
      0.0,
      0.0,
      0.7949399948120117
    ],
    [
      0.660273015499115,
      0.6603410243988037,
      0.9246219992637634
    ],
    [
      6.600000051548705e-05,
      0.3397270143032074,
      0.9246219992637634
    ],
    [
      0.3397270143032074,
      0.3396590054035187,
      0.7634410262107849
    ],
    [
      0.6603410243988037,
      6.600000051548705e-05,
      0.7634410262107849
    ],
    [
      0.3396590054035187,
      0.9999340176582336,
      0.9246219992637634
    ],
    [
      0.9999340176582336,
      0.660273015499115,
      0.7634410262107849
    ]
  ],
  "lattice": [
    [
      -7.1365509033203125,
      0.0,
      0.0
    ],
    [
      3.5682759284973145,
      6.180434226989746,
      0.0
    ],
    [
      0.0,
      0.0,
      -23.838520050048828
    ]
  ],
  "properties": {
    "deltaG_H": 0.010587117195129395,
    "thermo_stability": -1.444566688934962,
    "synth_score": 0.05269336064781623
  }
}