{
  "id": "JVASP-27915",
  "atomic_numbers": [
    52,
    52,
    52,
    52,
    52,
    52,
    52,
    52,
    8,
    8,
    8,
    8,
    8,
    8,
    8,
    8,
    8,
    8,
    8,
    8,
    8,
    8,
    8,
    8,
    8,
    8
  ],
  "frac_coords": [
    [
      0.33333298563957214,
      0.6666669845581055,
      0.5122338533401489
    ],
    [
      0.685597836971283,
      0.06577078253030777,
      0.5507405400276184
    ],
    [
      0.3801719546318054,
      0.31440219283103943,
      0.5507405400276184
    ],
    [
      0.9342291951179504,
      0.6198280453681946,
      0.5507405400276184
    ],
    [
      0.3991037905216217,
      0.046838968992233276,
      0.4492604434490204
    ],
    [
      0.6477351784706116,
      0.6008962392807007,
      0.4492604434490204
    ],
    [
      0.9531610608100891,
      0.3522648215293884,
      0.4492604434490204
    ],
    [
      0.0,
      0.0,
      0.48776715993881226
    ],
    [
      0.9235180020332336,
      0.5591192841529846,
      0.4697367548942566
    ],
    [
      0.8924522995948792,
      0.30226725339889526,
      0.5302642583847046
    ],
    [
      0.6977327466011047,
      0.5901850461959839,
      0.5302642583847046
    ],
    [
      0.4098149836063385,
      0.10754771530628204,
      0.5302642583847046
    ],
    [
      0.1450365036725998,
      0.18017743527889252,
      0.5420325398445129
    ],
    [
      0.8198225498199463,
      0.9648590683937073,
      0.5420325398445129
    ],
    [
      0.035140931606292725,
      0.854963481426239,
      0.5420325398445129
    ],
    [
      0.17670653760433197,
      0.023211682215332985,
      0.43863645195961
    ],
    [
      0.5135104656219482,
      0.7018079161643982,
      0.45796844363212585
    ],
    [
      0.8465061783790588,
      0.8232934474945068,
      0.43863645195961
    ],
    [
      0.18829649686813354,
      0.48648956418037415,
      0.45796844363212585
    ],
    [
      0.6356002688407898,
      0.07648197561502457,
      0.4697367548942566
    ],
    [
      0.2981920540332794,
      0.8117035031318665,
      0.45796844363212585
    ],
    [
      0.15662746131420135,
      0.6434543132781982,
      0.5613635778427124
    ],
    [
      0.35654568672180176,
      0.5131721496582031,
      0.5613635778427124
    ],
    [
      0.4868278503417969,
      0.8433725237846375,
      0.5613635778427124
    ],
    [
      0.976788341999054,
      0.15349385142326355,
      0.43863645195961
    ],
    [
      0.4408807158470154,
      0.3643997311592102,
      0.4697367548942566
    ]
  ],
  "lattice": [
    [
      9.422115325927734,
      -1.1628166873833834e-08,
      0.0
    ],
    [
      -4.711057662963867,
      8.1597900390625,
      0.0
    ],
    [
      0.0,
      0.0,
      22.77785873413086
    ]
  ],
  "properties": {
    "deltaG_H": 0.0009330302476882918,
    "thermo_stability": -0.6268720249334971,
    "synth_score": 0.22205269881499268
  }
}