{
  "id": "JVASP-6949",
  "atomic_numbers": [
    11,
    50,
    50,
    16,
    16,
    16,
    16
  ],
  "frac_coords": [
    [
      0.0,
      0.0,
      0.3255699872970581
    ],
    [
      0.6666669845581055,
      0.33333298563957214,
      0.21575874090194702
    ],
    [
      0.33333298563957214,
      0.6666669845581055,
      0.43538224697113037
    ],
    [
      0.0,
      0.0,
      0.1706121414899826
    ],
    [
      0.33333298563957214,
      0.6666669845581055,
      0.267088383436203
    ],
    [
      0.6666669845581055,
      0.33333298563957214,
      0.3840526342391968
    ],
    [
      0.0,
      0.0,
      0.480528861284256
    ]
  ],
  "lattice": [
    [
      3.8050079345703125,
      -1.0000000168623835e-16,
      0.0
    ],
    [
      -1.9025039672851562,
      3.2952332496643066,
      0.0
    ],
    [
      0.0,
      0.0,
      31.531333923339844
    ]
  ],
  "properties": {
    "deltaG_H": 0.013298939296177455,
    "thermo_stability": -2.0,
    "synth_score": 0.01798620996209156
  }
}