{
  "id": "JVASP-75331",
  "atomic_numbers": [
    23,
    23,
    8,
    8,
    9,
    9
  ],
  "frac_coords": [
    [
      0.6666669845581055,
      0.6666669845581055,
      0.44740885496139526
    ],
    [
      0.33333298563957214,
      0.33333298563957214,
      0.5525911450386047
    ],
    [
      0.6666669845581055,
      0.6666669845581055,
      0.5293117761611938
    ],
    [
      0.33333298563957214,
      0.33333298563957214,
      0.47068822383880615
    ],
    [
      0.0,
      0.0,
      0.595741868019104
    ],
    [
      0.0,
      0.0,
      0.4042581617832184
    ]
  ],
  "lattice": [
    [
      3.26515793800354,
      -8.594941647288579e-09,
      0.0
    ],
    [
      1.6325794458389282,
      2.8277101516723633,
      0.0
    ],
    [
      0.0,
      0.0,
      25.44278907775879
    ]
  ],
  "properties": {
    "deltaG_H": 0.0023569987217585257,
    "thermo_stability": -1.6321365207433702,
    "synth_score": 0.036817379028055514
  }
}