{
  "id": "JVASP-6244",
  "atomic_numbers": [
    22,
    82,
    8,
    8,
    8
  ],
  "frac_coords": [
    [
      0.5,
      0.5,
      0.1070459708571434
    ],
    [
      0.0,
      0.0,
      0.0312868170440197
    ],
    [
      0.0,
      0.5,
      0.07875614613294601
    ],
    [
      0.5,
      0.0,
      0.07875614613294601
    ],
    [
      0.5,
      0.5,
      0.16810393333435059
    ]
  ],
  "lattice": [
    [
      3.892502546310425,
      0.0,
      0.0
    ],
    [
      0.0,
      3.892502546310425,
      0.0
    ],
    [
      0.0,
      0.0,
      26.584758758544922
    ]
  ],
  "properties": {
    "deltaG_H": -0.006272119343280792,
    "thermo_stability": -0.580285158753395,
    "synth_score": 0.23856367093926706
  }
}