{
  "id": "JVASP-6304",
  "atomic_numbers": [
    81,
    81,
    51,
    51,
    8,
    8,
    8,
    8,
    8,
    8
  ],
  "frac_coords": [
    [
      0.33333298563957214,
      0.6666669845581055,
      0.04636676236987114
    ],
    [
      0.33333298563957214,
      0.6666669845581055,
      0.24884024262428284
    ],
    [
      0.0,
      0.0,
      0.14760100841522217
    ],
    [
      0.6666669845581055,
      0.33333298563957214,
      0.14760498702526093
    ],
    [
      0.9530213475227356,
      0.6666657328605652,
      0.10470279306173325
    ],
    [
      0.3333342373371124,
      0.286355584859848,
      0.10470279306173325
    ],
    [
      0.7136443853378296,
      0.046978648751974106,
      0.10470279306173325
    ],
    [
      0.7136446237564087,
      0.6666672229766846,
      0.19050221145153046
    ],
    [
      0.9530225992202759,
      0.2863553464412689,
      0.19050221145153046
    ],
    [
      0.33333274722099304,
      0.04697740823030472,
      0.19050221145153046
    ]
  ],
  "lattice": [
    [
      5.384932041168213,
      -6.663007923179975e-10,
      0.0
    ],
    [
      -2.6924664974212646,
      4.663487911224365,
      0.0
    ],
    [
      0.0,
      0.0,
      26.2279052734375
    ]
  ],
  "properties": {
    "deltaG_H": 0.0028361748099327093,
    "thermo_stability": -1.8707485169172289,
    "synth_score": 0.023169032737155603
  }
}