{
  "id": "JVASP-76308",
  "atomic_numbers": [
    92,
    92,
    52,
    52,
    52,
    52,
    52,
    52
  ],
  "frac_coords": [
    [
      -8.490441359754186e-06,
      -0.00093638472026214,
      0.22540874779224396
    ],
    [
      0.5000073909759521,
      0.49907299876213074,
      0.08065491169691086
    ],
    [
      0.49999040365219116,
      0.4996141493320465,
      0.19295696914196014
    ],
    [
      2.142227276635822e-05,
      0.5002503395080566,
      0.3065914511680603
    ],
    [
      0.5000147223472595,
      0.0011062311241403222,
      0.3059728443622589
    ],
    [
      8.399574653594755e-06,
      -0.00035168384783901274,
      0.1131090521812439
    ],
    [
      0.4999796152114868,
      0.00020641196169890463,
      0.9994725584983826
    ],
    [
      -1.3469273653754499e-05,
      0.5010379552841187,
      8.745406375965104e-05
    ]
  ],
  "lattice": [
    [
      4.476735591888428,
      -0.00014098352403379977,
      0.0
    ],
    [
      -0.00014112709322944283,
      4.363491535186768,
      0.0
    ],
    [
      0.0,
      0.0,
      28.821096420288086
    ]
  ],
  "properties": {
    "deltaG_H": 0.0049752092361450215,
    "thermo_stability": -2.0,
    "synth_score": 0.01798620996209156
  }
}