{
  "id": "JVASP-27739",
  "atomic_numbers": [
    90,
    90,
    90,
    90,
    53,
    53,
    53,
    53,
    53,
    53,
    53,
    53,
    53,
    53,
    53,
    53,
    53,
    53,
    53,
    53
  ],
  "frac_coords": [
    [
      0.19388613104820251,
      0.12852749228477478,
      0.11198148876428604
    ],
    [
      0.6938871145248413,
      0.5945425033569336,
      0.11198148876428604
    ],
    [
      0.5602318644523621,
      0.09454251080751419,
      0.1158515065908432
    ],
    [
      0.06023187190294266,
      0.6285274624824524,
      0.1158515065908432
    ],
    [
      0.4787272810935974,
      0.4174228608608246,
      0.052302636206150055
    ],
    [
      0.9787282943725586,
      0.305646151304245,
      0.052302636206150055
    ],
    [
      0.8232691287994385,
      0.7029588222503662,
      0.04677163437008858
    ],
    [
      0.32327011227607727,
      0.020110175013542175,
      0.04677163437008858
    ],
    [
      0.5623928904533386,
      0.8566742539405823,
      0.027315180748701096
    ],
    [
      0.06239386275410652,
      0.8663947582244873,
      0.027315180748701096
    ],
    [
      0.6917261481285095,
      0.3566742539405823,
      0.20051781833171844
    ],
    [
      0.4308488667011261,
      0.2029598206281662,
      0.18106137216091156
    ],
    [
      0.2291368544101715,
      0.47708702087402344,
      0.07308004051446915
    ],
    [
      0.9308488965034485,
      0.5201101899147034,
      0.18106137216091156
    ],
    [
      0.27539172768592834,
      0.8056471347808838,
      0.1755303591489792
    ],
    [
      0.7753906846046448,
      0.9174228310585022,
      0.1755303591489792
    ],
    [
      0.5249821543693542,
      0.7459829449653625,
      0.1547529548406601
    ],
    [
      0.024981144815683365,
      0.9770870208740234,
      0.1547529548406601
    ],
    [
      0.19172513484954834,
      0.3663957417011261,
      0.20051781833171844
    ],
    [
      0.7291368842124939,
      0.24598295986652374,
      0.07308004051446915
    ]
  ],
  "lattice": [
    [
      14.386775016784668,
      0.0,
      0.0
    ],
    [
      0.0,
      8.115185737609863,
      0.0
    ],
    [
      -10.546900749206543,
      0.0,
      26.406646728515625
    ]
  ],
  "properties": {
    "deltaG_H": 0.03445823907852173,
    "thermo_stability": -1.4191543231407802,
    "synth_score": 0.05528881408530635
  }
}