{
  "id": "JVASP-726",
  "atomic_numbers": [
    24,
    16,
    16
  ],
  "frac_coords": [
    [
      1.7275193386012688e-05,
      9.600000339560211e-05,
      0.13368399441242218
    ],
    [
      0.33333009481430054,
      0.6667294502258301,
      0.17953160405158997
    ],
    [
      0.6666966080665588,
      0.33346253633499146,
      0.08783639222383499
    ]
  ],
  "lattice": [
    [
      3.2980098724365234,
      0.0,
      0.0
    ],
    [
      -1.6490049362182617,
      2.856045961380005,
      0.00025099999038502574
    ],
    [
      0.0,
      0.0005151133518666029,
      30.01972770690918
    ]
  ],
  "properties": {
    "deltaG_H": 0.006820868204037349,
    "thermo_stability": 0.031028522054354246,
    "synth_score": 0.5155092840597096
  }
}