{
  "id": "JVASP-75385",
  "atomic_numbers": [
    47,
    47,
    83,
    83,
    8,
    8,
    8,
    8
  ],
  "frac_coords": [
    [
      0.0,
      0.0,
      0.5
    ],
    [
      0.5,
      0.5,
      0.5
    ],
    [
      0.5,
      0.0004536072665359825,
      0.386348158121109
    ],
    [
      0.5,
      0.9995464086532593,
      0.6136518120765686
    ],
    [
      0.5,
      0.4995344877243042,
      0.5792665481567383
    ],
    [
      0.5,
      0.5004655122756958,
      0.4207334816455841
    ],
    [
      0.0,
      0.9995059370994568,
      0.5792596340179443
    ],
    [
      0.0,
      0.0004940741928294301,
      0.4207403361797333
    ]
  ],
  "lattice": [
    [
      4.0304341316223145,
      0.0,
      0.0
    ],
    [
      0.0,
      4.030622959136963,
      0.0
    ],
    [
      0.0,
      0.0,
      26.421476364135742
    ]
  ],
  "properties": {
    "deltaG_H": 0.0003370760679244989,
    "thermo_stability": -2.0,
    "synth_score": 0.01798620996209156
  }
}