{
  "id": "JVASP-6886",
  "atomic_numbers": [
    3,
    22,
    22,
    16,
    16,
    16,
    16
  ],
  "frac_coords": [
    [
      0.0,
      0.0,
      0.34168100357055664
    ],
    [
      0.0,
      0.0,
      0.24257491528987885
    ],
    [
      0.0,
      0.0,
      0.4407880902290344
    ],
    [
      0.33333298563957214,
      0.6666669845581055,
      0.1988675445318222
    ],
    [
      0.6666669845581055,
      0.33333298563957214,
      0.2904890179634094
    ],
    [
      0.33333298563957214,
      0.6666669845581055,
      0.39287397265434265
    ],
    [
      0.6666669845581055,
      0.33333298563957214,
      0.48449546098709106
    ]
  ],
  "lattice": [
    [
      3.430752992630005,
      0.0,
      0.0
    ],
    [
      -1.7153764963150024,
      2.9711196422576904,
      0.0
    ],
    [
      0.0,
      0.0,
      31.58186912536621
    ]
  ],
  "properties": {
    "deltaG_H": 0.005430164507457188,
    "thermo_stability": -2.0,
    "synth_score": 0.01798620996209156
  }
}