{
  "id": "JVASP-27869",
  "atomic_numbers": [
    32,
    52,
    52,
    52,
    52,
    33,
    33
  ],
  "frac_coords": [
    [
      0.6666669845581055,
      0.33333298563957214,
      0.5
    ],
    [
      0.33333298563957214,
      0.6666669845581055,
      0.5589650869369507
    ],
    [
      0.0,
      0.0,
      0.4410349130630493
    ],
    [
      0.6666669845581055,
      0.33333298563957214,
      0.6729092597961426
    ],
    [
      0.6666669845581055,
      0.33333298563957214,
      0.3270907700061798
    ],
    [
      0.0,
      0.0,
      0.6213210821151733
    ],
    [
      0.33333298563957214,
      0.6666669845581055,
      0.37868091464042664
    ]
  ],
  "lattice": [
    [
      4.12556791305542,
      -0.0,
      0.0
    ],
    [
      -2.06278395652771,
      3.5728466510772705,
      0.0
    ],
    [
      0.0,
      0.0,
      30.398143768310547
    ]
  ],
  "properties": {
    "deltaG_H": 0.016404876487595692,
    "thermo_stability": -2.0,
    "synth_score": 0.01798620996209156
  }
}