{
  "id": "JVASP-28027",
  "atomic_numbers": [
    83,
    83,
    83,
    83,
    83,
    83,
    83,
    83,
    83,
    83,
    83,
    83,
    83,
    83,
    52,
    52,
    52,
    52,
    52,
    52,
    52,
    52,
    52,
    52,
    52,
    52,
    52,
    16,
    16,
    16,
    16,
    16,
    16,
    16,
    16
  ],
  "frac_coords": [
    [
      0.33333298563957214,
      0.6666669845581055,
      0.4325128495693207
    ],
    [
      0.5635414123535156,
      0.853154182434082,
      0.5636872053146362
    ],
    [
      0.14684581756591797,
      0.7103891968727112,
      0.5636872053146362
    ],
    [
      0.28961077332496643,
      0.4364585876464844,
      0.5636872053146362
    ],
    [
      0.0,
      0.0,
      0.5674861669540405
    ],
    [
      0.8621843457221985,
      0.28088095784187317,
      0.5700823068618774
    ],
    [
      0.7191190719604492,
      0.5813044309616089,
      0.5700823068618774
    ],
    [
      0.4186955988407135,
      0.13781563937664032,
      0.5700823068618774
    ],
    [
      0.47114863991737366,
      0.3857860565185547,
      0.42991766333580017
    ],
    [
      0.9146373867988586,
      0.528851330280304,
      0.42991766333580017
    ],
    [
      0.18648718297481537,
      0.9562777876853943,
      0.43631279468536377
    ],
    [
      0.7697916030883789,
      0.8135128021240234,
      0.43631279468536377
    ],
    [
      0.6142139434814453,
      0.08536259084939957,
      0.42991766333580017
    ],
    [
      0.04372222721576691,
      0.2302084118127823,
      0.43631279468536377
    ],
    [
      0.9102181792259216,
      0.5242040157318115,
      0.6329934597015381
    ],
    [
      0.6139858365058899,
      0.08978184312582016,
      0.6329934597015381
    ],
    [
      0.7578901648521423,
      0.8199655413627625,
      0.6343262195587158
    ],
    [
      0.4757959842681885,
      0.3860141336917877,
      0.6329934597015381
    ],
    [
      0.18003445863723755,
      0.9379256367683411,
      0.6343262195587158
    ],
    [
      0.06207435578107834,
      0.24210980534553528,
      0.6343262195587158
    ],
    [
      0.7193471193313599,
      0.5768851637840271,
      0.3670065104961395
    ],
    [
      0.4231148362159729,
      0.14246298372745514,
      0.3670065104961395
    ],
    [
      0.857537031173706,
      0.28065285086631775,
      0.3670065104961395
    ],
    [
      0.2712586522102356,
      0.4245571792125702,
      0.36567381024360657
    ],
    [
      0.1532985419034958,
      0.7287413477897644,
      0.36567381024360657
    ],
    [
      0.5754427909851074,
      0.846701443195343,
      0.36567381024360657
    ],
    [
      0.6666669845581055,
      0.33333298563957214,
      0.4999989867210388
    ],
    [
      0.3771471679210663,
      0.9051547646522522,
      0.4990632236003876
    ],
    [
      0.0,
      0.0,
      0.3855019807815552
    ],
    [
      0.23848778009414673,
      0.19467362761497498,
      0.5009368062019348
    ],
    [
      0.8053264021873474,
      0.04381415992975235,
      0.5009368062019348
    ],
    [
      0.9561858177185059,
      0.7615122199058533,
      0.5009368062019348
    ],
    [
      0.09484521299600601,
      0.4719933867454529,
      0.4990632236003876
    ],
    [
      0.5280066132545471,
      0.6228528618812561,
      0.4990632236003876
    ],
    [
      0.33333298563957214,
      0.6666669845581055,
      0.6144980192184448
    ]
  ],
  "lattice": [
    [
      11.268418312072754,
      -1.806648697311175e-07,
      0.0
    ],
    [
      -5.634209156036377,
      9.758736610412598,
      0.0
    ],
    [
      0.0,
      0.0,
      27.27842903137207
    ]
  ],
  "properties": {
    "deltaG_H": 0.015617743897438047,
    "thermo_stability": -2.0,
    "synth_score": 0.01798620996209156
  }
}