{
  "id": "JVASP-6184",
  "atomic_numbers": [
    22,
    22,
    35,
    35,
    7,
    7
  ],
  "frac_coords": [
    [
      0.3222549855709076,
      0.6274290084838867,
      0.18051686882972717
    ],
    [
      0.82225501537323,
      0.12742899358272552,
      0.12821613252162933
    ],
    [
      0.82225501537323,
      0.6274290084838867,
      0.24925917387008667
    ],
    [
      0.3222549855709076,
      0.12742899358272552,
      0.05947282165288925
    ],
    [
      0.3222549855709076,
      0.12742899358272552,
      0.16644828021526337
    ],
    [
      0.82225501537323,
      0.6274290084838867,
      0.14228472113609314
    ]
  ],
  "lattice": [
    [
      3.3710248470306396,
      0.0,
      0.0
    ],
    [
      0.0,
      3.9438323974609375,
      0.0
    ],
    [
      0.0,
      0.0,
      28.932371139526367
    ]
  ],
  "properties": {
    "deltaG_H": 0.00380736275513967,
    "thermo_stability": -1.4881057461102807,
    "synth_score": 0.048512202763549436
  }
}