{
  "id": "JVASP-60488",
  "atomic_numbers": [
    75,
    75,
    75,
    75,
    16,
    16,
    16,
    16,
    16,
    16,
    16,
    16
  ],
  "frac_coords": [
    [
      0.6891006827354431,
      0.6859602332115173,
      0.07673944532871246
    ],
    [
      0.23736312985420227,
      0.08778958767652512,
      0.07389707118272781
    ],
    [
      0.2609291970729828,
      0.6598953604698181,
      0.07500683516263962
    ],
    [
      0.8091940879821777,
      0.06172443926334381,
      0.07216537743806839
    ],
    [
      0.5812060236930847,
      0.4304022192955017,
      0.016329679638147354
    ],
    [
      0.9170859456062317,
      0.31728291511535645,
      0.13257381319999695
    ],
    [
      0.9564003944396973,
      0.7821050882339478,
      0.14164292812347412
    ],
    [
      0.450893372297287,
      0.2866523265838623,
      0.12535053491592407
    ],
    [
      0.0756751000881195,
      -0.0789635181427002,
      -0.0004265338066034019
    ],
    [
      0.5418928265571594,
      -0.03442306071519852,
      0.007261002901941538
    ],
    [
      0.04739806428551674,
      0.4610312879085541,
      0.023552726954221725
    ],
    [
      0.4226152300834656,
      0.826649010181427,
      0.14933012425899506
    ]
  ],
  "lattice": [
    [
      -6.372798442840576,
      0.015561267733573914,
      -0.7821589708328247
    ],
    [
      -3.11165189743042,
      -5.696732997894287,
      -0.6169459819793701
    ],
    [
      0.0,
      0.0,
      23.69574546813965
    ]
  ],
  "properties": {
    "deltaG_H": 0.005370089511076606,
    "thermo_stability": -1.0979907383521401,
    "synth_score": 0.10011193470089912
  }
}