{
  "id": "JVASP-78008",
  "atomic_numbers": [
    47,
    6,
    7,
    8
  ],
  "frac_coords": [
    [
      0.0,
      0.406512051820755,
      0.5
    ],
    [
      0.5,
      0.16389398276805878,
      0.5
    ],
    [
      0.5,
      0.9506626725196838,
      0.5
    ],
    [
      0.5,
      0.7246782779693604,
      0.5
    ]
  ],
  "lattice": [
    [
      3.4471826553344727,
      0.0,
      0.0
    ],
    [
      0.0,
      5.562604904174805,
      0.0
    ],
    [
      0.0,
      0.0,
      20.0
    ]
  ],
  "properties": {
    "deltaG_H": -0.012027568340301515,
    "thermo_stability": 0.22738091200590116,
    "synth_score": 0.6117708019749001
  }
}