{
  "id": "JVASP-6943",
  "atomic_numbers": [
    24,
    24,
    24,
    24,
    17,
    17,
    17,
    17,
    17,
    17,
    17,
    17,
    17,
    17,
    17,
    17
  ],
  "frac_coords": [
    [
      0.9068049788475037,
      0.9801603555679321,
      0.15688900649547577
    ],
    [
      0.9068049788475037,
      0.6468196511268616,
      0.15688900649547577
    ],
    [
      0.40680399537086487,
      0.48016035556793213,
      0.15688900649547577
    ],
    [
      0.40680399537086487,
      0.14681963622570038,
      0.15688900649547577
    ],
    [
      0.1003517135977745,
      0.1364324688911438,
      0.20774884521961212
    ],
    [
      0.1003517135977745,
      0.4905475378036499,
      0.20774884521961212
    ],
    [
      0.06909097731113434,
      0.8134899735450745,
      0.2077644318342209
    ],
    [
      0.6003516912460327,
      0.6364324688911438,
      0.20774884521961212
    ],
    [
      0.6003516912460327,
      0.9905475378036499,
      0.20774884521961212
    ],
    [
      0.5690909624099731,
      0.31349000334739685,
      0.2077644318342209
    ],
    [
      0.24451802670955658,
      0.31349000334739685,
      0.10601355880498886
    ],
    [
      0.21325728297233582,
      0.6364324688911438,
      0.10602815449237823
    ],
    [
      0.21325728297233582,
      0.9905475378036499,
      0.10602815449237823
    ],
    [
      0.7445180416107178,
      0.8134899735450745,
      0.10601355880498886
    ],
    [
      0.7132573127746582,
      0.1364324688911438,
      0.10602815449237823
    ],
    [
      0.7132573127746582,
      0.4905475378036499,
      0.10602815449237823
    ]
  ],
  "lattice": [
    [
      5.980335712432861,
      0.0,
      0.0
    ],
    [
      0.0,
      10.358059883117676,
      0.0
    ],
    [
      -1.9397664070129395,
      0.0,
      26.280250549316406
    ]
  ],
  "properties": {
    "deltaG_H": 0.01873723939061165,
    "thermo_stability": -0.21012347638607043,
    "synth_score": 0.3964576580163148
  }
}