{
  "id": "JVASP-729",
  "atomic_numbers": [
    72,
    34,
    34
  ],
  "frac_coords": [
    [
      0.0,
      0.0,
      0.14934499561786652
    ],
    [
      0.6666669845581055,
      0.33333298563957214,
      0.20002254843711853
    ],
    [
      0.33333298563957214,
      0.6666669845581055,
      0.0986674427986145
    ]
  ],
  "lattice": [
    [
      1.880386233329773,
      -3.2569241523742676,
      0.0
    ],
    [
      1.880386233329773,
      3.2569241523742676,
      0.0
    ],
    [
      0.0,
      0.0,
      30.928518295288086
    ]
  ],
  "properties": {
    "deltaG_H": 0.013197551767031352,
    "thermo_stability": -0.1299931774536769,
    "synth_score": 0.43536706246593737
  }
}