{
  "id": "JVASP-60315",
  "atomic_numbers": [
    41,
    41,
    52,
    52,
    52,
    52,
    52,
    52,
    52,
    52,
    52,
    52,
    46,
    46
  ],
  "frac_coords": [
    [
      0.5,
      0.1571911722421646,
      0.08772652596235275
    ],
    [
      0.5,
      0.6571911573410034,
      0.09472247213125229
    ],
    [
      0.0,
      0.05692160129547119,
      0.14964032173156738
    ],
    [
      0.5,
      0.9899635314941406,
      0.031206892803311348
    ],
    [
      0.0,
      0.157160222530365,
      0.998672366142273
    ],
    [
      0.0,
      0.2574979364871979,
      0.14960399270057678
    ],
    [
      0.5,
      0.3244025707244873,
      0.03116290271282196
    ],
    [
      0.0,
      0.7574979066848755,
      0.03284401446580887
    ],
    [
      0.5,
      0.8244025707244873,
      0.15128609538078308
    ],
    [
      0.0,
      0.5569216012954712,
      0.03280867263674736
    ],
    [
      0.5,
      0.489963561296463,
      0.15124210715293884
    ],
    [
      0.0,
      0.657160222530365,
      0.1837756633758545
    ],
    [
      0.0,
      0.9071929454803467,
      0.09125230461359024
    ],
    [
      0.0,
      0.4071929454803467,
      0.09119569510221481
    ]
  ],
  "lattice": [
    [
      3.7689411640167236,
      0.0,
      0.0
    ],
    [
      0.0,
      15.635909080505371,
      0.0
    ],
    [
      0.0,
      0.0,
      24.46327781677246
    ]
  ],
  "properties": {
    "deltaG_H": -0.0028612186227526034,
    "thermo_stability": -2.0,
    "synth_score": 0.01798620996209156
  }
}