{
  "id": "JVASP-60461",
  "atomic_numbers": [
    83,
    83,
    78
  ],
  "frac_coords": [
    [
      0.33333298563957214,
      0.6666669845581055,
      0.12279818207025528
    ],
    [
      0.6666669845581055,
      0.33333298563957214,
      0.0023118143435567617
    ],
    [
      0.0,
      0.0,
      0.06255500018596649
    ]
  ],
  "lattice": [
    [
      3.6313748359680176,
      -2.0965747833251953,
      0.0
    ],
    [
      -0.0,
      4.193149566650391,
      0.0
    ],
    [
      0.0,
      0.0,
      22.860029220581055
    ]
  ],
  "properties": {
    "deltaG_H": 0.01629447999596596,
    "thermo_stability": -0.44884760379791255,
    "synth_score": 0.28952436310370544
  }
}