{
  "id": "JVASP-6031",
  "atomic_numbers": [
    25,
    53,
    53
  ],
  "frac_coords": [
    [
      0.37233299016952515,
      0.004616999998688698,
      0.1328289955854416
    ],
    [
      0.039000000804662704,
      0.3379499912261963,
      0.19391369819641113
    ],
    [
      0.7056660056114197,
      0.671284019947052,
      0.07174429297447205
    ]
  ],
  "lattice": [
    [
      4.117015838623047,
      -1.0000000168623835e-16,
      0.0
    ],
    [
      -2.0585079193115234,
      3.5654401779174805,
      0.0
    ],
    [
      0.0,
      0.0,
      27.23526954650879
    ]
  ],
  "properties": {
    "deltaG_H": 0.027249778310457863,
    "thermo_stability": -0.4768971274296443,
    "synth_score": 0.2781224072304992
  }
}