{
  "id": "JVASP-6715",
  "atomic_numbers": [
    47,
    47,
    47,
    47,
    17,
    17,
    17,
    17,
    8,
    8,
    8,
    8,
    8,
    8,
    8,
    8
  ],
  "frac_coords": [
    [
      0.0767270028591156,
      0.8126749992370605,
      0.15570984780788422
    ],
    [
      0.5767269730567932,
      0.31267601251602173,
      0.15570984780788422
    ],
    [
      0.5767269730567932,
      0.8126749992370605,
      0.10546614974737167
    ],
    [
      0.0767270028591156,
      0.31267601251602173,
      0.10546614974737167
    ],
    [
      0.5767269730567932,
      0.8126749992370605,
      0.2242051362991333
    ],
    [
      0.0767270028591156,
      0.31267601251602173,
      0.2242051362991333
    ],
    [
      0.5767269730567932,
      0.31267601251602173,
      0.03697185963392258
    ],
    [
      0.0767270028591156,
      0.8126749992370605,
      0.03697185963392258
    ],
    [
      0.7292341589927673,
      0.6638023257255554,
      0.18895317614078522
    ],
    [
      0.4242198169231415,
      0.9615496397018433,
      0.18895317614078522
    ],
    [
      0.9242198467254639,
      0.1638023555278778,
      0.18895317614078522
    ],
    [
      0.22923417389392853,
      0.46154963970184326,
      0.18895317614078522
    ],
    [
      0.22923417389392853,
      0.9615496397018433,
      0.07222281396389008
    ],
    [
      0.9242198467254639,
      0.6638023257255554,
      0.07222281396389008
    ],
    [
      0.7292341589927673,
      0.1638023555278778,
      0.07222281396389008
    ],
    [
      0.4242198169231415,
      0.46154963970184326,
      0.07222281396389008
    ]
  ],
  "lattice": [
    [
      5.9410176277160645,
      0.0,
      0.0
    ],
    [
      0.0,
      6.083627223968506,
      0.0
    ],
    [
      0.0,
      0.0,
      27.070051193237305
    ]
  ],
  "properties": {
    "deltaG_H": -0.0055461227893829354,
    "thermo_stability": -1.6052614221970245,
    "synth_score": 0.0387716441845895
  }
}