{
  "id": "JVASP-6235",
  "atomic_numbers": [
    23,
    23,
    35,
    35,
    8,
    8
  ],
  "frac_coords": [
    [
      0.8029320240020752,
      0.6741520166397095,
      0.18611818552017212
    ],
    [
      0.3029319941997528,
      0.17415200173854828,
      0.12541280686855316
    ],
    [
      0.3029319941997528,
      0.6741520166397095,
      0.24957220256328583
    ],
    [
      0.8029320240020752,
      0.17415200173854828,
      0.06195880100131035
    ],
    [
      0.8029320240020752,
      0.17415200173854828,
      0.16821017861366272
    ],
    [
      0.3029319941997528,
      0.6741520166397095,
      0.14331983029842377
    ]
  ],
  "lattice": [
    [
      3.4241960048675537,
      0.0,
      0.0
    ],
    [
      -0.0,
      3.7877449989318848,
      0.0
    ],
    [
      0.0,
      0.0,
      29.04995346069336
    ]
  ],
  "properties": {
    "deltaG_H": 0.0021947226921717336,
    "thermo_stability": -1.4518899639447533,
    "synth_score": 0.051967023753470176
  }
}