{
  "id": "JVASP-6070",
  "atomic_numbers": [
    73,
    16,
    16
  ],
  "frac_coords": [
    [
      0.0,
      0.0,
      0.13354100286960602
    ],
    [
      0.6666669845581055,
      0.33333298563957214,
      0.07280954718589783
    ],
    [
      0.6666669845581055,
      0.33333298563957214,
      0.1942734569311142
    ]
  ],
  "lattice": [
    [
      3.3427319526672363,
      1.0582840159756302e-10,
      0.0
    ],
    [
      -1.67136549949646,
      2.894890785217285,
      0.0
    ],
    [
      0.0,
      0.0,
      25.760229110717773
    ]
  ],
  "properties": {
    "deltaG_H": 0.008924950460592907,
    "thermo_stability": -0.34168267448743195,
    "synth_score": 0.33551060594371196
  }
}