{
  "id": "JVASP-19539",
  "atomic_numbers": [
    52,
    52,
    52,
    52,
    79,
    79,
    17,
    17
  ],
  "frac_coords": [
    [
      0.0,
      0.03802838921546936,
      0.19160418212413788
    ],
    [
      0.0,
      0.46197161078453064,
      0.19160418212413788
    ],
    [
      0.0,
      0.961971640586853,
      0.29794782400131226
    ],
    [
      0.0,
      0.538028359413147,
      0.29794782400131226
    ],
    [
      0.5,
      0.25,
      0.20032674074172974
    ],
    [
      0.5,
      0.75,
      0.2892242670059204
    ],
    [
      0.5,
      0.75,
      0.1711338609457016
    ],
    [
      0.5,
      0.25,
      0.31841814517974854
    ]
  ],
  "lattice": [
    [
      4.081261157989502,
      0.0,
      0.0
    ],
    [
      1.0000000168623835e-16,
      8.527846336364746,
      0.0
    ],
    [
      0.0,
      0.0,
      25.46780014038086
    ]
  ],
  "properties": {
    "deltaG_H": 0.018007735908031463,
    "thermo_stability": -0.8920680155356726,
    "synth_score": 0.1437931690248953
  }
}