{
  "id": "JVASP-76471",
  "atomic_numbers": [
    23,
    16,
    16
  ],
  "frac_coords": [
    [
      0.9999984502792358,
      1.385213408866548e-06,
      0.9368829727172852
    ],
    [
      0.6666606664657593,
      0.3333394229412079,
      0.9987762570381165
    ],
    [
      0.3333408832550049,
      0.6666591763496399,
      0.8749387860298157
    ]
  ],
  "lattice": [
    [
      -1.5976448059082031,
      -2.7671797275543213,
      0.0
    ],
    [
      -1.5976449251174927,
      2.7671799659729004,
      0.0
    ],
    [
      0.0,
      0.0,
      -23.677391052246094
    ]
  ],
  "properties": {
    "deltaG_H": 0.0063107744852701824,
    "thermo_stability": -0.504678628842036,
    "synth_score": 0.26710565530487185
  }
}