{
  "id": "JVASP-75393",
  "atomic_numbers": [
    13,
    13,
    13,
    13,
    15,
    15,
    15,
    15
  ],
  "frac_coords": [
    [
      0.8589593172073364,
      0.6410406827926636,
      0.5
    ],
    [
      0.6410406827926636,
      0.14104069769382477,
      0.5
    ],
    [
      0.35895928740501404,
      0.8589593172073364,
      0.5
    ],
    [
      0.14104069769382477,
      0.35895928740501404,
      0.5
    ],
    [
      0.6539101600646973,
      0.8460898399353027,
      0.5
    ],
    [
      0.34608983993530273,
      0.15391016006469727,
      0.5
    ],
    [
      0.15391016006469727,
      0.6539101600646973,
      0.5
    ],
    [
      0.8460898399353027,
      0.34608983993530273,
      0.5
    ]
  ],
  "lattice": [
    [
      7.764457702636719,
      0.0,
      0.0
    ],
    [
      0.0,
      7.764457702636719,
      0.0
    ],
    [
      0.0,
      0.0,
      20.0
    ]
  ],
  "properties": {
    "deltaG_H": 0.013531256675720214,
    "thermo_stability": 0.5694731056690217,
    "synth_score": 0.757486109603943
  }
}