{
  "id": "JVASP-19576",
  "atomic_numbers": [
    20,
    6,
    8,
    8,
    8
  ],
  "frac_coords": [
    [
      0.40224629640579224,
      0.0,
      0.1215829998254776
    ],
    [
      0.004047475289553404,
      0.5,
      0.1215829998254776
    ],
    [
      0.30689141154289246,
      0.5,
      0.1215829998254776
    ],
    [
      0.8706074357032776,
      0.25935667753219604,
      0.1215829998254776
    ],
    [
      0.8706074357032776,
      0.740643322467804,
      0.1215829998254776
    ]
  ],
  "lattice": [
    [
      4.320201396942139,
      0.0,
      0.0
    ],
    [
      0.0,
      4.769924163818359,
      0.0
    ],
    [
      0.0,
      0.0,
      21.14069938659668
    ]
  ],
  "properties": {
    "deltaG_H": -0.00731032180786133,
    "thermo_stability": 0.12128572463989251,
    "synth_score": 0.5603472448811185
  }
}