{
  "id": "JVASP-76195",
  "atomic_numbers": [
    24,
    24,
    53,
    53,
    53,
    53,
    53,
    53
  ],
  "frac_coords": [
    [
      0.1666542887687683,
      0.6666613221168518,
      -8.912029443308711e-07
    ],
    [
      0.8333457112312317,
      0.3333387076854706,
      8.912029443308711e-07
    ],
    [
      0.14773036539554596,
      0.3528331518173218,
      0.9311705231666565
    ],
    [
      0.1469697654247284,
      0.9997982978820801,
      0.06883757561445236
    ],
    [
      0.4996646046638489,
      0.3523247539997101,
      0.06880225241184235
    ],
    [
      0.5003353953361511,
      0.6476752758026123,
      0.9311977624893188
    ],
    [
      0.853030264377594,
      0.0002016785874729976,
      0.931162416934967
    ],
    [
      0.8522696495056152,
      0.6471668481826782,
      0.06882945448160172
    ]
  ],
  "lattice": [
    [
      6.897837162017822,
      0.00325001310557127,
      0.013807999901473522
    ],
    [
      3.4461669921875,
      5.975017547607422,
      0.011295000091195107
    ],
    [
      0.0,
      0.0,
      22.771717071533203
    ]
  ],
  "properties": {
    "deltaG_H": 0.009729651212692262,
    "thermo_stability": -2.0,
    "synth_score": 0.01798620996209156
  }
}