{
  "id": "JVASP-75220",
  "atomic_numbers": [
    12,
    12,
    17,
    17,
    17,
    17
  ],
  "frac_coords": [
    [
      0.13535703718662262,
      0.6353749632835388,
      0.4999939203262329
    ],
    [
      0.8646429777145386,
      0.36462506651878357,
      0.5000060796737671
    ],
    [
      0.0003120945766568184,
      0.49987879395484924,
      0.5740644335746765
    ],
    [
      0.999687910079956,
      0.5001212358474731,
      0.4259355962276459
    ],
    [
      -1.0842021724855044e-19,
      -3.3881317890172014e-21,
      0.5
    ],
    [
      0.5,
      0.5,
      0.5
    ]
  ],
  "lattice": [
    [
      7.0393266677856445,
      -0.057988397777080536,
      -0.0021860001143068075
    ],
    [
      2.9797182083129883,
      6.378169059753418,
      -0.0010110000148415565
    ],
    [
      -0.007248596288263798,
      -0.00020353532454464585,
      23.44731330871582
    ]
  ],
  "properties": {
    "deltaG_H": 0.0204503724972407,
    "thermo_stability": -1.1843343496322634,
    "synth_score": 0.08559327897292382
  }
}