{
  "id": "JVASP-6214",
  "atomic_numbers": [
    83,
    83,
    53,
    53,
    8,
    8
  ],
  "frac_coords": [
    [
      0.711338996887207,
      0.21133899688720703,
      0.2057202309370041
    ],
    [
      0.21133899688720703,
      0.711338996887207,
      0.12221977114677429
    ],
    [
      0.21133899688720703,
      0.711338996887207,
      0.2682364284992218
    ],
    [
      0.711338996887207,
      0.21133899688720703,
      0.05970456078648567
    ],
    [
      0.21133899688720703,
      0.21133899688720703,
      0.1639699935913086
    ],
    [
      0.711338996887207,
      0.711338996887207,
      0.1639699935913086
    ]
  ],
  "lattice": [
    [
      4.020378589630127,
      0.0,
      0.0
    ],
    [
      0.0,
      4.020378589630127,
      0.0
    ],
    [
      0.0,
      0.0,
      29.759281158447266
    ]
  ],
  "properties": {
    "deltaG_H": 0.013759374956289927,
    "thermo_stability": -1.800531190633774,
    "synth_score": 0.026569502786349123
  }
}