{
  "id": "JVASP-60346",
  "atomic_numbers": [
    57,
    57,
    53,
    53,
    8,
    8
  ],
  "frac_coords": [
    [
      0.5,
      0.0,
      0.07241518050432205
    ],
    [
      0.0,
      0.5,
      0.1643158197402954
    ],
    [
      0.0,
      0.5,
      0.00012322675320319831
    ],
    [
      0.5,
      0.0,
      0.23660677671432495
    ],
    [
      0.5,
      0.5,
      0.11836499720811844
    ],
    [
      0.0,
      0.0,
      0.11836499720811844
    ]
  ],
  "lattice": [
    [
      4.146517753601074,
      -0.0,
      0.0
    ],
    [
      0.0,
      4.146517753601074,
      0.0
    ],
    [
      0.0,
      0.0,
      26.20305061340332
    ]
  ],
  "properties": {
    "deltaG_H": 0.009887301723162333,
    "thermo_stability": -2.0,
    "synth_score": 0.01798620996209156
  }
}