{
  "id": "JVASP-6466",
  "atomic_numbers": [
    66,
    66,
    5,
    5,
    6,
    6
  ],
  "frac_coords": [
    [
      0.14215227961540222,
      0.0,
      0.10141465067863464
    ],
    [
      0.9877577424049377,
      0.0,
      0.22798535227775574
    ],
    [
      0.6859935522079468,
      0.5,
      0.14360694587230682
    ],
    [
      0.443917453289032,
      0.5,
      0.18579305708408356
    ],
    [
      0.6321313977241516,
      0.5,
      0.09371180832386017
    ],
    [
      0.49777957797050476,
      0.5,
      0.2356881946325302
    ]
  ],
  "lattice": [
    [
      3.411797285079956,
      0.0,
      -0.8113200068473816
    ],
    [
      0.0,
      3.4957022666931152,
      0.0
    ],
    [
      0.660942018032074,
      0.0,
      29.666887283325195
    ]
  ],
  "properties": {
    "deltaG_H": -0.008783665299415589,
    "thermo_stability": -0.8119322180747985,
    "synth_score": 0.16467260652024826
  }
}