{
  "id": "JVASP-14460",
  "atomic_numbers": [
    24,
    24,
    24,
    8,
    8,
    8,
    8,
    8,
    8,
    8,
    8
  ],
  "frac_coords": [
    [
      0.33333688974380493,
      0.16666895151138306,
      0.2504647970199585
    ],
    [
      0.8333310484886169,
      0.6666631102561951,
      0.2504647970199585
    ],
    [
      0.8333310484886169,
      0.16666895151138306,
      0.2504647970199585
    ],
    [
      0.6666669845581055,
      0.33333298563957214,
      0.1432121992111206
    ],
    [
      0.15177759528160095,
      0.3035551905632019,
      0.1543804556131363
    ],
    [
      0.15177759528160095,
      0.8482224345207214,
      0.1543804556131363
    ],
    [
      0.6964448094367981,
      0.8482224345207214,
      0.1543804556131363
    ],
    [
      0.9702150821685791,
      0.48510804772377014,
      0.34656062722206116
    ],
    [
      0.5148919224739075,
      0.029784899204969406,
      0.34656062722206116
    ],
    [
      0.5148919224739075,
      0.48510804772377014,
      0.34656062722206116
    ],
    [
      0.0,
      0.0,
      0.3577162027359009
    ]
  ],
  "lattice": [
    [
      5.630492210388184,
      -0.0,
      0.0
    ],
    [
      -2.815246105194092,
      4.8761491775512695,
      0.0
    ],
    [
      0.0,
      0.0,
      9.751259803771973
    ]
  ],
  "properties": {
    "deltaG_H": -0.005658967711708764,
    "thermo_stability": -2.0,
    "synth_score": 0.01798620996209156
  }
}