{
  "id": "JVASP-28139",
  "atomic_numbers": [
    70,
    70,
    35,
    35,
    35,
    35,
    35,
    35
  ],
  "frac_coords": [
    [
      0.33333298563957214,
      0.6666669845581055,
      0.4895566701889038
    ],
    [
      0.6666669845581055,
      0.33333298563957214,
      0.5104433298110962
    ],
    [
      0.30082467198371887,
      0.33301785588264465,
      0.5727933049201965
    ],
    [
      0.032192159444093704,
      0.6991752982139587,
      0.5727933049201965
    ],
    [
      0.6669821739196777,
      0.9678078293800354,
      0.5727933049201965
    ],
    [
      0.33301785588264465,
      0.032192159444093704,
      0.42720669507980347
    ],
    [
      0.9678078293800354,
      0.30082467198371887,
      0.42720669507980347
    ],
    [
      0.6991752982139587,
      0.6669821739196777,
      0.42720669507980347
    ]
  ],
  "lattice": [
    [
      6.716920852661133,
      2.3632724150957074e-06,
      0.0
    ],
    [
      -3.358462333679199,
      5.817022800445557,
      0.0
    ],
    [
      0.0,
      0.0,
      22.858728408813477
    ]
  ],
  "properties": {
    "deltaG_H": 0.027634522914886477,
    "thermo_stability": -0.9118832568327586,
    "synth_score": 0.1389825346834775
  }
}