{
  "id": "JVASP-6754",
  "atomic_numbers": [
    22,
    17,
    17
  ],
  "frac_coords": [
    [
      0.5257120132446289,
      0.11689899861812592,
      0.1321219950914383
    ],
    [
      0.19237899780273438,
      0.45023199915885925,
      0.19371214509010315
    ],
    [
      0.8590450286865234,
      0.7835659980773926,
      0.07053185254335403
    ]
  ],
  "lattice": [
    [
      3.293314218521118,
      -2.000000033724767e-16,
      0.0
    ],
    [
      -1.646657109260559,
      2.852093458175659,
      0.0
    ],
    [
      0.0,
      0.0,
      25.82378387451172
    ]
  ],
  "properties": {
    "deltaG_H": 0.018781117151180905,
    "thermo_stability": -0.4937453240156173,
    "synth_score": 0.2714080064797333
  }
}