{
  "id": "JVASP-76648",
  "atomic_numbers": [
    27,
    8,
    8
  ],
  "frac_coords": [
    [
      0.0037212304305285215,
      0.5032216906547546,
      0.04303162544965744
    ],
    [
      0.6834145188331604,
      0.8223722577095032,
      0.0003533638664521277
    ],
    [
      0.3240082859992981,
      0.18407003581523895,
      0.08571501076221466
    ]
  ],
  "lattice": [
    [
      -2.8123791217803955,
      -0.00040050927782431245,
      -0.17058399319648743
    ],
    [
      1.4003506898880005,
      2.4386990070343018,
      0.175587996840477
    ],
    [
      0.0,
      0.0,
      -21.938888549804688
    ]
  ],
  "properties": {
    "deltaG_H": -0.0025247972210248304,
    "thermo_stability": 0.15237024227778106,
    "synth_score": 0.5756009566872986
  }
}