{
  "id": "JVASP-77582",
  "atomic_numbers": [
    25,
    16,
    16
  ],
  "frac_coords": [
    [
      0.0,
      0.0,
      0.5
    ],
    [
      0.6666669845581055,
      0.6666669845581055,
      0.5590291619300842
    ],
    [
      0.33333298563957214,
      0.33333298563957214,
      0.44097083806991577
    ]
  ],
  "lattice": [
    [
      3.311964511871338,
      1.1949529366006573e-08,
      0.0
    ],
    [
      1.6559813022613525,
      2.8682456016540527,
      0.0
    ],
    [
      0.0,
      0.0,
      22.66818618774414
    ]
  ],
  "properties": {
    "deltaG_H": 0.005982388655344646,
    "thermo_stability": -0.40838014781475085,
    "synth_score": 0.3064517916268126
  }
}