{
  "id": "JVASP-8867",
  "atomic_numbers": [
    19,
    19,
    47,
    47,
    34,
    34
  ],
  "frac_coords": [
    [
      0.8516740202903748,
      0.35167399048805237,
      0.23621955513954163
    ],
    [
      0.35167399048805237,
      0.8516740202903748,
      0.04378644376993179
    ],
    [
      0.8516740202903748,
      0.8516740202903748,
      0.1400029957294464
    ],
    [
      0.35167399048805237,
      0.35167399048805237,
      0.1400029957294464
    ],
    [
      0.35167399048805237,
      0.8516740202903748,
      0.20307107269763947
    ],
    [
      0.8516740202903748,
      0.35167399048805237,
      0.07693592458963394
    ]
  ],
  "lattice": [
    [
      4.417791843414307,
      0.0,
      0.0
    ],
    [
      0.0,
      4.417791843414307,
      0.0
    ],
    [
      0.0,
      0.0,
      27.778030395507812
    ]
  ],
  "properties": {
    "deltaG_H": 0.01587013085683187,
    "thermo_stability": -1.53221872150898,
    "synth_score": 0.04459824441996658
  }
}