{
  "id": "JVASP-75189",
  "atomic_numbers": [
    47,
    47,
    47,
    47,
    80,
    80,
    80,
    80,
    16,
    16,
    16,
    16,
    35,
    35,
    35,
    35
  ],
  "frac_coords": [
    [
      0.0,
      0.4051440358161926,
      0.6049535274505615
    ],
    [
      0.0,
      0.5948559641838074,
      0.3950464427471161
    ],
    [
      0.0,
      0.09485594928264618,
      0.6049535274505615
    ],
    [
      0.0,
      0.9051440358161926,
      0.3950464427471161
    ],
    [
      0.5,
      0.75,
      0.5810062289237976
    ],
    [
      0.5,
      0.25,
      0.4189937710762024
    ],
    [
      0.5,
      0.0,
      0.5
    ],
    [
      0.5,
      0.5,
      0.5
    ],
    [
      0.5,
      0.9931143522262573,
      0.5806633830070496
    ],
    [
      0.5,
      0.006885636132210493,
      0.4193366467952728
    ],
    [
      0.5,
      0.4931143522262573,
      0.4193366467952728
    ],
    [
      0.5,
      0.5068856477737427,
      0.5806633830070496
    ],
    [
      0.0,
      0.75,
      0.32629886269569397
    ],
    [
      0.0,
      0.75,
      0.4932675361633301
    ],
    [
      0.0,
      0.25,
      0.5067324638366699
    ],
    [
      0.0,
      0.25,
      0.6737011671066284
    ]
  ],
  "lattice": [
    [
      4.409782886505127,
      0.0,
      0.0
    ],
    [
      0.0,
      9.828160285949707,
      0.0
    ],
    [
      0.0,
      0.0,
      30.048498153686523
    ]
  ],
  "properties": {
    "deltaG_H": 0.004589734673500061,
    "thermo_stability": -2.0,
    "synth_score": 0.01798620996209156
  }
}