{
  "id": "JVASP-60480",
  "atomic_numbers": [
    26,
    17,
    17
  ],
  "frac_coords": [
    [
      0.9999977350234985,
      1.961618409040966e-06,
      0.06167463958263397
    ],
    [
      0.6666672229766846,
      0.33333271741867065,
      0.12330131232738495
    ],
    [
      0.3333340585231781,
      0.6666663289070129,
      0.9998660683631897
    ]
  ],
  "lattice": [
    [
      1.7480932474136353,
      -3.0278160572052,
      0.0
    ],
    [
      1.748093605041504,
      3.027815818786621,
      0.0
    ],
    [
      0.0,
      0.0,
      22.81095314025879
    ]
  ],
  "properties": {
    "deltaG_H": 0.002098867098490397,
    "thermo_stability": -2.0,
    "synth_score": 0.01798620996209156
  }
}