{
  "id": "JVASP-31375",
  "atomic_numbers": [
    46,
    46,
    34,
    34,
    8,
    8,
    8,
    8,
    8,
    8
  ],
  "frac_coords": [
    [
      0.5,
      0.0,
      0.11922399699687958
    ],
    [
      0.5,
      0.5,
      0.11922399699687958
    ],
    [
      0.9513440132141113,
      0.25,
      0.04150360822677612
    ],
    [
      0.048655979335308075,
      0.75,
      0.19694438576698303
    ],
    [
      0.2094835489988327,
      0.03625401109457016,
      0.05091370642185211
    ],
    [
      0.2094835489988327,
      0.46374598145484924,
      0.05091370642185211
    ],
    [
      0.7878538966178894,
      0.25,
      0.10475734621286392
    ],
    [
      0.21214613318443298,
      0.75,
      0.13369065523147583
    ],
    [
      0.7905164361000061,
      0.9637460112571716,
      0.18753428757190704
    ],
    [
      0.7905164361000061,
      0.5362539887428284,
      0.18753428757190704
    ]
  ],
  "lattice": [
    [
      3.921964645385742,
      0.0,
      -0.41501501202583313
    ],
    [
      0.0,
      6.4090447425842285,
      0.0
    ],
    [
      0.0,
      0.0,
      26.26215934753418
    ]
  ],
  "properties": {
    "deltaG_H": -0.0059256089925766005,
    "thermo_stability": -1.1999252359072368,
    "synth_score": 0.08318409947626526
  }
}