{
  "id": "JVASP-75174",
  "atomic_numbers": [
    38,
    38,
    17,
    17,
    17,
    17,
    8,
    8,
    8,
    8,
    8,
    8,
    8,
    8
  ],
  "frac_coords": [
    [
      0.5,
      0.5,
      0.5
    ],
    [
      0.0,
      0.0,
      0.5
    ],
    [
      0.0,
      0.5,
      0.4089439809322357
    ],
    [
      0.0,
      0.5,
      0.5910559892654419
    ],
    [
      0.5,
      0.0,
      0.4089439809322357
    ],
    [
      0.5,
      0.0,
      0.5910559892654419
    ],
    [
      0.6546355485916138,
      0.15464727580547333,
      0.44583243131637573
    ],
    [
      0.15463554859161377,
      0.3453527092933655,
      0.44583243131637573
    ],
    [
      0.34536445140838623,
      0.15464727580547333,
      0.5541675686836243
    ],
    [
      0.8453644514083862,
      0.3453527092933655,
      0.5541675686836243
    ],
    [
      0.34536445140838623,
      0.8453527092933655,
      0.44583243131637573
    ],
    [
      0.6546355485916138,
      0.8453527092933655,
      0.5541675686836243
    ],
    [
      0.8453644514083862,
      0.6546472907066345,
      0.44583243131637573
    ],
    [
      0.15463554859161377,
      0.6546472907066345,
      0.5541675686836243
    ]
  ],
  "lattice": [
    [
      5.971688270568848,
      0.0,
      0.0
    ],
    [
      0.0,
      5.972259998321533,
      0.0
    ],
    [
      0.0,
      0.0,
      24.26421546936035
    ]
  ],
  "properties": {
    "deltaG_H": -0.0019758182764053325,
    "thermo_stability": -1.580859305461248,
    "synth_score": 0.040632007402912076
  }
}