{
  "id": "JVASP-14445",
  "atomic_numbers": [
    83,
    83,
    8,
    8,
    9,
    9
  ],
  "frac_coords": [
    [
      0.6666669845581055,
      0.33333298563957214,
      0.06310773640871048
    ],
    [
      0.0,
      0.0,
      0.16084426641464233
    ],
    [
      0.0,
      0.0,
      0.0870814248919487
    ],
    [
      0.6666669845581055,
      0.33333298563957214,
      0.1368715763092041
    ],
    [
      0.33333298563957214,
      0.6666669845581055,
      0.031130032613873482
    ],
    [
      0.33333298563957214,
      0.6666669845581055,
      0.19282196462154388
    ]
  ],
  "lattice": [
    [
      3.968686103820801,
      -4.81202855340257e-09,
      0.0
    ],
    [
      -1.9843425750732422,
      3.436983108520508,
      0.0
    ],
    [
      0.0,
      0.0,
      30.4744930267334
    ]
  ],
  "properties": {
    "deltaG_H": 0.012390532533327739,
    "thermo_stability": -1.1356069813172023,
    "synth_score": 0.09353523392333285
  }
}