{
  "id": "JVASP-76652",
  "atomic_numbers": [
    73,
    73,
    46,
    34,
    34,
    34,
    34,
    34,
    34
  ],
  "frac_coords": [
    [
      0.1453641802072525,
      0.290728360414505,
      0.06299104541540146
    ],
    [
      0.8546358346939087,
      0.7092716693878174,
      0.1016799584031105
    ],
    [
      0.5,
      0.0,
      0.08233600109815598
    ],
    [
      0.5661948919296265,
      0.1323898434638977,
      -0.00022419949527829885
    ],
    [
      0.6168208122253418,
      0.23364165425300598,
      0.14073459804058075
    ],
    [
      0.7335742712020874,
      0.46714848279953003,
      0.024381650611758232
    ],
    [
      0.266425758600235,
      0.53285151720047,
      0.14028935134410858
    ],
    [
      0.43380507826805115,
      0.8676101565361023,
      0.1648952066898346
    ],
    [
      0.3831791877746582,
      0.7663583755493164,
      0.0239374041557312
    ]
  ],
  "lattice": [
    [
      -3.400310754776001,
      0.0,
      0.0
    ],
    [
      1.7001553773880005,
      -9.472068786621094,
      -1.2294039726257324
    ],
    [
      0.0,
      0.0,
      23.942663192749023
    ]
  ],
  "properties": {
    "deltaG_H": 0.00788982073465983,
    "thermo_stability": -1.0746805538733804,
    "synth_score": 0.10439094027826831
  }
}