{
  "id": "JVASP-13596",
  "atomic_numbers": [
    79,
    79,
    34,
    34
  ],
  "frac_coords": [
    [
      0.3872070014476776,
      0.0,
      0.18279899656772614
    ],
    [
      0.8872069716453552,
      0.5,
      0.18279899656772614
    ],
    [
      0.19887785613536835,
      0.5,
      0.12859641015529633
    ],
    [
      0.5755371451377869,
      0.5,
      0.23700158298015594
    ]
  ],
  "lattice": [
    [
      6.069564342498779,
      0.0,
      0.0
    ],
    [
      0.0,
      3.687540292739868,
      0.0
    ],
    [
      -2.1582584381103516,
      0.0,
      25.22061538696289
    ]
  ],
  "properties": {
    "deltaG_H": 0.00642638087272644,
    "thermo_stability": -0.06417268713315338,
    "synth_score": 0.46795762928544943
  }
}