{
  "id": "JVASP-60564",
  "atomic_numbers": [
    59,
    59,
    35,
    35,
    8,
    8
  ],
  "frac_coords": [
    [
      0.0,
      0.0,
      0.07317452132701874
    ],
    [
      0.3333339989185333,
      0.6666659712791443,
      0.18511448800563812
    ],
    [
      0.6666659712791443,
      0.3333339989185333,
      0.2582271099090576
    ],
    [
      0.6666659712791443,
      0.3333339989185333,
      6.0893999034306034e-05
    ],
    [
      0.0,
      0.0,
      0.1621905118227005
    ],
    [
      0.3333339989185333,
      0.6666659712791443,
      0.09609648585319519
    ]
  ],
  "lattice": [
    [
      2.0227134227752686,
      -3.5034422874450684,
      0.0
    ],
    [
      2.0227134227752686,
      3.5034422874450684,
      0.0
    ],
    [
      0.0,
      0.0,
      26.96464729309082
    ]
  ],
  "properties": {
    "deltaG_H": 0.009509037534395854,
    "thermo_stability": -2.0,
    "synth_score": 0.01798620996209156
  }
}