{
  "id": "JVASP-31361",
  "atomic_numbers": [
    46,
    34,
    34,
    34,
    34,
    34,
    34,
    17,
    17
  ],
  "frac_coords": [
    [
      0.851485013961792,
      0.5,
      0.24039499461650848
    ],
    [
      0.9680833220481873,
      0.11806152015924454,
      0.3133215308189392
    ],
    [
      0.734886646270752,
      0.8819384574890137,
      0.16746847331523895
    ],
    [
      0.9126365780830383,
      0.1347164809703827,
      0.17484872043132782
    ],
    [
      0.6401053667068481,
      0.24569974839687347,
      0.24425344169139862
    ],
    [
      0.06286562234163284,
      0.7543002367019653,
      0.23653656244277954
    ],
    [
      0.7903344035148621,
      0.8652835488319397,
      0.30594128370285034
    ],
    [
      0.5165542960166931,
      0.544619083404541,
      0.16842302680015564
    ],
    [
      0.18641571700572968,
      0.455380916595459,
      0.3123669922351837
    ]
  ],
  "lattice": [
    [
      4.30711555480957,
      0.2309584617614746,
      0.0
    ],
    [
      0.41499099135398865,
      8.47787857055664,
      0.0
    ],
    [
      -2.464015483856201,
      -0.13212676346302032,
      26.96405792236328
    ]
  ],
  "properties": {
    "deltaG_H": 0.010853398872746362,
    "thermo_stability": -0.9660289605458579,
    "synth_score": 0.12652297430090131
  }
}