{
  "id": "JVASP-792",
  "atomic_numbers": [
    40,
    40,
    16,
    16,
    16,
    16,
    16,
    16
  ],
  "frac_coords": [
    [
      0.6649227142333984,
      0.25,
      0.11251426488161087
    ],
    [
      0.1847492903470993,
      0.75,
      0.20307573676109314
    ],
    [
      0.9944925904273987,
      0.25,
      0.2545328140258789
    ],
    [
      0.8551793694496155,
      0.75,
      0.06105718016624451
    ],
    [
      0.6783190369606018,
      0.75,
      0.1737092137336731
    ],
    [
      0.17135299742221832,
      0.25,
      0.14188078045845032
    ],
    [
      0.4520808458328247,
      0.75,
      0.06106026470661163
    ],
    [
      0.39759117364883423,
      0.25,
      0.254529744386673
    ]
  ],
  "lattice": [
    [
      0.0,
      5.172199249267578,
      0.0
    ],
    [
      3.6447689533233643,
      0.0,
      0.0
    ],
    [
      0.0,
      -1.1360560655593872,
      -30.683368682861328
    ]
  ],
  "properties": {
    "deltaG_H": 0.00032867610454559416,
    "thermo_stability": -1.6308308561642968,
    "synth_score": 0.03691009370388932
  }
}