{
  "id": "JVASP-6286",
  "atomic_numbers": [
    21,
    21,
    7,
    17,
    17
  ],
  "frac_coords": [
    [
      0.33333298563957214,
      0.6666669845581055,
      0.12160993367433548
    ],
    [
      0.6666669845581055,
      0.33333298563957214,
      0.20193207263946533
    ],
    [
      0.0,
      0.0,
      0.1617709994316101
    ],
    [
      0.6666669845581055,
      0.33333298563957214,
      0.06469506025314331
    ],
    [
      0.33333298563957214,
      0.6666669845581055,
      0.2588469386100769
    ]
  ],
  "lattice": [
    [
      3.356762647628784,
      0.0,
      0.0
    ],
    [
      -1.678381323814392,
      2.9070417881011963,
      0.0
    ],
    [
      0.0,
      0.0,
      29.565765380859375
    ]
  ],
  "properties": {
    "deltaG_H": 0.00897395362854004,
    "thermo_stability": -1.5580877333879473,
    "synth_score": 0.04244494203002242
  }
}