{
  "id": "JVASP-75148",
  "atomic_numbers": [
    30,
    30,
    15,
    15,
    16,
    16,
    16,
    16,
    16,
    16
  ],
  "frac_coords": [
    [
      0.33333390951156616,
      0.6666660904884338,
      0.5
    ],
    [
      0.6666660904884338,
      0.33333390951156616,
      0.5
    ],
    [
      -2.1416222807602026e-05,
      -2.1416222807602026e-05,
      0.5477411150932312
    ],
    [
      2.1416222807602026e-05,
      2.1416222807602026e-05,
      0.4522588849067688
    ],
    [
      0.3299815356731415,
      -3.5132969060214236e-05,
      0.5697140693664551
    ],
    [
      3.5132969060214236e-05,
      0.6700184345245361,
      0.4302859306335449
    ],
    [
      0.3300413489341736,
      0.3300413489341736,
      0.430294394493103
    ],
    [
      0.6699586510658264,
      0.6699586510658264,
      0.569705605506897
    ],
    [
      0.6700184345245361,
      3.5132969060214236e-05,
      0.4302859306335449
    ],
    [
      -3.5132969060214236e-05,
      0.3299815356731415,
      0.5697140693664551
    ]
  ],
  "lattice": [
    [
      5.998315811157227,
      -0.00016680025146342814,
      0.0
    ],
    [
      -2.9989795684814453,
      5.194795608520508,
      0.0
    ],
    [
      0.0,
      0.0,
      23.23379135131836
    ]
  ],
  "properties": {
    "deltaG_H": 0.001496919059753416,
    "thermo_stability": -0.7949418743451437,
    "synth_score": 0.1694002533072833
  }
}