{
  "id": "JVASP-60607",
  "atomic_numbers": [
    13,
    13,
    52,
    52,
    52,
    52,
    52
  ],
  "frac_coords": [
    [
      0.2998475134372711,
      0.5996950268745422,
      0.04226195067167282
    ],
    [
      0.7001525163650513,
      0.40030500292778015,
      0.12786105275154114
    ],
    [
      0.43991467356681824,
      0.8798293471336365,
      -0.0021660965867340565
    ],
    [
      0.3029884994029999,
      0.6059769988059998,
      0.15448692440986633
    ],
    [
      0.6970115303993225,
      0.39402303099632263,
      0.015636073425412178
    ],
    [
      0.0,
      0.0,
      0.08506199717521667
    ],
    [
      0.5600853562355042,
      0.12017068266868591,
      0.17228910326957703
    ]
  ],
  "lattice": [
    [
      -4.187615871429443,
      -6.450724843176658e-09,
      0.0
    ],
    [
      2.09380841255188,
      -7.9794769287109375,
      -0.8494229912757874
    ],
    [
      0.0,
      0.0,
      24.099958419799805
    ]
  ],
  "properties": {
    "deltaG_H": 0.014744052972112384,
    "thermo_stability": -1.2678881158431374,
    "synth_score": 0.0733878814904705
  }
}