{
  "id": "JVASP-13528",
  "atomic_numbers": [
    67,
    67,
    35,
    35,
    8,
    8
  ],
  "frac_coords": [
    [
      0.0,
      0.0,
      0.11948283016681671
    ],
    [
      0.6666669845581055,
      0.33333298563957214,
      0.21385017037391663
    ],
    [
      0.33333298563957214,
      0.6666669845581055,
      0.055753257125616074
    ],
    [
      0.33333298563957214,
      0.6666669845581055,
      0.27757975459098816
    ],
    [
      0.6666669845581055,
      0.33333298563957214,
      0.13840259611606598
    ],
    [
      0.0,
      0.0,
      0.19493040442466736
    ]
  ],
  "lattice": [
    [
      3.8099241256713867,
      -0.0,
      0.0
    ],
    [
      -1.9049620628356934,
      3.2994906902313232,
      0.0
    ],
    [
      0.0,
      0.0,
      30.079381942749023
    ]
  ],
  "properties": {
    "deltaG_H": 0.007618463436762493,
    "thermo_stability": -2.0,
    "synth_score": 0.01798620996209156
  }
}