{
  "id": "JVASP-60362",
  "atomic_numbers": [
    22,
    41,
    16,
    16,
    16,
    16
  ],
  "frac_coords": [
    [
      0.0,
      0.0,
      0.9344390034675598
    ],
    [
      0.5,
      0.5,
      0.9344390034675598
    ],
    [
      0.0,
      0.3259727656841278,
      -5.4280309996102005e-05
    ],
    [
      0.5,
      0.16308416426181793,
      0.8707009553909302
    ],
    [
      0.5,
      0.8369158506393433,
      0.9981760382652283
    ],
    [
      0.0,
      0.6740272641181946,
      0.8689312934875488
    ]
  ],
  "lattice": [
    [
      3.394782781600952,
      0.0,
      0.0
    ],
    [
      0.0,
      5.896847724914551,
      0.026511000469326973
    ],
    [
      0.0,
      0.0,
      23.018220901489258
    ]
  ],
  "properties": {
    "deltaG_H": -0.009530225594838461,
    "thermo_stability": -2.0,
    "synth_score": 0.01798620996209156
  }
}