{
  "id": "JVASP-60440",
  "atomic_numbers": [
    80,
    80,
    80,
    80,
    53,
    53,
    53,
    53,
    53,
    53,
    53,
    53
  ],
  "frac_coords": [
    [
      0.5,
      0.24933668971061707,
      0.067988321185112
    ],
    [
      0.7506420016288757,
      0.4999980926513672,
      0.1844462901353836
    ],
    [
      0.24935799837112427,
      0.4999980926513672,
      0.1844462901353836
    ],
    [
      0.5,
      0.750664234161377,
      0.06798858940601349
    ],
    [
      0.768635094165802,
      0.23129621148109436,
      0.12623555958271027
    ],
    [
      0.23136493563652039,
      0.23129621148109436,
      0.12623555958271027
    ],
    [
      0.5,
      -2.726050922774448e-07,
      0.9992601871490479
    ],
    [
      0.5,
      0.4999978244304657,
      0.0010658531682565808
    ],
    [
      0.0,
      0.500013530254364,
      0.2531662881374359
    ],
    [
      0.5,
      0.500015139579773,
      0.25138238072395325
    ],
    [
      0.7686468362808228,
      0.7686915993690491,
      0.12623032927513123
    ],
    [
      0.23135316371917725,
      0.7686915993690491,
      0.12623032927513123
    ]
  ],
  "lattice": [
    [
      8.834577560424805,
      0.0,
      0.0
    ],
    [
      0.0,
      8.834024429321289,
      0.0
    ],
    [
      0.0,
      0.0,
      26.753902435302734
    ]
  ],
  "properties": {
    "deltaG_H": 0.008571728865305583,
    "thermo_stability": -2.0,
    "synth_score": 0.01798620996209156
  }
}