{
  "id": "JVASP-6814",
  "atomic_numbers": [
    72,
    72,
    35,
    35,
    7,
    7
  ],
  "frac_coords": [
    [
      0.6666669845581055,
      0.33333298563957214,
      0.1253415197134018
    ],
    [
      0.0,
      0.0,
      0.20799148082733154
    ],
    [
      0.33333298563957214,
      0.6666669845581055,
      0.06223271042108536
    ],
    [
      0.33333298563957214,
      0.6666669845581055,
      0.27110129594802856
    ],
    [
      0.0,
      0.0,
      0.13912555575370789
    ],
    [
      0.6666669845581055,
      0.33333298563957214,
      0.19420744478702545
    ]
  ],
  "lattice": [
    [
      3.614924907684326,
      -2.065278836838047e-09,
      0.0
    ],
    [
      -1.8074619770050049,
      3.1306166648864746,
      0.0
    ],
    [
      0.0,
      0.0,
      31.377197265625
    ]
  ],
  "properties": {
    "deltaG_H": 0.0057843308051427214,
    "thermo_stability": -1.921884633104007,
    "synth_score": 0.020963845387839294
  }
}