{
  "id": "JVASP-75044",
  "atomic_numbers": [
    23,
    16,
    16
  ],
  "frac_coords": [
    [
      0.33333298563957214,
      0.6666669845581055,
      0.5
    ],
    [
      0.0,
      0.0,
      0.4352022111415863
    ],
    [
      0.0,
      0.0,
      0.5647978186607361
    ]
  ],
  "lattice": [
    [
      3.183821678161621,
      -1.278099015511458e-10,
      0.0
    ],
    [
      -1.5919103622436523,
      2.757270097732544,
      0.0
    ],
    [
      0.0,
      0.0,
      22.983646392822266
    ]
  ],
  "properties": {
    "deltaG_H": 0.006390218536059061,
    "thermo_stability": -0.47721097071965546,
    "synth_score": 0.27799640393885294
  }
}