{
  "id": "JVASP-76420",
  "atomic_numbers": [
    24,
    24,
    14,
    14,
    52,
    52,
    52,
    52,
    52,
    52
  ],
  "frac_coords": [
    [
      0.0,
      0.0,
      0.07350561022758484
    ],
    [
      0.6666669845581055,
      0.33333298563957214,
      0.07351735234260559
    ],
    [
      0.33333298563957214,
      0.6666669845581055,
      0.12253128737211227
    ],
    [
      0.33333298563957214,
      0.6666669845581055,
      0.024694643914699554
    ],
    [
      0.9695125818252563,
      0.6667006611824036,
      0.14748403429985046
    ],
    [
      0.6971880793571472,
      0.030487418174743652,
      0.14748403429985046
    ],
    [
      0.3332993686199188,
      0.30281195044517517,
      0.14748403429985046
    ],
    [
      0.33336660265922546,
      0.03042777068912983,
      -0.0003706665593199432
    ],
    [
      0.9695722460746765,
      0.3029388189315796,
      -0.0003706665593199432
    ],
    [
      0.6970611810684204,
      0.6666334271430969,
      -0.0003706665593199432
    ]
  ],
  "lattice": [
    [
      3.4137120246887207,
      -5.912722110748291,
      0.0
    ],
    [
      3.4137120246887207,
      5.912722587585449,
      0.0
    ],
    [
      0.0,
      0.0,
      23.449378967285156
    ]
  ],
  "properties": {
    "deltaG_H": 0.006927076518535614,
    "thermo_stability": -0.9773463924725851,
    "synth_score": 0.12404255867581862
  }
}