{
  "id": "JVASP-13586",
  "atomic_numbers": [
    42,
    42,
    7,
    7
  ],
  "frac_coords": [
    [
      0.15381500124931335,
      0.8446509838104248,
      0.12589521706104279
    ],
    [
      0.15381500124931335,
      0.8446509838104248,
      0.04553178697824478
    ],
    [
      0.8204820156097412,
      0.17798399925231934,
      0.08571399748325348
    ],
    [
      0.4871479868888855,
      0.511318027973175,
      0.08571399748325348
    ]
  ],
  "lattice": [
    [
      3.3774588108062744,
      -3.1065361394411184e-09,
      0.0
    ],
    [
      -1.688728928565979,
      2.9249651432037354,
      0.0
    ],
    [
      0.0,
      0.0,
      28.965471267700195
    ]
  ],
  "properties": {
    "deltaG_H": -0.001607653886079787,
    "thermo_stability": 0.1967200964689254,
    "synth_score": 0.5971105806739743
  }
}