{
  "id": "JVASP-6055",
  "atomic_numbers": [
    26,
    17,
    17
  ],
  "frac_coords": [
    [
      0.4782460033893585,
      0.27830299735069275,
      0.37043100595474243
    ],
    [
      0.14491300284862518,
      0.6116359829902649,
      0.4225437343120575
    ],
    [
      0.8115789890289307,
      0.9449700117111206,
      0.3183172643184662
    ]
  ],
  "lattice": [
    [
      3.497588634490967,
      -1.0000000168623835e-16,
      0.0
    ],
    [
      -1.7487943172454834,
      3.029000759124756,
      0.0
    ],
    [
      0.0,
      0.0,
      27.012592315673828
    ]
  ],
  "properties": {
    "deltaG_H": 0.018813509146372476,
    "thermo_stability": -0.17784813245137543,
    "synth_score": 0.41200177662097665
  }
}