{
  "id": "JVASP-75061",
  "atomic_numbers": [
    48,
    16
  ],
  "frac_coords": [
    [
      -5.112661710882094e-06,
      -1.3347361118576373e-06,
      0.46744444966316223
    ],
    [
      0.6666721105575562,
      0.3333343267440796,
      0.5325555801391602
    ]
  ],
  "lattice": [
    [
      3.9909274578094482,
      9.202870387525763e-06,
      0.0
    ],
    [
      -1.9954557418823242,
      3.4562721252441406,
      0.0
    ],
    [
      0.0,
      0.0,
      20.166929244995117
    ]
  ],
  "properties": {
    "deltaG_H": 0.011738324761390685,
    "thermo_stability": 0.5203504939874013,
    "synth_score": 0.7389852395390613
  }
}