{
  "id": "JVASP-6889",
  "atomic_numbers": [
    24,
    34,
    34
  ],
  "frac_coords": [
    [
      0.0,
      0.0,
      0.12139999866485596
    ],
    [
      0.6666669845581055,
      0.33333298563957214,
      0.06229238584637642
    ],
    [
      0.33333298563957214,
      0.6666669845581055,
      0.1805076152086258
    ]
  ],
  "lattice": [
    [
      3.4481334686279297,
      -4.962147670539707e-08,
      0.0
    ],
    [
      -1.7240663766860962,
      2.9861714839935303,
      0.0
    ],
    [
      0.0,
      0.0,
      25.272109985351562
    ]
  ],
  "properties": {
    "deltaG_H": 0.009080112973848978,
    "thermo_stability": -0.4109953016042711,
    "synth_score": 0.305341273535714
  }
}