{
  "id": "JVASP-60357",
  "atomic_numbers": [
    23,
    23,
    35,
    35,
    8,
    8
  ],
  "frac_coords": [
    [
      0.5,
      0.5,
      0.07472000271081924
    ],
    [
      0.0,
      0.0,
      0.1438409984111786
    ],
    [
      0.0,
      0.5,
      0.0027062376029789448
    ],
    [
      0.5,
      0.0,
      0.21585476398468018
    ],
    [
      0.5,
      0.0,
      0.09528953582048416
    ],
    [
      0.0,
      0.5,
      0.12327146530151367
    ]
  ],
  "lattice": [
    [
      3.425278425216675,
      0.0,
      0.0
    ],
    [
      0.0,
      3.78422474861145,
      0.0
    ],
    [
      0.0,
      0.0,
      25.593809127807617
    ]
  ],
  "properties": {
    "deltaG_H": 0.0016834218303362531,
    "thermo_stability": -1.877475323279699,
    "synth_score": 0.022866492884120435
  }
}