{
  "id": "JVASP-5917",
  "atomic_numbers": [
    82,
    82,
    82,
    82,
    16,
    16,
    16,
    16
  ],
  "frac_coords": [
    [
      0.0,
      0.16229696571826935,
      0.2061973661184311
    ],
    [
      0.5,
      0.6622969508171082,
      0.2061973661184311
    ],
    [
      0.0,
      0.6622969508171082,
      0.2938026189804077
    ],
    [
      0.5,
      0.16229696571826935,
      0.2938026189804077
    ],
    [
      0.0,
      0.661745011806488,
      0.21176734566688538
    ],
    [
      0.5,
      0.16174502670764923,
      0.21176734566688538
    ],
    [
      0.0,
      0.16174502670764923,
      0.2882326543331146
    ],
    [
      0.5,
      0.661745011806488,
      0.2882326543331146
    ]
  ],
  "lattice": [
    [
      5.975584983825684,
      0.0,
      0.0
    ],
    [
      0.0,
      5.97493839263916,
      0.0
    ],
    [
      0.0,
      0.0,
      32.82622528076172
    ]
  ],
  "properties": {
    "deltaG_H": 0.0196061035990715,
    "thermo_stability": 0.2149121542771657,
    "synth_score": 0.6058317141565236
  }
}