{
  "id": "JVASP-6325",
  "atomic_numbers": [
    21,
    21,
    15,
    15,
    16,
    16,
    16,
    16,
    16,
    16,
    16,
    16
  ],
  "frac_coords": [
    [
      0.714565098285675,
      0.29939183592796326,
      0.1430642455816269
    ],
    [
      0.30518490076065063,
      0.8969161510467529,
      0.11229075491428375
    ],
    [
      0.2018873691558838,
      0.3458046317100525,
      0.1747516244649887
    ],
    [
      0.8178616166114807,
      0.8505043983459473,
      0.08060237020254135
    ],
    [
      0.9135510325431824,
      0.8871414661407471,
      0.15152715146541595
    ],
    [
      0.3949153423309326,
      0.578559398651123,
      0.18044760823249817
    ],
    [
      0.4318211078643799,
      0.08772177249193192,
      0.1905701458454132
    ],
    [
      0.9337507486343384,
      0.37891894578933716,
      0.21719327569007874
    ],
    [
      0.08599928021430969,
      0.8173900246620178,
      0.03816072270274162
    ],
    [
      0.587929904460907,
      0.10858722776174545,
      0.06478385627269745
    ],
    [
      0.6248346567153931,
      0.6177485585212708,
      0.07490639388561249
    ],
    [
      0.10619896650314331,
      0.3091665506362915,
      0.1038268506526947
    ]
  ],
  "lattice": [
    [
      6.213214874267578,
      -0.03748831897974014,
      0.0
    ],
    [
      0.9904447793960571,
      6.386795997619629,
      0.0
    ],
    [
      0.14397414028644562,
      0.3360705077648163,
      27.515487670898438
    ]
  ],
  "properties": {
    "deltaG_H": 0.0004184570113817831,
    "thermo_stability": -1.5105678061644237,
    "synth_score": 0.04648011856848185
  }
}