{
  "id": "JVASP-60510",
  "atomic_numbers": [
    38,
    38,
    13,
    13,
    13,
    13,
    17,
    17,
    17,
    17,
    17,
    17,
    17,
    17,
    17,
    17,
    17,
    17,
    17,
    17,
    17,
    17
  ],
  "frac_coords": [
    [
      0.8519980907440186,
      0.25,
      0.09950000047683716
    ],
    [
      0.14800193905830383,
      0.75,
      0.09950000047683716
    ],
    [
      0.7314202785491943,
      0.5729659199714661,
      0.043277058750391006
    ],
    [
      0.26857972145080566,
      0.07296591997146606,
      0.043277058750391006
    ],
    [
      0.26857972145080566,
      0.42703408002853394,
      0.15572194755077362
    ],
    [
      0.7314202785491943,
      0.9270340800285339,
      0.15572194755077362
    ],
    [
      0.8111125230789185,
      0.8948314189910889,
      0.07219911366701126
    ],
    [
      0.293476939201355,
      0.5977720022201538,
      0.17772988975048065
    ],
    [
      0.293476939201355,
      0.9022279977798462,
      0.021270116791129112
    ],
    [
      0.9580572247505188,
      0.6439074277877808,
      -0.0011217923602089286
    ],
    [
      0.8111125230789185,
      0.6051685810089111,
      0.12679988145828247
    ],
    [
      0.45607802271842957,
      0.6433326005935669,
      0.027969950810074806
    ],
    [
      0.04194280132651329,
      0.35609257221221924,
      0.20012079179286957
    ],
    [
      0.5439220070838928,
      0.1433326154947281,
      0.027969950810074806
    ],
    [
      0.18888747692108154,
      0.3948313891887665,
      0.07219911366701126
    ],
    [
      0.45607802271842957,
      0.8566673994064331,
      0.17102904617786407
    ],
    [
      0.706523060798645,
      0.097772017121315,
      0.17772988975048065
    ],
    [
      0.5439220070838928,
      0.3566673994064331,
      0.17102904617786407
    ],
    [
      0.18888747692108154,
      0.10516860336065292,
      0.12679988145828247
    ],
    [
      0.706523060798645,
      0.4022279977798462,
      0.021270116791129112
    ],
    [
      0.04194280132651329,
      0.14390742778778076,
      -0.0011217923602089286
    ],
    [
      0.9580572247505188,
      0.8560925722122192,
      0.20012079179286957
    ]
  ],
  "lattice": [
    [
      -6.96986722946167,
      0.0,
      0.0
    ],
    [
      0.0,
      -12.413057327270508,
      -1.027040958404541
    ],
    [
      0.0,
      0.0,
      24.96876335144043
    ]
  ],
  "properties": {
    "deltaG_H": 0.016386837444522163,
    "thermo_stability": -1.880014977852504,
    "synth_score": 0.022753277371233428
  }
}