{
  "id": "JVASP-27858",
  "atomic_numbers": [
    66,
    66,
    52,
    52,
    52,
    52,
    52,
    52
  ],
  "frac_coords": [
    [
      0.5,
      0.25,
      0.4530443847179413
    ],
    [
      0.5,
      0.75,
      0.5469556450843811
    ],
    [
      0.5,
      0.25,
      0.34966886043548584
    ],
    [
      0.0,
      0.25,
      0.5482958555221558
    ],
    [
      0.0,
      0.75,
      0.4517041742801666
    ],
    [
      0.5,
      0.75,
      0.6503311395645142
    ],
    [
      0.0,
      0.75,
      0.3288368880748749
    ],
    [
      0.0,
      0.25,
      0.6711630821228027
    ]
  ],
  "lattice": [
    [
      4.04853630065918,
      0.0,
      0.0
    ],
    [
      0.0,
      4.587932586669922,
      0.0
    ],
    [
      0.0,
      0.0,
      30.585594177246094
    ]
  ],
  "properties": {
    "deltaG_H": 0.016847018599510193,
    "thermo_stability": -2.0,
    "synth_score": 0.01798620996209156
  }
}