{
  "id": "JVASP-6967",
  "atomic_numbers": [
    42,
    42,
    16,
    16,
    16,
    16,
    17,
    17,
    17,
    17,
    17,
    17
  ],
  "frac_coords": [
    [
      0.700068473815918,
      0.8981695175170898,
      0.2647359371185303
    ],
    [
      0.2999294400215149,
      0.10182861238718033,
      0.2567119300365448
    ],
    [
      0.3314315974712372,
      0.9271907210350037,
      0.18243490159511566
    ],
    [
      0.30392593145370483,
      0.759674608707428,
      0.23885798454284668
    ],
    [
      0.6960704922676086,
      0.24032337963581085,
      0.2825891375541687
    ],
    [
      0.6685672998428345,
      0.07281029224395752,
      0.3390135169029236
    ],
    [
      0.852935254573822,
      0.06641797721385956,
      0.2008395493030548
    ],
    [
      0.7643594145774841,
      0.6355224847793579,
      0.21883557736873627
    ],
    [
      0.22936803102493286,
      0.332890123128891,
      0.18463023006916046
    ],
    [
      0.7706413865089417,
      0.6671070456504822,
      0.33681657910346985
    ],
    [
      0.23563902080059052,
      0.36448025703430176,
      0.30261045694351196
    ],
    [
      0.1470637172460556,
      0.933584988117218,
      0.3206082284450531
    ]
  ],
  "lattice": [
    [
      5.627130508422852,
      -0.11981593817472458,
      -2.627784013748169
    ],
    [
      -0.15806235373020172,
      7.101157188415527,
      0.0
    ],
    [
      0.0,
      0.0,
      27.16526222229004
    ]
  ],
  "properties": {
    "deltaG_H": 0.00770071436961492,
    "thermo_stability": -1.1574185560146968,
    "synth_score": 0.08990158974245929
  }
}