{
  "id": "JVASP-60549",
  "atomic_numbers": [
    83,
    83,
    83,
    83,
    35,
    35,
    35,
    35,
    35,
    35,
    35,
    35,
    35,
    35,
    35,
    35
  ],
  "frac_coords": [
    [
      0.9233260154724121,
      0.666642963886261,
      0.9233570098876953
    ],
    [
      0.4233260154724121,
      0.833357036113739,
      0.9233570098876953
    ],
    [
      0.9236239790916443,
      0.333357036113739,
      0.9235929846763611
    ],
    [
      0.4236240088939667,
      0.166642963886261,
      0.9235929846763611
    ],
    [
      0.7194051742553711,
      0.8290900588035583,
      0.8511266112327576
    ],
    [
      0.7321054935455322,
      0.4998013377189636,
      0.8512476682662964
    ],
    [
      0.6271945834159851,
      0.6708245873451233,
      0.9955485463142395
    ],
    [
      0.2194051891565323,
      0.6709099411964417,
      0.8511266112327576
    ],
    [
      0.12719455361366272,
      0.8291754126548767,
      0.9955485463142395
    ],
    [
      0.11484450101852417,
      0.5001986622810364,
      0.99570232629776
    ],
    [
      0.6148445010185242,
      0.9998013377189636,
      0.99570232629776
    ],
    [
      0.23210549354553223,
      0.00019866993534378707,
      0.8512476682662964
    ],
    [
      0.7197554707527161,
      0.1708245873451233,
      0.8514014482498169
    ],
    [
      0.6275448203086853,
      0.32909104228019714,
      -0.004176622722297907
    ],
    [
      0.21975544095039368,
      0.3291754126548767,
      0.8514014482498169
    ],
    [
      0.1275448203086853,
      0.17090997099876404,
      -0.004176622722297907
    ]
  ],
  "lattice": [
    [
      0.0,
      7.101884841918945,
      -1.0056790113449097
    ],
    [
      -12.427233695983887,
      0.0,
      0.0
    ],
    [
      0.0,
      0.0,
      23.44584846496582
    ]
  ],
  "properties": {
    "deltaG_H": 0.014674455404281616,
    "thermo_stability": -2.0,
    "synth_score": 0.01798620996209156
  }
}