{
  "id": "JVASP-6019",
  "atomic_numbers": [
    40,
    40,
    34,
    34,
    34,
    34,
    34,
    34
  ],
  "frac_coords": [
    [
      0.715059757232666,
      0.75,
      0.11492006480693817
    ],
    [
      0.2849402129650116,
      0.25,
      0.2110559344291687
    ],
    [
      0.894314169883728,
      0.25,
      0.061970822513103485
    ],
    [
      0.4585139751434326,
      0.25,
      0.062068402767181396
    ],
    [
      0.2378474473953247,
      0.75,
      0.1463150978088379
    ],
    [
      0.7621525526046753,
      0.25,
      0.179659903049469
    ],
    [
      0.5414860248565674,
      0.75,
      0.2639065980911255
    ],
    [
      0.10568580776453018,
      0.75,
      0.2640041708946228
    ]
  ],
  "lattice": [
    [
      5.425097942352295,
      0.0,
      -0.6972129940986633
    ],
    [
      0.0,
      3.771589756011963,
      0.0
    ],
    [
      0.0,
      0.0,
      31.156126022338867
    ]
  ],
  "properties": {
    "deltaG_H": 0.006141189336776734,
    "thermo_stability": -1.7199466298023864,
    "synth_score": 0.031071697551543515
  }
}