{
  "id": "JVASP-27957",
  "atomic_numbers": [
    12,
    12,
    1,
    1,
    8,
    8,
    8
  ],
  "frac_coords": [
    [
      0.6666669845581055,
      0.33333298563957214,
      0.4538223147392273
    ],
    [
      0.33333298563957214,
      0.6666669845581055,
      0.5461776852607727
    ],
    [
      0.33333298563957214,
      0.6666669845581055,
      0.3777592182159424
    ],
    [
      0.6666669845581055,
      0.33333298563957214,
      0.6222407817840576
    ],
    [
      0.33333298563957214,
      0.6666669845581055,
      0.4142913222312927
    ],
    [
      0.0,
      0.0,
      0.5
    ],
    [
      0.6666669845581055,
      0.33333298563957214,
      0.5857086777687073
    ]
  ],
  "lattice": [
    [
      3.0782084465026855,
      -3.983837260079781e-09,
      0.0
    ],
    [
      -1.5391037464141846,
      2.665806293487549,
      0.0
    ],
    [
      0.0,
      0.0,
      26.50042724609375
    ]
  ],
  "properties": {
    "deltaG_H": -0.017670161553791593,
    "thermo_stability": -2.0,
    "synth_score": 0.01798620996209156
  }
}