{
  "id": "JVASP-6829",
  "atomic_numbers": [
    24,
    24,
    35,
    35,
    8,
    8
  ],
  "frac_coords": [
    [
      0.3260349929332733,
      0.6268060207366943,
      0.18291251361370087
    ],
    [
      0.8260350227355957,
      0.12680600583553314,
      0.12469547986984253
    ],
    [
      0.8260350227355957,
      0.6268060207366943,
      0.24680082499980927
    ],
    [
      0.3260349929332733,
      0.12680600583553314,
      0.06080717220902443
    ],
    [
      0.3260349929332733,
      0.12680600583553314,
      0.16745246946811676
    ],
    [
      0.8260350227355957,
      0.6268060207366943,
      0.14015553891658783
    ]
  ],
  "lattice": [
    [
      3.2972288131713867,
      0.0,
      0.0
    ],
    [
      0.0,
      3.8607213497161865,
      0.0
    ],
    [
      0.0,
      0.0,
      28.88536262512207
    ]
  ],
  "properties": {
    "deltaG_H": 0.002573632697264354,
    "thermo_stability": -1.4248942752679192,
    "synth_score": 0.05469224833670533
  }
}