{
  "id": "JVASP-19513",
  "atomic_numbers": [
    15,
    15,
    15,
    15,
    15,
    15,
    15,
    15,
    16,
    16,
    16,
    16,
    16,
    16
  ],
  "frac_coords": [
    [
      0.2635304033756256,
      0.5742440223693848,
      0.06187774986028671
    ],
    [
      0.2364695817232132,
      0.07424402981996536,
      0.06187774986028671
    ],
    [
      0.10627185553312302,
      0.4193389117717743,
      0.10565599799156189
    ],
    [
      0.3937281370162964,
      0.9193389415740967,
      0.10565599799156189
    ],
    [
      0.8074902296066284,
      0.6679832935333252,
      0.10565599799156189
    ],
    [
      0.6925097703933716,
      0.1679832935333252,
      0.10565599799156189
    ],
    [
      0.2635304033756256,
      0.5742440223693848,
      0.14943425357341766
    ],
    [
      0.2364695817232132,
      0.07424402981996536,
      0.14943425357341766
    ],
    [
      0.4835372567176819,
      0.1926111876964569,
      0.04304388538002968
    ],
    [
      0.016462739557027817,
      0.6926111578941345,
      0.04304388538002968
    ],
    [
      0.7918843626976013,
      0.4733833372592926,
      0.10565599799156189
    ],
    [
      0.7081156373023987,
      0.973383367061615,
      0.10565599799156189
    ],
    [
      0.4835372567176819,
      0.1926111876964569,
      0.1682671159505844
    ],
    [
      0.016462739557027817,
      0.6926111578941345,
      0.1682671159505844
    ]
  ],
  "lattice": [
    [
      6.4590325355529785,
      0.0,
      0.0
    ],
    [
      0.0,
      10.914802551269531,
      0.0
    ],
    [
      0.0,
      0.0,
      25.979536056518555
    ]
  ],
  "properties": {
    "deltaG_H": 0.005852914818695614,
    "thermo_stability": -0.5584947685400645,
    "synth_score": 0.24657012038878942
  }
}