{
  "id": "JVASP-13514",
  "atomic_numbers": [
    40,
    40,
    52,
    52,
    52,
    52,
    52,
    52,
    52,
    52,
    52,
    52
  ],
  "frac_coords": [
    [
      0.5,
      0.25,
      0.10790134221315384
    ],
    [
      0.0,
      0.75,
      0.1767386496067047
    ],
    [
      0.0,
      0.14970555901527405,
      0.04735346511006355
    ],
    [
      0.0,
      0.35029444098472595,
      0.04735346511006355
    ],
    [
      0.5,
      0.75,
      0.09633131325244904
    ],
    [
      0.0,
      0.5652451515197754,
      0.1207365095615387
    ],
    [
      0.0,
      0.9347548484802246,
      0.1207365095615387
    ],
    [
      0.5,
      0.06524516642093658,
      0.16390348970890045
    ],
    [
      0.5,
      0.4347548186779022,
      0.16390348970890045
    ],
    [
      0.0,
      0.25,
      0.1883086860179901
    ],
    [
      0.5,
      0.8502944111824036,
      0.2372865378856659
    ],
    [
      0.5,
      0.6497055888175964,
      0.2372865378856659
    ]
  ],
  "lattice": [
    [
      4.034215450286865,
      -0.0,
      0.0
    ],
    [
      -0.0,
      13.890388488769531,
      0.0
    ],
    [
      0.0,
      0.0,
      27.8603515625
    ]
  ],
  "properties": {
    "deltaG_H": 0.015259802838166553,
    "thermo_stability": -1.5642068207263948,
    "synth_score": 0.04195031727501335
  }
}