{
  "id": "JVASP-27870",
  "atomic_numbers": [
    72,
    72,
    34,
    34,
    34,
    34,
    34,
    34
  ],
  "frac_coords": [
    [
      0.7204717993736267,
      0.75,
      0.4435204863548279
    ],
    [
      0.2795282304286957,
      0.25,
      0.5564795136451721
    ],
    [
      0.9088341593742371,
      0.25,
      0.38195452094078064
    ],
    [
      0.4677298367023468,
      0.25,
      0.3819628655910492
    ],
    [
      0.2400050163269043,
      0.75,
      0.48087555170059204
    ],
    [
      0.7599949836730957,
      0.25,
      0.519124448299408
    ],
    [
      0.09116582572460175,
      0.75,
      0.6180455088615417
    ],
    [
      0.5322701930999756,
      0.75,
      0.6180371046066284
    ]
  ],
  "lattice": [
    [
      5.403858661651611,
      0.0,
      -0.5865489840507507
    ],
    [
      0.0,
      3.7323508262634277,
      0.0
    ],
    [
      0.0,
      0.0,
      26.34552001953125
    ]
  ],
  "properties": {
    "deltaG_H": 0.005731971859931947,
    "thermo_stability": -2.0,
    "synth_score": 0.01798620996209156
  }
}