{
  "id": "JVASP-14457",
  "atomic_numbers": [
    23,
    8,
    8
  ],
  "frac_coords": [
    [
      0.0,
      0.0,
      0.19674700498580933
    ],
    [
      0.3333326578140259,
      0.6666673421859741,
      0.1592659056186676
    ],
    [
      0.6666673421859741,
      0.3333326578140259,
      0.23422709107398987
    ]
  ],
  "lattice": [
    [
      2.8991811275482178,
      -3.368773832335137e-06,
      0.0
    ],
    [
      -1.449593424797058,
      2.510763168334961,
      0.0
    ],
    [
      0.0,
      0.0,
      26.380599975585938
    ]
  ],
  "properties": {
    "deltaG_H": -0.000951386292775471,
    "thermo_stability": 0.3099046727021535,
    "synth_score": 0.6501751859208313
  }
}