{
  "id": "JVASP-28295",
  "atomic_numbers": [
    28,
    16,
    16
  ],
  "frac_coords": [
    [
      0.6666669845581055,
      0.33333298563957214,
      0.5
    ],
    [
      0.0,
      0.0,
      0.5531590580940247
    ],
    [
      0.33333298563957214,
      0.6666669845581055,
      0.44684097170829773
    ]
  ],
  "lattice": [
    [
      3.336606025695801,
      -1.1134285715641568e-09,
      0.0
    ],
    [
      -1.6683025360107422,
      2.8895857334136963,
      0.0
    ],
    [
      0.0,
      0.0,
      22.362361907958984
    ]
  ],
  "properties": {
    "deltaG_H": 0.0048133752743403126,
    "thermo_stability": -0.21270952324072523,
    "synth_score": 0.3952207498510365
  }
}