{
  "id": "JVASP-76584",
  "atomic_numbers": [
    3,
    3,
    92,
    35,
    35,
    35,
    35,
    35,
    35
  ],
  "frac_coords": [
    [
      0.0,
      0.0,
      0.06732600182294846
    ],
    [
      0.33333298563957214,
      0.6666669845581055,
      0.06732600182294846
    ],
    [
      0.6666669845581055,
      0.33333298563957214,
      0.06732600182294846
    ],
    [
      0.32923784852027893,
      0.9958846569061279,
      0.13461901247501373
    ],
    [
      0.004115336108952761,
      0.333353191614151,
      0.13461901247501373
    ],
    [
      0.32923784852027893,
      0.333353191614151,
      3.3988810173468664e-05
    ],
    [
      0.6666468381881714,
      0.6707621216773987,
      0.13461901247501373
    ],
    [
      0.004115336108952761,
      0.6707621216773987,
      3.3988810173468664e-05
    ],
    [
      0.6666468381881714,
      0.9958846569061279,
      3.3988810173468664e-05
    ]
  ],
  "lattice": [
    [
      3.4243323802948,
      -5.931118011474609,
      0.0
    ],
    [
      3.4243323802948,
      5.931118011474609,
      0.0
    ],
    [
      0.0,
      0.0,
      23.112117767333984
    ]
  ],
  "properties": {
    "deltaG_H": 0.027322981357574463,
    "thermo_stability": -0.80123011469841,
    "synth_score": 0.1676380446921844
  }
}