{
  "id": "JVASP-7060",
  "atomic_numbers": [
    22,
    16,
    16
  ],
  "frac_coords": [
    [
      0.6666669845581055,
      0.33333298563957214,
      0.2926129996776581
    ],
    [
      0.33333298563957214,
      0.6666669845581055,
      0.23474785685539246
    ],
    [
      0.0,
      0.0,
      0.3504781424999237
    ]
  ],
  "lattice": [
    [
      3.4091174602508545,
      3.0169613474129164e-09,
      0.0
    ],
    [
      -1.7045592069625854,
      2.9523820877075195,
      0.0
    ],
    [
      0.0,
      0.0,
      24.55767250061035
    ]
  ],
  "properties": {
    "deltaG_H": 0.007904531160990397,
    "thermo_stability": -0.369579510887464,
    "synth_score": 0.3231880699110461
  }
}