{
  "id": "JVASP-6775",
  "atomic_numbers": [
    15,
    15,
    15,
    15,
    15,
    15,
    34,
    34,
    34,
    34,
    34,
    34,
    34,
    34,
    53,
    53,
    53,
    53
  ],
  "frac_coords": [
    [
      0.7370390892028809,
      0.3548926115036011,
      0.2788954973220825
    ],
    [
      0.7853370308876038,
      0.4683064818382263,
      0.17441144585609436
    ],
    [
      0.38282495737075806,
      0.30395475029945374,
      0.26818686723709106
    ],
    [
      0.6171750426292419,
      0.6960452198982239,
      0.25020313262939453
    ],
    [
      0.21466298401355743,
      0.5316935181617737,
      0.34397855401039124
    ],
    [
      0.26296094059944153,
      0.6451073884963989,
      0.23949450254440308
    ],
    [
      0.40051934123039246,
      0.6895158886909485,
      0.38657286763191223
    ],
    [
      0.4721156060695648,
      0.6978279948234558,
      0.31852951645851135
    ],
    [
      0.06942971050739288,
      0.7191480398178101,
      0.2542789578437805
    ],
    [
      0.6340557932853699,
      0.7732794284820557,
      0.17706403136253357
    ],
    [
      0.9305703043937683,
      0.28085196018218994,
      0.2641100287437439
    ],
    [
      0.5278843641281128,
      0.3021719753742218,
      0.19986048340797424
    ],
    [
      0.5994806885719299,
      0.3104841113090515,
      0.13181714713573456
    ],
    [
      0.3659442067146301,
      0.22672055661678314,
      0.34132495522499084
    ],
    [
      0.8310601711273193,
      0.7995086908340454,
      0.3299105167388916
    ],
    [
      0.1921704113483429,
      -0.022303957492113113,
      0.4096902906894684
    ],
    [
      0.16893981397151947,
      0.20049132406711578,
      0.1884784996509552
    ],
    [
      0.8078295588493347,
      0.022303957492113113,
      0.10869970172643661
    ]
  ],
  "lattice": [
    [
      8.917533874511719,
      1.6950006484985352,
      -5.875105857849121
    ],
    [
      1.1716389656066895,
      6.8122878074646,
      0.0
    ],
    [
      0.0,
      0.0,
      29.069137573242188
    ]
  ],
  "properties": {
    "deltaG_H": 0.007534493446350097,
    "thermo_stability": -2.0,
    "synth_score": 0.01798620996209156
  }
}