{
  "id": "JVASP-9053",
  "atomic_numbers": [
    11,
    11,
    41,
    34,
    34
  ],
  "frac_coords": [
    [
      -1.0714915333664976e-05,
      1.0714915333664976e-05,
      0.5353460907936096
    ],
    [
      -1.0714915333664976e-05,
      1.0714915333664976e-05,
      0.803727924823761
    ],
    [
      -1.7153781300294213e-05,
      1.7153781300294213e-05,
      0.6695370078086853
    ],
    [
      0.3333193063735962,
      0.6666806936264038,
      0.6104115843772888
    ],
    [
      0.3333193063735962,
      0.6666806936264038,
      0.7286624312400818
    ]
  ],
  "lattice": [
    [
      3.582418203353882,
      4.466966129257344e-05,
      0.0
    ],
    [
      -1.791170358657837,
      3.102487802505493,
      0.0
    ],
    [
      0.0,
      0.0,
      28.066499710083008
    ]
  ],
  "properties": {
    "deltaG_H": 0.012666988372802734,
    "thermo_stability": -2.0,
    "synth_score": 0.01798620996209156
  }
}