{
  "id": "JVASP-60582",
  "atomic_numbers": [
    27,
    52,
    8,
    8,
    8,
    8
  ],
  "frac_coords": [
    [
      0.5,
      0.5499910116195679,
      0.049991000443696976
    ],
    [
      0.0,
      0.049991000443696976,
      0.049991000443696976
    ],
    [
      0.0,
      0.7449114322662354,
      0.09118117392063141
    ],
    [
      0.0,
      0.3550705909729004,
      0.008800823241472244
    ],
    [
      0.5,
      0.2109021544456482,
      0.09936152398586273
    ],
    [
      0.5,
      0.8890798687934875,
      0.0006204752717167139
    ]
  ],
  "lattice": [
    [
      3.09232759475708,
      0.0,
      0.0
    ],
    [
      0.0,
      5.405308246612549,
      -0.3833580017089844
    ],
    [
      0.0,
      0.0,
      21.92374610900879
    ]
  ],
  "properties": {
    "deltaG_H": 0.00013870572050412493,
    "thermo_stability": -0.08675388197104139,
    "synth_score": 0.4567315541011363
  }
}