{
  "id": "JVASP-27971",
  "atomic_numbers": [
    27,
    17,
    17,
    8,
    8,
    8,
    8,
    8,
    8,
    8,
    8
  ],
  "frac_coords": [
    [
      0.6666669845581055,
      0.33333298563957214,
      0.5
    ],
    [
      0.33333298563957214,
      0.6666669845581055,
      0.5668753981590271
    ],
    [
      0.0,
      0.0,
      0.4331245720386505
    ],
    [
      0.6166282892227173,
      0.9625304937362671,
      0.5469690561294556
    ],
    [
      0.345901221036911,
      0.3833717107772827,
      0.5469690561294556
    ],
    [
      0.037469495087862015,
      0.6540988087654114,
      0.5469690561294556
    ],
    [
      0.2958635091781616,
      0.012568214908242226,
      0.4530319273471832
    ],
    [
      0.7167047262191772,
      0.7041364908218384,
      0.4530319273471832
    ],
    [
      0.9874317646026611,
      0.28329530358314514,
      0.4530319273471832
    ],
    [
      0.33333298563957214,
      0.6666669845581055,
      0.6204720735549927
    ],
    [
      0.0,
      0.0,
      0.3795279264450073
    ]
  ],
  "lattice": [
    [
      4.7718424797058105,
      -3.569678241888141e-08,
      0.0
    ],
    [
      -2.3859212398529053,
      4.132536888122559,
      0.0
    ],
    [
      0.0,
      0.0,
      26.35620880126953
    ]
  ],
  "properties": {
    "deltaG_H": -0.009748614484613592,
    "thermo_stability": -2.0,
    "synth_score": 0.01798620996209156
  }
}