{
  "id": "JVASP-75382",
  "atomic_numbers": [
    1,
    79,
    8,
    8
  ],
  "frac_coords": [
    [
      0.0,
      0.5,
      0.5
    ],
    [
      0.5,
      0.0,
      0.5
    ],
    [
      0.0,
      0.738922655582428,
      0.5261647701263428
    ],
    [
      0.0,
      0.26107731461524963,
      0.4738352596759796
    ]
  ],
  "lattice": [
    [
      3.084961414337158,
      0.0,
      0.0
    ],
    [
      0.0,
      4.507899284362793,
      0.0
    ],
    [
      0.0,
      0.0,
      21.124210357666016
    ]
  ],
  "properties": {
    "deltaG_H": -0.013085009455680849,
    "thermo_stability": 0.3234577134251593,
    "synth_score": 0.6563150249074244
  }
}