{
  "id": "JVASP-60293",
  "atomic_numbers": [
    46,
    46,
    46,
    46,
    53,
    53,
    53,
    53,
    53,
    53,
    53,
    53
  ],
  "frac_coords": [
    [
      0.8220847845077515,
      0.6305705308914185,
      0.8203887939453125
    ],
    [
      0.9426435232162476,
      0.3694305419921875,
      0.9443422555923462
    ],
    [
      0.3220943212509155,
      0.8694402575492859,
      0.8203872442245483
    ],
    [
      0.44263413548469543,
      0.13055874407291412,
      0.9443438649177551
    ],
    [
      0.11182612925767899,
      0.59170001745224,
      0.8881162405014038
    ],
    [
      0.6529024243354797,
      0.40830063819885254,
      0.8766146302223206
    ],
    [
      0.007227704860270023,
      0.8371421098709106,
      0.7607906460762024
    ],
    [
      0.5072123408317566,
      0.6628673672676086,
      0.7607983946800232
    ],
    [
      0.2575218379497528,
      0.3371356725692749,
      0.003931540064513683
    ],
    [
      0.757506251335144,
      0.16285492479801178,
      0.003939376212656498
    ],
    [
      0.15290676057338715,
      0.09168724715709686,
      0.8766090869903564
    ],
    [
      0.6118218302726746,
      0.9083119630813599,
      0.8881219029426575
    ]
  ],
  "lattice": [
    [
      0.0002767792611848563,
      6.969141960144043,
      -0.18089400231838226
    ],
    [
      -8.394264221191406,
      -0.00033305410761386156,
      0.0
    ],
    [
      0.0,
      0.0,
      25.349023818969727
    ]
  ],
  "properties": {
    "deltaG_H": 0.005600061813990274,
    "thermo_stability": -2.0,
    "synth_score": 0.01798620996209156
  }
}