{
  "id": "JVASP-77587",
  "atomic_numbers": [
    27,
    52,
    52
  ],
  "frac_coords": [
    [
      0.0,
      0.0,
      0.5
    ],
    [
      0.6666568517684937,
      0.6666568517684937,
      0.5649030208587646
    ],
    [
      0.33334317803382874,
      0.33334317803382874,
      0.43509694933891296
    ]
  ],
  "lattice": [
    [
      3.6307592391967773,
      0.0004538033972494304,
      0.0
    ],
    [
      1.8149268627166748,
      3.144591808319092,
      0.0
    ],
    [
      0.0,
      0.0,
      22.65679168701172
    ]
  ],
  "properties": {
    "deltaG_H": 0.010282665292421977,
    "thermo_stability": -0.6041534413894019,
    "synth_score": 0.23000076563000255
  }
}