{
  "id": "JVASP-76389",
  "atomic_numbers": [
    73,
    73,
    73,
    73,
    34,
    34,
    34,
    34,
    34,
    34,
    34,
    34,
    34,
    34,
    34,
    34
  ],
  "frac_coords": [
    [
      0.75,
      0.06263899803161621,
      0.06241000071167946
    ],
    [
      0.25,
      0.9373610019683838,
      0.19717299938201904
    ],
    [
      0.75,
      0.6595069766044617,
      0.10976199805736542
    ],
    [
      0.25,
      0.34049299359321594,
      0.14982099831104279
    ],
    [
      0.75,
      0.8896859884262085,
      0.12466499954462051
    ],
    [
      0.25,
      0.11031399667263031,
      0.1349180042743683
    ],
    [
      0.25,
      0.9280340075492859,
      0.016628999263048172
    ],
    [
      0.75,
      0.2869980037212372,
      0.07785800099372864
    ],
    [
      0.25,
      0.13787700235843658,
      0.0006590000120922923
    ],
    [
      0.75,
      0.07196599990129471,
      0.24295400083065033
    ],
    [
      0.25,
      0.7130020260810852,
      0.18172499537467957
    ],
    [
      0.75,
      0.8621230125427246,
      0.2589240074157715
    ],
    [
      0.25,
      0.5060700178146362,
      0.08117900043725967
    ],
    [
      0.75,
      0.49393001198768616,
      0.17840400338172913
    ],
    [
      0.25,
      0.7216439843177795,
      0.043368998914957047
    ],
    [
      0.75,
      0.27835598587989807,
      0.21621400117874146
    ]
  ],
  "lattice": [
    [
      -3.523197889328003,
      0.0,
      0.0
    ],
    [
      0.0,
      -12.25685977935791,
      -0.6553450226783752
    ],
    [
      0.0,
      0.0,
      27.011816024780273
    ]
  ],
  "properties": {
    "deltaG_H": 0.009881119728088375,
    "thermo_stability": -2.0,
    "synth_score": 0.01798620996209156
  }
}