{
  "id": "JVASP-60514",
  "atomic_numbers": [
    40,
    40,
    40,
    40,
    1,
    1,
    35,
    35,
    35,
    35
  ],
  "frac_coords": [
    [
      0.75,
      0.5011639595031738,
      0.9265082478523254
    ],
    [
      0.25,
      -0.0008985190070234239,
      0.9277251958847046
    ],
    [
      0.25,
      0.4988360106945038,
      0.8304097652435303
    ],
    [
      0.75,
      0.0008985190070234239,
      0.8291938304901123
    ],
    [
      0.75,
      0.8557188510894775,
      0.9032976627349854
    ],
    [
      0.25,
      0.14428113400936127,
      0.8536213636398315
    ],
    [
      0.75,
      0.1528792679309845,
      0.9975343942642212
    ],
    [
      0.25,
      0.6520611643791199,
      0.9994524717330933
    ],
    [
      0.25,
      0.8471207022666931,
      0.7593846321105957
    ],
    [
      0.75,
      0.3479388356208801,
      0.7574664950370789
    ]
  ],
  "lattice": [
    [
      3.551636219024658,
      0.0,
      0.0
    ],
    [
      0.0,
      5.938147068023682,
      0.2575010061264038
    ],
    [
      0.0,
      0.0,
      26.429580688476562
    ]
  ],
  "properties": {
    "deltaG_H": 0.004846276521682739,
    "thermo_stability": -2.0,
    "synth_score": 0.01798620996209156
  }
}