{
  "id": "JVASP-5890",
  "atomic_numbers": [
    82,
    82,
    82,
    82,
    16,
    16,
    16,
    16
  ],
  "frac_coords": [
    [
      0.25,
      0.9897155165672302,
      0.13128790259361267
    ],
    [
      0.75,
      0.4897155165672302,
      0.13128790259361267
    ],
    [
      0.75,
      0.9897155165672302,
      0.2199670970439911
    ],
    [
      0.25,
      0.4897155165672302,
      0.2199670970439911
    ],
    [
      0.75,
      0.9892844557762146,
      0.13679996132850647
    ],
    [
      0.25,
      0.489284485578537,
      0.13679996132850647
    ],
    [
      0.25,
      0.9892844557762146,
      0.2144550383090973
    ],
    [
      0.75,
      0.489284485578537,
      0.2144550383090973
    ]
  ],
  "lattice": [
    [
      5.976547718048096,
      0.0,
      0.0
    ],
    [
      0.0,
      5.9768242835998535,
      0.0
    ],
    [
      0.0,
      0.0,
      32.37018966674805
    ]
  ],
  "properties": {
    "deltaG_H": 0.01956916093826294,
    "thermo_stability": 0.1970132023096084,
    "synth_score": 0.5972515973139002
  }
}