{
  "id": "JVASP-8861",
  "atomic_numbers": [
    56,
    8,
    8
  ],
  "frac_coords": [
    [
      0.5,
      0.5,
      0.13431000709533691
    ],
    [
      0.0,
      0.0,
      0.10485632717609406
    ],
    [
      0.0,
      0.0,
      0.16376467049121857
    ]
  ],
  "lattice": [
    [
      3.74181866645813,
      0.0,
      0.0
    ],
    [
      0.0,
      3.74181866645813,
      0.0
    ],
    [
      0.0,
      0.0,
      25.978294372558594
    ]
  ],
  "properties": {
    "deltaG_H": -0.003904734452565511,
    "thermo_stability": 0.6791366219520568,
    "synth_score": 0.7954789112780022
  }
}