{
  "id": "JVASP-6142",
  "atomic_numbers": [
    21,
    21,
    17,
    17,
    17,
    17,
    17,
    17
  ],
  "frac_coords": [
    [
      0.33333298563957214,
      0.6666669845581055,
      0.2543483078479767
    ],
    [
      0.0,
      0.0,
      0.25437068939208984
    ],
    [
      0.02402462624013424,
      0.33331358432769775,
      0.1982955038547516
    ],
    [
      0.30928894877433777,
      0.9759753942489624,
      0.1982955038547516
    ],
    [
      0.6666864156723022,
      0.6907110214233398,
      0.1982955038547516
    ],
    [
      0.6666476130485535,
      0.9759559631347656,
      0.31042349338531494
    ],
    [
      0.024044038727879524,
      0.6906916499137878,
      0.31042349338531494
    ],
    [
      0.30930837988853455,
      0.3333524167537689,
      0.31042349338531494
    ]
  ],
  "lattice": [
    [
      6.37300443649292,
      -4.334304648523357e-08,
      0.0
    ],
    [
      -3.186501979827881,
      5.519184112548828,
      0.0
    ],
    [
      0.0,
      0.0,
      25.324752807617188
    ]
  ],
  "properties": {
    "deltaG_H": 0.02141256868839264,
    "thermo_stability": -0.39100648661454507,
    "synth_score": 0.31388620648574117
  }
}