{
  "id": "JVASP-6925",
  "atomic_numbers": [
    81,
    50,
    50
  ],
  "frac_coords": [
    [
      0.0,
      0.0,
      0.19356399774551392
    ],
    [
      0.5,
      0.5,
      0.08210404962301254
    ],
    [
      0.5,
      0.5,
      0.3050239384174347
    ]
  ],
  "lattice": [
    [
      3.12630295753479,
      0.0,
      0.0
    ],
    [
      0.0,
      3.12630295753479,
      0.0
    ],
    [
      0.0,
      0.0,
      26.106618881225586
    ]
  ],
  "properties": {
    "deltaG_H": 0.0386280357837677,
    "thermo_stability": -1.97088691542546,
    "synth_score": 0.019044031462827897
  }
}