{
  "id": "JVASP-76298",
  "atomic_numbers": [
    41,
    16,
    16
  ],
  "frac_coords": [
    [
      0.9198566675186157,
      0.8397133946418762,
      0.06777500361204147
    ],
    [
      0.2531716525554657,
      0.5063433051109314,
      0.1356591284275055
    ],
    [
      0.2531716525554657,
      0.5063433051109314,
      -0.00010812634718604386
    ]
  ],
  "lattice": [
    [
      3.3622286319732666,
      0.0,
      0.0
    ],
    [
      -1.6811143159866333,
      2.911884069442749,
      0.0
    ],
    [
      0.0,
      0.0,
      23.13612174987793
    ]
  ],
  "properties": {
    "deltaG_H": 0.008891712228457135,
    "thermo_stability": -0.5801258653402328,
    "synth_score": 0.23862154738951188
  }
}