{
  "id": "JVASP-5920",
  "atomic_numbers": [
    73,
    34,
    34
  ],
  "frac_coords": [
    [
      0.0,
      0.0,
      0.13665999472141266
    ],
    [
      0.33333298563957214,
      0.6666669845581055,
      0.07332193851470947
    ],
    [
      0.33333298563957214,
      0.6666669845581055,
      0.19999906420707703
    ]
  ],
  "lattice": [
    [
      3.4731545448303223,
      -3.931331093998125e-10,
      0.0
    ],
    [
      -1.7365766763687134,
      3.007840156555176,
      0.0
    ],
    [
      0.0,
      0.0,
      26.46913719177246
    ]
  ],
  "properties": {
    "deltaG_H": 0.011407742301623027,
    "thermo_stability": -0.4285696069399516,
    "synth_score": 0.2979373921843809
  }
}