{
  "id": "JVASP-28089",
  "atomic_numbers": [
    71,
    71,
    6,
    17,
    17
  ],
  "frac_coords": [
    [
      0.0,
      0.0,
      0.45040184259414673
    ],
    [
      0.6666669845581055,
      0.33333298563957214,
      0.5495971441268921
    ],
    [
      0.33333298563957214,
      0.6666669845581055,
      0.5
    ],
    [
      0.6666669845581055,
      0.33333298563957214,
      0.38418471813201904
    ],
    [
      0.0,
      0.0,
      0.615815281867981
    ]
  ],
  "lattice": [
    [
      3.5905368328094482,
      -3.4248115454715844e-09,
      0.0
    ],
    [
      -1.795267939567566,
      3.1094956398010254,
      0.0
    ],
    [
      0.0,
      0.0,
      26.048776626586914
    ]
  ],
  "properties": {
    "deltaG_H": 0.012220051765441895,
    "thermo_stability": -2.0,
    "synth_score": 0.01798620996209156
  }
}