{
  "id": "JVASP-14451",
  "atomic_numbers": [
    14,
    14,
    14,
    14,
    14,
    14,
    1,
    1
  ],
  "frac_coords": [
    [
      0.33333298563957214,
      0.6666669845581055,
      0.06650885939598083
    ],
    [
      0.6666669845581055,
      0.33333298563957214,
      0.09124895930290222
    ],
    [
      0.6666669845581055,
      0.33333298563957214,
      0.16762308776378632
    ],
    [
      0.33333298563957214,
      0.6666669845581055,
      0.1934439092874527
    ],
    [
      0.33333298563957214,
      0.6666669845581055,
      0.2698180377483368
    ],
    [
      0.6666669845581055,
      0.33333298563957214,
      0.2945581376552582
    ],
    [
      0.33333298563957214,
      0.6666669845581055,
      0.018270641565322876
    ],
    [
      0.6666669845581055,
      0.33333298563957214,
      0.34279635548591614
    ]
  ],
  "lattice": [
    [
      3.8730721473693848,
      -1.6797547797153811e-09,
      0.0
    ],
    [
      -1.9365365505218506,
      3.3541786670684814,
      0.0
    ],
    [
      0.0,
      0.0,
      31.30219841003418
    ]
  ],
  "properties": {
    "deltaG_H": -0.006291267871856691,
    "thermo_stability": -2.0,
    "synth_score": 0.01798620996209156
  }
}