{
  "id": "JVASP-60389",
  "atomic_numbers": [
    24,
    24,
    32,
    32,
    52,
    52,
    52,
    52,
    52,
    52
  ],
  "frac_coords": [
    [
      0.6666669845581055,
      0.33333298563957214,
      0.07346296310424805
    ],
    [
      0.33333298563957214,
      0.6666669845581055,
      0.07346203923225403
    ],
    [
      0.0,
      0.0,
      0.1250482052564621
    ],
    [
      0.0,
      0.0,
      0.021876797080039978
    ],
    [
      0.3737126588821411,
      0.37370914220809937,
      0.14728447794914246
    ],
    [
      -3.5122579902235884e-06,
      0.6262873411178589,
      0.14728447794914246
    ],
    [
      0.6262908577919006,
      3.5122579902235884e-06,
      0.14728447794914246
    ],
    [
      0.6262873411178589,
      0.6262908577919006,
      0.9996405243873596
    ],
    [
      3.5122579902235884e-06,
      0.3737126588821411,
      0.9996405243873596
    ],
    [
      0.37370914220809937,
      -3.5122579902235884e-06,
      0.9996405243873596
    ]
  ],
  "lattice": [
    [
      3.4493231773376465,
      -5.974403381347656,
      0.0
    ],
    [
      3.4493231773376465,
      5.974403381347656,
      0.0
    ],
    [
      0.0,
      0.0,
      23.444602966308594
    ]
  ],
  "properties": {
    "deltaG_H": -0.007179019212722779,
    "thermo_stability": -2.0,
    "synth_score": 0.01798620996209156
  }
}