{
  "id": "JVASP-27738",
  "atomic_numbers": [
    90,
    53,
    53
  ],
  "frac_coords": [
    [
      0.0,
      0.0,
      0.5
    ],
    [
      0.33331942558288574,
      0.6666805744171143,
      0.43917328119277954
    ],
    [
      0.6666805744171143,
      0.33331942558288574,
      0.5608267188072205
    ]
  ],
  "lattice": [
    [
      3.9203391075134277,
      -8.521327254129574e-05,
      0.0
    ],
    [
      -1.9602433443069458,
      3.395071029663086,
      0.0
    ],
    [
      0.0,
      0.0,
      37.95280075073242
    ]
  ],
  "properties": {
    "deltaG_H": 0.0338930074373881,
    "thermo_stability": -0.4683289597431819,
    "synth_score": 0.2815759213365141
  }
}