{
  "id": "JVASP-75379",
  "atomic_numbers": [
    16,
    16
  ],
  "frac_coords": [
    [
      0.5000073313713074,
      0.25,
      0.5
    ],
    [
      0.4999926686286926,
      0.75,
      0.5
    ]
  ],
  "lattice": [
    [
      2.3842105865478516,
      -0.0,
      0.0
    ],
    [
      -0.0,
      4.768334865570068,
      0.0
    ],
    [
      0.0,
      0.0,
      19.985261917114258
    ]
  ],
  "properties": {
    "deltaG_H": 0.012683348655700682,
    "thermo_stability": 0.9875,
    "synth_score": 0.878147149230382
  }
}