{
  "id": "JVASP-6052",
  "atomic_numbers": [
    20,
    53,
    53
  ],
  "frac_coords": [
    [
      0.39795899391174316,
      0.02337699942290783,
      0.14358100295066833
    ],
    [
      0.7312920093536377,
      0.6900439858436584,
      0.2068307250738144
    ],
    [
      0.06462600082159042,
      0.3567099869251251,
      0.08033128082752228
    ]
  ],
  "lattice": [
    [
      4.469329357147217,
      -9.597881600598157e-09,
      0.0
    ],
    [
      -2.23466420173645,
      3.8705525398254395,
      0.0
    ],
    [
      0.0,
      0.0,
      28.05687141418457
    ]
  ],
  "properties": {
    "deltaG_H": 0.036770392457644144,
    "thermo_stability": -0.5490643699963889,
    "synth_score": 0.25009067633646354
  }
}