{
  "id": "JVASP-28080",
  "atomic_numbers": [
    83,
    83,
    82,
    82,
    34,
    34,
    34,
    34,
    34
  ],
  "frac_coords": [
    [
      0.0,
      0.0,
      0.33583399653434753
    ],
    [
      0.0,
      0.0,
      0.6641660332679749
    ],
    [
      0.6666669845581055,
      0.33333298563957214,
      0.44582289457321167
    ],
    [
      0.33333298563957214,
      0.6666669845581055,
      0.5541771054267883
    ],
    [
      0.6666669845581055,
      0.33333298563957214,
      0.29149457812309265
    ],
    [
      0.33333298563957214,
      0.6666669845581055,
      0.39216798543930054
    ],
    [
      0.0,
      0.0,
      0.5
    ],
    [
      0.6666669845581055,
      0.33333298563957214,
      0.6078320145606995
    ],
    [
      0.33333298563957214,
      0.6666669845581055,
      0.708505392074585
    ]
  ],
  "lattice": [
    [
      4.251836776733398,
      2.000000033724767e-16,
      0.0
    ],
    [
      -2.125918388366699,
      3.6821985244750977,
      0.0
    ],
    [
      0.0,
      0.0,
      34.286781311035156
    ]
  ],
  "properties": {
    "deltaG_H": 0.01596375236246321,
    "thermo_stability": -2.0,
    "synth_score": 0.01798620996209156
  }
}