{
  "id": "JVASP-75389",
  "atomic_numbers": [
    1,
    1,
    79,
    79,
    8,
    8,
    8,
    8
  ],
  "frac_coords": [
    [
      0.392128586769104,
      0.12986259162425995,
      0.56624436378479
    ],
    [
      0.607871413230896,
      0.8701373934745789,
      0.4337556064128876
    ],
    [
      0.5,
      0.5,
      0.5
    ],
    [
      0.0,
      0.0,
      0.5
    ],
    [
      0.7596222162246704,
      0.749034583568573,
      0.4514339566230774
    ],
    [
      0.2854992747306824,
      0.7717780470848083,
      0.5441238284111023
    ],
    [
      0.2403777539730072,
      0.2509653866291046,
      0.5485660433769226
    ],
    [
      0.7145007252693176,
      0.22822196781635284,
      0.4558761715888977
    ]
  ],
  "lattice": [
    [
      4.098931312561035,
      -0.04298599809408188,
      0.08247499912977219
    ],
    [
      0.012964518740773201,
      5.378694534301758,
      0.03907100111246109
    ],
    [
      0.0,
      0.0,
      23.357742309570312
    ]
  ],
  "properties": {
    "deltaG_H": -0.018952043652534483,
    "thermo_stability": -1.2439506943027183,
    "synth_score": 0.07671070198549712
  }
}