{
  "id": "JVASP-77653",
  "atomic_numbers": [
    40,
    40,
    35,
    35,
    35,
    35,
    35,
    35
  ],
  "frac_coords": [
    [
      0.7180554270744324,
      0.35570546984672546,
      -0.0010228670435026288
    ],
    [
      0.2819242477416992,
      0.6376339197158813,
      -0.001029751030728221
    ],
    [
      0.655606210231781,
      0.6502221822738647,
      0.06128653138875961
    ],
    [
      0.3375314772129059,
      0.33886241912841797,
      0.9371322989463806
    ],
    [
      4.264432845957344e-06,
      0.3206426501274109,
      0.07301291078329086
    ],
    [
      0.3443967401981354,
      -0.005416084546595812,
      0.06128506362438202
    ],
    [
      0.6625095009803772,
      0.0013635334325954318,
      0.9371364116668701
    ],
    [
      -2.7931611839449033e-05,
      0.7009859085083008,
      0.9321993589401245
    ]
  ],
  "lattice": [
    [
      6.59743595123291,
      -0.0817432850599289,
      0.0
    ],
    [
      -3.3700687885284424,
      5.836578369140625,
      0.0
    ],
    [
      0.0,
      0.0,
      23.034940719604492
    ]
  ],
  "properties": {
    "deltaG_H": 0.00721646785736084,
    "thermo_stability": -2.0,
    "synth_score": 0.01798620996209156
  }
}