{
  "id": "JVASP-6061",
  "atomic_numbers": [
    4,
    4,
    17,
    17,
    17,
    17
  ],
  "frac_coords": [
    [
      0.25,
      0.5,
      0.19960899651050568
    ],
    [
      0.75,
      0.5,
      0.19960899651050568
    ],
    [
      0.0,
      0.7147611975669861,
      0.24173898994922638
    ],
    [
      0.0,
      0.2852388024330139,
      0.15747900307178497
    ],
    [
      0.5,
      0.2852388024330139,
      0.24173898994922638
    ],
    [
      0.5,
      0.7147611975669861,
      0.15747900307178497
    ]
  ],
  "lattice": [
    [
      5.23220157623291,
      -0.0,
      0.0
    ],
    [
      -1.0000000168623835e-16,
      5.025024890899658,
      0.0
    ],
    [
      0.0,
      0.0,
      26.631975173950195
    ]
  ],
  "properties": {
    "deltaG_H": 0.015648514429728193,
    "thermo_stability": 0.3599812045693397,
    "synth_score": 0.6725987392501068
  }
}