{
  "id": "JVASP-77994",
  "atomic_numbers": [
    39,
    39,
    83,
    83,
    8,
    8,
    8,
    8,
    8,
    8
  ],
  "frac_coords": [
    [
      0.6666669845581055,
      0.6666669845581055,
      0.5178914070129395
    ],
    [
      0.33333298563957214,
      0.33333298563957214,
      0.48210859298706055
    ],
    [
      0.6666669845581055,
      0.6666669845581055,
      0.396389365196228
    ],
    [
      0.33333298563957214,
      0.33333298563957214,
      0.603610634803772
    ],
    [
      0.4237158000469208,
      0.5431210398674011,
      0.5532641410827637
    ],
    [
      0.45687898993492126,
      0.9668368101119995,
      0.4467358887195587
    ],
    [
      0.9668368101119995,
      0.5762842297554016,
      0.4467358887195587
    ],
    [
      0.03316318616271019,
      0.4237158000469208,
      0.5532641410827637
    ],
    [
      0.5431210398674011,
      0.03316318616271019,
      0.5532641410827637
    ],
    [
      0.5762842297554016,
      0.45687898993492126,
      0.4467358887195587
    ]
  ],
  "lattice": [
    [
      6.108870506286621,
      -2.4245875920314575e-06,
      0.0
    ],
    [
      3.0544369220733643,
      5.290435791015625,
      0.0
    ],
    [
      0.0,
      0.0,
      25.768545150756836
    ]
  ],
  "properties": {
    "deltaG_H": 0.0009112342834472643,
    "thermo_stability": -1.7160299713412925,
    "synth_score": 0.03130839757825431
  }
}