{
  "id": "JVASP-78009",
  "atomic_numbers": [
    71,
    51,
    51
  ],
  "frac_coords": [
    [
      0.0,
      0.0,
      0.5
    ],
    [
      0.0,
      0.5,
      0.3990803360939026
    ],
    [
      0.5,
      0.5,
      0.6009196639060974
    ]
  ],
  "lattice": [
    [
      3.3073582649230957,
      -7.3114416743180755e-09,
      0.0
    ],
    [
      -1.653679609298706,
      3.053898572921753,
      0.0
    ],
    [
      0.0,
      0.0,
      25.031709671020508
    ]
  ],
  "properties": {
    "deltaG_H": 0.02027188348770142,
    "thermo_stability": -1.6195443193117782,
    "synth_score": 0.03772095724938801
  }
}