{
  "id": "JVASP-75215",
  "atomic_numbers": [
    30,
    30,
    34,
    34
  ],
  "frac_coords": [
    [
      0.0,
      0.0,
      0.5
    ],
    [
      0.5,
      0.5,
      0.5
    ],
    [
      0.5,
      0.0,
      0.4346191883087158
    ],
    [
      0.0,
      0.5,
      0.5653808116912842
    ]
  ],
  "lattice": [
    [
      4.079534530639648,
      0.0,
      0.0
    ],
    [
      0.0,
      4.079534530639648,
      0.0
    ],
    [
      0.0,
      0.0,
      23.024463653564453
    ]
  ],
  "properties": {
    "deltaG_H": 0.00808685302734375,
    "thermo_stability": -0.5043603897094726,
    "synth_score": 0.2672302709005928
  }
}