{
  "id": "JVASP-60392",
  "atomic_numbers": [
    24,
    24,
    15,
    15,
    16,
    16,
    16,
    16,
    16,
    16,
    16,
    16
  ],
  "frac_coords": [
    [
      0.253277987241745,
      0.253374844789505,
      0.07823850214481354
    ],
    [
      0.7467220425605774,
      0.7466251254081726,
      0.07826549559831619
    ],
    [
      0.7014627456665039,
      0.2886101007461548,
      0.03473437577486038
    ],
    [
      0.2985372543334961,
      0.7113898992538452,
      0.12177062779664993
    ],
    [
      0.3951243758201599,
      0.11668117344379425,
      0.00016644035349600017
    ],
    [
      0.13411447405815125,
      0.4128142297267914,
      0.15629985928535461
    ],
    [
      0.10667334496974945,
      0.904808759689331,
      0.12866906821727753
    ],
    [
      0.8933266401290894,
      0.09519125521183014,
      0.027834929525852203
    ],
    [
      0.6303954720497131,
      0.37781739234924316,
      0.11558542400598526
    ],
    [
      0.36960455775260925,
      0.6221826076507568,
      0.04091857746243477
    ],
    [
      0.8658855557441711,
      0.5871857404708862,
      0.00020514195784926414
    ],
    [
      0.6048756241798401,
      0.8833188414573669,
      0.15633855760097504
    ]
  ],
  "lattice": [
    [
      -5.44921350479126,
      -3.6292691230773926,
      -0.12496999651193619
    ],
    [
      5.449346542358398,
      -3.6294844150543213,
      -0.12496999651193619
    ],
    [
      0.0,
      0.0,
      23.710859298706055
    ]
  ],
  "properties": {
    "deltaG_H": 0.0011714287797609938,
    "thermo_stability": -1.016936865448952,
    "synth_score": 0.11569202044881101
  }
}