{
  "id": "JVASP-20060",
  "atomic_numbers": [
    62,
    62,
    52,
    52,
    52,
    52,
    52,
    52
  ],
  "frac_coords": [
    [
      0.0,
      0.25,
      0.15090996026992798
    ],
    [
      0.5,
      0.75,
      0.2851390242576599
    ],
    [
      0.5,
      0.25,
      0.06969636678695679
    ],
    [
      0.0,
      0.75,
      0.06970780342817307
    ],
    [
      0.5,
      0.75,
      0.18089282512664795
    ],
    [
      0.0,
      0.25,
      0.25515517592430115
    ],
    [
      0.5,
      0.25,
      0.36634019017219543
    ],
    [
      0.0,
      0.75,
      0.3663516342639923
    ]
  ],
  "lattice": [
    [
      4.37758731842041,
      -4.000000067449534e-16,
      0.0
    ],
    [
      1.0999999722265076e-15,
      4.377650260925293,
      0.0
    ],
    [
      0.0,
      0.0,
      31.273578643798828
    ]
  ],
  "properties": {
    "deltaG_H": 0.01847577393054962,
    "thermo_stability": -2.0,
    "synth_score": 0.01798620996209156
  }
}