{
  "id": "JVASP-13636",
  "atomic_numbers": [
    41,
    41,
    6,
    16,
    16
  ],
  "frac_coords": [
    [
      0.9030500054359436,
      0.9704790115356445,
      0.2000231146812439
    ],
    [
      0.5697159767150879,
      0.30381301045417786,
      0.11805988103151321
    ],
    [
      0.23638300597667694,
      0.63714599609375,
      0.15904100239276886
    ],
    [
      0.5697159767150879,
      0.30381301045417786,
      0.25608476996421814
    ],
    [
      0.9030500054359436,
      0.9704790115356445,
      0.061998218297958374
    ]
  ],
  "lattice": [
    [
      3.300398826599121,
      0.0,
      0.0
    ],
    [
      -1.6501994132995605,
      2.858229160308838,
      0.0
    ],
    [
      0.0,
      0.0,
      29.32907485961914
    ]
  ],
  "properties": {
    "deltaG_H": 0.0031761236190795917,
    "thermo_stability": -1.6903309692939126,
    "synth_score": 0.032905323701315166
  }
}