{
  "id": "JVASP-78024",
  "atomic_numbers": [
    47,
    47,
    34,
    8,
    8,
    8,
    8
  ],
  "frac_coords": [
    [
      0.0,
      0.5,
      0.45998629927635193
    ],
    [
      0.5,
      0.5,
      0.5400137305259705
    ],
    [
      0.5,
      0.0,
      0.5
    ],
    [
      0.21384377777576447,
      0.8437545299530029,
      0.4539591372013092
    ],
    [
      0.3700902462005615,
      0.15624545514583588,
      0.5460408329963684
    ],
    [
      0.6299097537994385,
      0.8437545299530029,
      0.5460408329963684
    ],
    [
      0.7861562371253967,
      0.15624545514583588,
      0.4539591372013092
    ]
  ],
  "lattice": [
    [
      4.590127944946289,
      -9.1609070329568e-10,
      0.0
    ],
    [
      -2.2950634956359863,
      6.028469085693359,
      0.0
    ],
    [
      0.0,
      0.0,
      22.026552200317383
    ]
  ],
  "properties": {
    "deltaG_H": -0.006068541577884127,
    "thermo_stability": -0.01952642401059479,
    "synth_score": 0.49023802864866356
  }
}