{
  "id": "JVASP-77993",
  "atomic_numbers": [
    41,
    81,
    35,
    35,
    35,
    35,
    8
  ],
  "frac_coords": [
    [
      0.4534807801246643,
      0.5,
      0.5
    ],
    [
      0.002041770610958338,
      4.336808689942018e-19,
      0.5
    ],
    [
      0.5114668607711792,
      0.26554983854293823,
      0.42308151721954346
    ],
    [
      0.5111873745918274,
      0.26332321763038635,
      0.5768874883651733
    ],
    [
      0.5114668607711792,
      0.7344501614570618,
      0.5769184827804565
    ],
    [
      0.5111873745918274,
      0.7366767525672913,
      0.42311251163482666
    ],
    [
      -0.00013306047185324132,
      0.5,
      0.5
    ]
  ],
  "lattice": [
    [
      4.004844665527344,
      0.0,
      0.0
    ],
    [
      0.0,
      7.667996883392334,
      0.016899999231100082
    ],
    [
      0.0,
      0.052291080355644226,
      23.690906524658203
    ]
  ],
  "properties": {
    "deltaG_H": 0.006113463810511999,
    "thermo_stability": -0.8313539048035941,
    "synth_score": 0.15939884052119335
  }
}