{
  "id": "JVASP-6973",
  "atomic_numbers": [
    65,
    65,
    35,
    35
  ],
  "frac_coords": [
    [
      0.0,
      0.0,
      0.15197981894016266
    ],
    [
      0.6666669845581055,
      0.33333298563957214,
      0.2573081851005554
    ],
    [
      0.33333298563957214,
      0.6666669845581055,
      0.07877062261104584
    ],
    [
      0.33333298563957214,
      0.6666669845581055,
      0.33051836490631104
    ]
  ],
  "lattice": [
    [
      3.7982265949249268,
      0.0,
      0.0
    ],
    [
      -1.8991132974624634,
      3.2893600463867188,
      0.0
    ],
    [
      0.0,
      0.0,
      26.331214904785156
    ]
  ],
  "properties": {
    "deltaG_H": 0.020859596729278562,
    "thermo_stability": -2.0,
    "synth_score": 0.01798620996209156
  }
}