{
  "id": "JVASP-77583",
  "atomic_numbers": [
    47,
    53
  ],
  "frac_coords": [
    [
      -1.1681990145007148e-05,
      1.1106493730039801e-05,
      0.5000640749931335
    ],
    [
      0.6666786670684814,
      0.3333218991756439,
      0.49993589520454407
    ]
  ],
  "lattice": [
    [
      4.763474464416504,
      -0.0002931345661636442,
      0.0
    ],
    [
      -2.381991386413574,
      4.125179767608643,
      0.0
    ],
    [
      0.0,
      0.0,
      20.195505142211914
    ]
  ],
  "properties": {
    "deltaG_H": 0.02249959170818329,
    "thermo_stability": 0.6055348843336106,
    "synth_score": 0.770488177551688
  }
}