{
  "id": "JVASP-13562",
  "atomic_numbers": [
    19,
    19,
    39,
    52,
    52
  ],
  "frac_coords": [
    [
      0.6666754484176636,
      0.3333245515823364,
      0.6892142295837402
    ],
    [
      2.2539441033586627e-06,
      -2.2539441033586627e-06,
      0.4200952649116516
    ],
    [
      0.3333415985107422,
      0.6666584014892578,
      0.554646372795105
    ],
    [
      0.66667240858078,
      0.3333275616168976,
      0.49610915780067444
    ],
    [
      8.255036846094299e-06,
      -8.255036846094299e-06,
      0.6131899356842041
    ]
  ],
  "lattice": [
    [
      4.470753192901611,
      5.7755823945626616e-05,
      0.0
    ],
    [
      -2.2353265285491943,
      3.871814250946045,
      0.0
    ],
    [
      0.0,
      0.0,
      29.75480079650879
    ]
  ],
  "properties": {
    "deltaG_H": 0.021894689798355103,
    "thermo_stability": -2.0,
    "synth_score": 0.01798620996209156
  }
}