{
  "id": "JVASP-6940",
  "atomic_numbers": [
    33,
    33,
    33,
    33,
    33,
    33,
    33,
    33,
    16,
    16,
    16,
    16,
    16,
    16
  ],
  "frac_coords": [
    [
      0.07015929371118546,
      0.14599138498306274,
      0.07793447375297546
    ],
    [
      0.42984071373939514,
      0.14599138498306274,
      0.07793447375297546
    ],
    [
      0.25,
      0.964622437953949,
      0.13964903354644775
    ],
    [
      0.75,
      0.5197463631629944,
      0.2139556109905243
    ],
    [
      0.25,
      0.4802536368370056,
      0.1641663908958435
    ],
    [
      0.75,
      0.03537758067250252,
      0.23847296833992004
    ],
    [
      0.5701593160629272,
      0.8540086150169373,
      0.30018752813339233
    ],
    [
      0.9298406839370728,
      0.8540086150169373,
      0.30018752813339233
    ],
    [
      0.75,
      0.822414219379425,
      0.1799973100423813
    ],
    [
      0.00914580188691616,
      0.4300116300582886,
      0.11293336004018784
    ],
    [
      0.4908542037010193,
      0.4300116300582886,
      0.11293336004018784
    ],
    [
      0.5091457962989807,
      0.5699883699417114,
      0.26518863439559937
    ],
    [
      0.9908542037010193,
      0.5699883699417114,
      0.26518863439559937
    ],
    [
      0.25,
      0.17758576571941376,
      0.1981246918439865
    ]
  ],
  "lattice": [
    [
      7.0870184898376465,
      0.0,
      0.0
    ],
    [
      0.0,
      6.849811553955078,
      0.0
    ],
    [
      0.0,
      0.0,
      28.9445858001709
    ]
  ],
  "properties": {
    "deltaG_H": 0.006386564442089626,
    "thermo_stability": -2.0,
    "synth_score": 0.01798620996209156
  }
}