{
  "id": "JVASP-60599",
  "atomic_numbers": [
    27,
    8,
    8
  ],
  "frac_coords": [
    [
      0.009229256771504879,
      0.9516193270683289,
      0.04311375692486763
    ],
    [
      0.3418436348438263,
      0.2942516505718231,
      0.00040795194217935205
    ],
    [
      0.6766111254692078,
      0.6089810132980347,
      0.08581128716468811
    ]
  ],
  "lattice": [
    [
      2.8165359497070312,
      0.0006437870906665921,
      0.03347599878907204
    ],
    [
      1.4070059061050415,
      2.4390709400177,
      0.0759200006723404
    ],
    [
      0.0,
      0.0,
      21.89531707763672
    ]
  ],
  "properties": {
    "deltaG_H": -0.002528475423653921,
    "thermo_stability": 0.14511764844258623,
    "synth_score": 0.572053736528685
  }
}