{
  "id": "JVASP-6724",
  "atomic_numbers": [
    51,
    51,
    16,
    16,
    53,
    53
  ],
  "frac_coords": [
    [
      0.25,
      0.8530910015106201,
      0.07848302274942398
    ],
    [
      0.75,
      0.3530910015106201,
      0.20826198160648346
    ],
    [
      0.75,
      0.8530234098434448,
      0.02038421481847763
    ],
    [
      0.25,
      0.3530234098434448,
      0.26635977625846863
    ],
    [
      0.25,
      0.3530365824699402,
      0.09759479016065598
    ],
    [
      0.75,
      0.8530365824699402,
      0.18914921581745148
    ]
  ],
  "lattice": [
    [
      3.7969157695770264,
      0.0,
      0.0
    ],
    [
      0.0,
      6.126441955566406,
      0.0
    ],
    [
      0.0,
      0.0,
      28.135263442993164
    ]
  ],
  "properties": {
    "deltaG_H": 0.01585124437014262,
    "thermo_stability": -2.0,
    "synth_score": 0.01798620996209156
  }
}