{
  "id": "JVASP-6736",
  "atomic_numbers": [
    83,
    83,
    83,
    83,
    34,
    34,
    34,
    34,
    34,
    34
  ],
  "frac_coords": [
    [
      0.25,
      0.5132721066474915,
      0.14571049809455872
    ],
    [
      0.75,
      0.8582155704498291,
      0.18145501613616943
    ],
    [
      0.25,
      0.1417844444513321,
      0.24296897649765015
    ],
    [
      0.75,
      0.48672789335250854,
      0.27871349453926086
    ],
    [
      0.75,
      0.6603190302848816,
      0.10389421880245209
    ],
    [
      0.25,
      0.03313362970948219,
      0.1507345736026764
    ],
    [
      0.75,
      0.334858775138855,
      0.20128996670246124
    ],
    [
      0.25,
      0.665141224861145,
      0.22313404083251953
    ],
    [
      0.75,
      -0.03313362970948219,
      0.2736894190311432
    ],
    [
      0.25,
      0.339680939912796,
      0.3205287754535675
    ]
  ],
  "lattice": [
    [
      4.173083782196045,
      0.0,
      0.0
    ],
    [
      0.0,
      9.963808059692383,
      0.0
    ],
    [
      0.0,
      0.0,
      29.535619735717773
    ]
  ],
  "properties": {
    "deltaG_H": 0.016308874952793123,
    "thermo_stability": -2.0,
    "synth_score": 0.01798620996209156
  }
}