{
  "id": "JVASP-75051",
  "atomic_numbers": [
    66,
    51,
    51
  ],
  "frac_coords": [
    [
      0.0,
      0.0,
      0.5
    ],
    [
      0.0,
      0.5,
      0.3962332010269165
    ],
    [
      0.5,
      0.5,
      0.6037667989730835
    ]
  ],
  "lattice": [
    [
      3.3133468627929688,
      1.1068916450085453e-08,
      0.0
    ],
    [
      -1.6566729545593262,
      3.092203140258789,
      0.0
    ],
    [
      0.0,
      0.0,
      24.915313720703125
    ]
  ],
  "properties": {
    "deltaG_H": 0.021333802223205568,
    "thermo_stability": -1.7144488215446474,
    "synth_score": 0.03140444665373505
  }
}