{
  "id": "JVASP-60464",
  "atomic_numbers": [
    29,
    83,
    15,
    15,
    34,
    34,
    34,
    34,
    34,
    34
  ],
  "frac_coords": [
    [
      0.0,
      0.0,
      0.07390200346708298
    ],
    [
      0.6666659712791443,
      0.3333339989185333,
      0.07390200346708298
    ],
    [
      0.3333339989185333,
      0.6666659712791443,
      0.02501072734594345
    ],
    [
      0.3333339989185333,
      0.6666659712791443,
      0.1227942705154419
    ],
    [
      0.6743525862693787,
      0.7034269571304321,
      0.9992907643318176
    ],
    [
      0.6743525862693787,
      0.9709256291389465,
      0.14851321280002594
    ],
    [
      0.29657304286956787,
      0.32564741373062134,
      0.14851321280002594
    ],
    [
      0.029074370861053467,
      0.7034269571304321,
      0.14851321280002594
    ],
    [
      0.29657304286956787,
      0.9709256291389465,
      0.9992907643318176
    ],
    [
      0.029074370861053467,
      0.32564741373062134,
      0.9992907643318176
    ]
  ],
  "lattice": [
    [
      3.2984225749969482,
      -5.71303653717041,
      0.0
    ],
    [
      3.2984225749969482,
      5.71303653717041,
      0.0
    ],
    [
      0.0,
      0.0,
      23.46878433227539
    ]
  ],
  "properties": {
    "deltaG_H": -0.01044017233848572,
    "thermo_stability": -2.0,
    "synth_score": 0.01798620996209156
  }
}