{
  "id": "JVASP-6739",
  "atomic_numbers": [
    80,
    53,
    53
  ],
  "frac_coords": [
    [
      0.5,
      0.5,
      0.26806798577308655
    ],
    [
      0.5,
      0.0,
      0.19725458323955536
    ],
    [
      0.0,
      0.5,
      0.3388824164867401
    ]
  ],
  "lattice": [
    [
      4.368832111358643,
      0.0,
      0.0
    ],
    [
      0.0,
      4.368832111358643,
      0.0
    ],
    [
      0.0,
      0.0,
      25.86966896057129
    ]
  ],
  "properties": {
    "deltaG_H": 0.025852008561293285,
    "thermo_stability": -0.6160194471478462,
    "synth_score": 0.22582477078177648
  }
}