{
  "id": "JVASP-8996",
  "atomic_numbers": [
    51,
    51,
    52,
    52,
    34
  ],
  "frac_coords": [
    [
      0.0,
      0.0,
      0.11574120819568634
    ],
    [
      0.6666669845581055,
      0.33333298563957214,
      0.2404237985610962
    ],
    [
      0.6666669845581055,
      0.33333298563957214,
      0.055673807859420776
    ],
    [
      0.0,
      0.0,
      0.30049118399620056
    ],
    [
      0.33333298563957214,
      0.6666669845581055,
      0.17808300256729126
    ]
  ],
  "lattice": [
    [
      4.226051330566406,
      0.0,
      0.0
    ],
    [
      -2.113025665283203,
      3.659867525100708,
      0.0
    ],
    [
      0.0,
      0.0,
      29.198387145996094
    ]
  ],
  "properties": {
    "deltaG_H": 0.021000979709625243,
    "thermo_stability": -2.0,
    "synth_score": 0.01798620996209156
  }
}