{
  "id": "JVASP-6217",
  "atomic_numbers": [
    83,
    83,
    35,
    35,
    8,
    8
  ],
  "frac_coords": [
    [
      0.6236969828605652,
      0.12369699776172638,
      0.19789746403694153
    ],
    [
      0.12369699776172638,
      0.6236969828605652,
      0.10967154055833817
    ],
    [
      0.12369699776172638,
      0.6236969828605652,
      0.2531702220439911
    ],
    [
      0.6236969828605652,
      0.12369699776172638,
      0.05439876392483711
    ],
    [
      0.12369699776172638,
      0.12369699776172638,
      0.15378500521183014
    ],
    [
      0.6236969828605652,
      0.6236969828605652,
      0.15378500521183014
    ]
  ],
  "lattice": [
    [
      3.9338314533233643,
      0.0,
      0.0
    ],
    [
      0.0,
      3.9338314533233643,
      0.0
    ],
    [
      0.0,
      0.0,
      28.883747100830078
    ]
  ],
  "properties": {
    "deltaG_H": 0.013562007884184522,
    "thermo_stability": -1.637857585648696,
    "synth_score": 0.036413763311194024
  }
}