{
  "id": "JVASP-60578",
  "atomic_numbers": [
    24,
    15,
    15,
    16,
    16,
    16,
    16,
    16,
    16,
    16
  ],
  "frac_coords": [
    [
      0.4918351471424103,
      0.5081648230552673,
      0.07533899694681168
    ],
    [
      0.6559339761734009,
      0.9552921056747437,
      0.053888238966464996
    ],
    [
      0.04470786824822426,
      0.3440660536289215,
      0.09678976237773895
    ],
    [
      0.5321477651596069,
      0.19447579979896545,
      0.01356121338903904
    ],
    [
      0.8055241703987122,
      0.46785226464271545,
      0.13711579144001007
    ],
    [
      0.14030799269676208,
      0.49353325366973877,
      0.02853088080883026
    ],
    [
      0.3181801736354828,
      0.36872830986976624,
      0.15060511231422424
    ],
    [
      0.6312717199325562,
      0.6818197965621948,
      7.289491622941568e-05
    ],
    [
      0.5064667463302612,
      0.8596919775009155,
      0.12214712053537369
    ],
    [
      0.9931184649467468,
      0.006881540175527334,
      0.07533899694681168
    ]
  ],
  "lattice": [
    [
      -4.651195049285889,
      -4.243447780609131,
      -0.5396599769592285
    ],
    [
      4.651195049285889,
      -4.243447780609131,
      -0.5396599769592285
    ],
    [
      0.0,
      0.0,
      23.54818344116211
    ]
  ],
  "properties": {
    "deltaG_H": 0.00195465567111969,
    "thermo_stability": -0.9563704748948416,
    "synth_score": 0.12867323373598394
  }
}