{
  "id": "JVASP-60497",
  "atomic_numbers": [
    26,
    26,
    17,
    17,
    17,
    17,
    17,
    17
  ],
  "frac_coords": [
    [
      0.3333339989185333,
      0.6666659712791443,
      0.06047871336340904
    ],
    [
      0.6666659712791443,
      0.3333339989185333,
      0.060492873191833496
    ],
    [
      1.404223803547211e-05,
      0.6423410773277283,
      0.11699353903532028
    ],
    [
      0.35765889286994934,
      0.35767194628715515,
      0.11699353903532028
    ],
    [
      0.6423280835151672,
      -1.4042238944966812e-05,
      0.11699353903532028
    ],
    [
      0.6426002383232117,
      0.6425874829292297,
      0.004104935564100742
    ],
    [
      -1.2732808500004467e-05,
      0.35739976167678833,
      0.004104935564100742
    ],
    [
      0.3574124872684479,
      1.2732809409499168e-05,
      0.004104935564100742
    ]
  ],
  "lattice": [
    [
      2.8960561752319336,
      -5.016114234924316,
      0.0
    ],
    [
      2.89605450630188,
      5.016115188598633,
      0.0
    ],
    [
      0.0,
      0.0,
      22.757892608642578
    ]
  ],
  "properties": {
    "deltaG_H": 0.016764745116233826,
    "thermo_stability": -0.22115095655123396,
    "synth_score": 0.3911926063360192
  }
}