{
  "id": "JVASP-75209",
  "atomic_numbers": [
    20,
    20,
    20,
    14,
    35,
    35
  ],
  "frac_coords": [
    [
      0.9999976754188538,
      0.5,
      0.42912575602531433
    ],
    [
      0.5,
      0.0,
      0.5
    ],
    [
      2.3384795895253774e-06,
      0.5,
      0.5708742141723633
    ],
    [
      0.5,
      0.5,
      0.5
    ],
    [
      0.9999708533287048,
      0.0,
      0.410837322473526
    ],
    [
      2.9167847969802096e-05,
      0.0,
      0.5891627073287964
    ]
  ],
  "lattice": [
    [
      4.514171600341797,
      0.0,
      0.0
    ],
    [
      0.0,
      5.841189384460449,
      0.0
    ],
    [
      0.0,
      0.0,
      24.85639190673828
    ]
  ],
  "properties": {
    "deltaG_H": 0.027030762632687888,
    "thermo_stability": -1.8178706536690394,
    "synth_score": 0.02568715698519923
  }
}