{
  "id": "JVASP-728",
  "atomic_numbers": [
    72,
    16,
    16
  ],
  "frac_coords": [
    [
      0.0,
      0.0,
      0.14352500438690186
    ],
    [
      0.6666669845581055,
      0.33333298563957214,
      0.19072788953781128
    ],
    [
      0.33333298563957214,
      0.6666669845581055,
      0.09632210433483124
    ]
  ],
  "lattice": [
    [
      1.8187447786331177,
      -3.1501576900482178,
      0.0
    ],
    [
      1.8187447786331177,
      3.1501576900482178,
      0.0
    ],
    [
      0.0,
      0.0,
      30.584457397460938
    ]
  ],
  "properties": {
    "deltaG_H": 0.010747674802939098,
    "thermo_stability": -0.01417117019494385,
    "synth_score": 0.49291488917837306
  }
}