{
  "id": "JVASP-27996",
  "atomic_numbers": [
    19,
    19,
    46,
    8,
    8
  ],
  "frac_coords": [
    [
      0.0,
      0.5,
      0.5915131568908691
    ],
    [
      0.0,
      0.5,
      0.40848681330680847
    ],
    [
      0.5,
      0.5,
      0.5
    ],
    [
      0.0,
      0.34545406699180603,
      0.5
    ],
    [
      0.0,
      0.6545459628105164,
      0.5
    ]
  ],
  "lattice": [
    [
      3.3444647789001465,
      -0.0,
      0.0
    ],
    [
      0.0,
      7.943377494812012,
      0.0
    ],
    [
      0.0,
      0.0,
      25.64609146118164
    ]
  ],
  "properties": {
    "deltaG_H": 0.0028287690877914426,
    "thermo_stability": -1.1026701509952543,
    "synth_score": 0.09927195223127143
  }
}