{
  "id": "JVASP-60596",
  "atomic_numbers": [
    73,
    73,
    46,
    16,
    16,
    16,
    16,
    16,
    16
  ],
  "frac_coords": [
    [
      0.1470268964767456,
      0.2940537929534912,
      0.05846092104911804
    ],
    [
      0.8529731035232544,
      0.7059462070465088,
      0.09724807739257812
    ],
    [
      0.5,
      0.0,
      0.07785400003194809
    ],
    [
      0.7327377200126648,
      0.465475469827652,
      0.022683391347527504
    ],
    [
      0.6179812550544739,
      0.23596253991127014,
      0.1319858282804489
    ],
    [
      0.5669134855270386,
      0.13382691144943237,
      -0.00027846687589772046
    ],
    [
      0.2672622799873352,
      0.5345245599746704,
      0.13302460312843323
    ],
    [
      0.3820187449455261,
      0.7640374898910522,
      0.023723168298602104
    ],
    [
      0.4330865442752838,
      0.8661730885505676,
      0.1559874713420868
    ]
  ],
  "lattice": [
    [
      -3.2849719524383545,
      -6.289361254019354e-10,
      0.0
    ],
    [
      1.6424864530563354,
      -9.068899154663086,
      -1.254343032836914
    ],
    [
      0.0,
      0.0,
      23.688514709472656
    ]
  ],
  "properties": {
    "deltaG_H": 0.005650388995806375,
    "thermo_stability": -0.9218427211046218,
    "synth_score": 0.1366160045727599
  }
}