{
  "id": "JVASP-6034",
  "atomic_numbers": [
    27,
    35,
    35
  ],
  "frac_coords": [
    [
      0.45725899934768677,
      0.0667869970202446,
      0.12834399938583374
    ],
    [
      0.12392599880695343,
      0.4001210033893585,
      0.18248946964740753
    ],
    [
      0.7905920147895813,
      0.7334550023078918,
      0.07419852912425995
    ]
  ],
  "lattice": [
    [
      3.6658084392547607,
      1.1070268257640237e-08,
      0.0
    ],
    [
      -1.8329046964645386,
      3.1746838092803955,
      0.0
    ],
    [
      0.0,
      0.0,
      26.906604766845703
    ]
  ],
  "properties": {
    "deltaG_H": 0.02088892082373301,
    "thermo_stability": -0.24559050003687544,
    "synth_score": 0.3796153937102094
  }
}