{
  "id": "JVASP-60491",
  "atomic_numbers": [
    82,
    53,
    53
  ],
  "frac_coords": [
    [
      2.2396659460355295e-06,
      -2.9705029191973154e-06,
      0.9212981462478638
    ],
    [
      0.6666684746742249,
      0.3333318531513214,
      0.8408933877944946
    ],
    [
      0.3333292603492737,
      0.6666711568832397,
      0.0016344183823093772
    ]
  ],
  "lattice": [
    [
      -4.566933631896973,
      -3.310255488031544e-05,
      0.0
    ],
    [
      2.2834954261779785,
      3.955064296722412,
      0.0
    ],
    [
      0.0,
      0.0,
      -23.736984252929688
    ]
  ],
  "properties": {
    "deltaG_H": 0.023353310028711955,
    "thermo_stability": -2.0,
    "synth_score": 0.01798620996209156
  }
}