{
  "id": "JVASP-27926",
  "atomic_numbers": [
    65,
    65,
    17,
    17
  ],
  "frac_coords": [
    [
      0.6666669845581055,
      0.33333298563957214,
      0.44703447818756104
    ],
    [
      0.0,
      0.0,
      0.552965521812439
    ],
    [
      0.33333298563957214,
      0.6666669845581055,
      0.380169540643692
    ],
    [
      0.33333298563957214,
      0.6666669845581055,
      0.6198304891586304
    ]
  ],
  "lattice": [
    [
      3.727632522583008,
      0.0,
      0.0
    ],
    [
      -1.863816261291504,
      3.228224515914917,
      0.0
    ],
    [
      0.0,
      0.0,
      26.29170799255371
    ]
  ],
  "properties": {
    "deltaG_H": 0.01828476965427399,
    "thermo_stability": -2.0,
    "synth_score": 0.01798620996209156
  }
}