{
  "id": "JVASP-60483",
  "atomic_numbers": [
    41,
    41,
    41,
    41,
    27,
    27,
    27,
    27,
    52,
    52,
    52,
    52,
    52,
    52,
    52,
    52
  ],
  "frac_coords": [
    [
      0.48300474882125854,
      0.1973041445016861,
      0.09032825380563736
    ],
    [
      0.5169952511787415,
      0.8026948571205139,
      0.09935074299573898
    ],
    [
      0.9830047488212585,
      0.3026948571205139,
      0.09935074299573898
    ],
    [
      0.01699526607990265,
      0.6973051428794861,
      0.09032825380563736
    ],
    [
      0.8536940217018127,
      0.9771807193756104,
      0.06247415766119957
    ],
    [
      0.35369399189949036,
      0.5228192806243896,
      0.1272028386592865
    ],
    [
      0.6463059782981873,
      0.47718068957328796,
      0.06247415766119957
    ],
    [
      0.14630600810050964,
      0.02281929925084114,
      0.1272028386592865
    ],
    [
      0.25425973534584045,
      0.4333924949169159,
      0.02514900080859661
    ],
    [
      0.7471927404403687,
      0.694936215877533,
      0.00012196203169878572
    ],
    [
      0.24719275534152985,
      0.805063784122467,
      0.1895570307970047
    ],
    [
      0.7542597651481628,
      0.0666075050830841,
      0.16452999413013458
    ],
    [
      0.7528072595596313,
      0.19493623077869415,
      0.00012196203169878572
    ],
    [
      0.25280725955963135,
      0.30506378412246704,
      0.1895570307970047
    ],
    [
      0.24574026465415955,
      0.9333924651145935,
      0.02514900080859661
    ],
    [
      0.7457402348518372,
      0.5666075348854065,
      0.16452999413013458
    ]
  ],
  "lattice": [
    [
      -6.352074146270752,
      0.0,
      0.0
    ],
    [
      0.0,
      -7.710238456726074,
      -1.164067029953003
    ],
    [
      0.0,
      0.0,
      24.960256576538086
    ]
  ],
  "properties": {
    "deltaG_H": 0.005282772779464721,
    "thermo_stability": -1.6774042119582493,
    "synth_score": 0.03373805856601939
  }
}