{
  "id": "JVASP-19992",
  "atomic_numbers": [
    73,
    73,
    52,
    52,
    52,
    52,
    52,
    52,
    52,
    52,
    52,
    52,
    78,
    78
  ],
  "frac_coords": [
    [
      0.0,
      0.25,
      0.2983832061290741
    ],
    [
      0.0,
      0.75,
      0.29214978218078613
    ],
    [
      0.5,
      0.25,
      0.3868102729320526
    ],
    [
      0.0,
      0.08208774030208588,
      0.3552427291870117
    ],
    [
      0.5,
      0.8523343801498413,
      0.35352954268455505
    ],
    [
      0.5,
      0.6476656198501587,
      0.35352954268455505
    ],
    [
      0.0,
      0.41791224479675293,
      0.3552427291870117
    ],
    [
      0.5,
      0.75,
      0.20372271537780762
    ],
    [
      0.0,
      0.9179122447967529,
      0.2352902740240097
    ],
    [
      0.5,
      0.14766563475131989,
      0.23700344562530518
    ],
    [
      0.5,
      0.3523343503475189,
      0.23700344562530518
    ],
    [
      0.0,
      0.5820877552032471,
      0.2352902740240097
    ],
    [
      0.5,
      0.0,
      0.2952669858932495
    ],
    [
      0.5,
      0.5,
      0.2952669858932495
    ]
  ],
  "lattice": [
    [
      3.7878947257995605,
      0.0,
      0.0
    ],
    [
      -1.0000000168623835e-16,
      15.599348068237305,
      0.0
    ],
    [
      0.0,
      0.0,
      24.422000885009766
    ]
  ],
  "properties": {
    "deltaG_H": 0.012631506153515406,
    "thermo_stability": -1.4635854134957,
    "synth_score": 0.05082664023437146
  }
}