{
  "id": "JVASP-6205",
  "atomic_numbers": [
    71,
    71,
    16,
    16,
    35,
    35
  ],
  "frac_coords": [
    [
      0.730804979801178,
      0.42388901114463806,
      0.20114153623580933
    ],
    [
      0.23080499470233917,
      0.9238889813423157,
      0.12639246881008148
    ],
    [
      0.730804979801178,
      0.9238889813423157,
      0.1878727227449417
    ],
    [
      0.23080499470233917,
      0.42388901114463806,
      0.1396612673997879
    ],
    [
      0.23080499470233917,
      0.42388901114463806,
      0.26598256826400757
    ],
    [
      0.730804979801178,
      0.9238889813423157,
      0.06155243515968323
    ]
  ],
  "lattice": [
    [
      3.9233193397521973,
      0.0,
      0.0
    ],
    [
      0.0,
      5.241152763366699,
      0.0
    ],
    [
      0.0,
      0.0,
      29.741302490234375
    ]
  ],
  "properties": {
    "deltaG_H": 0.015580531160036725,
    "thermo_stability": -1.7321687733133637,
    "synth_score": 0.030344147658223557
  }
}