{
  "id": "JVASP-75296",
  "atomic_numbers": [
    22,
    22,
    83,
    83,
    83,
    83,
    8,
    8,
    8,
    8,
    8,
    8,
    8,
    8,
    8,
    8
  ],
  "frac_coords": [
    [
      0.0,
      0.0,
      0.45335355401039124
    ],
    [
      0.5,
      0.5,
      0.5466464757919312
    ],
    [
      0.0,
      0.6762014627456665,
      0.44584959745407104
    ],
    [
      0.0,
      0.3237985074520111,
      0.44584959745407104
    ],
    [
      0.5,
      0.8237985372543335,
      0.554150402545929
    ],
    [
      0.5,
      0.1762014776468277,
      0.554150402545929
    ],
    [
      0.0,
      0.13409140706062317,
      0.40711498260498047
    ],
    [
      0.0,
      0.8659085631370544,
      0.40711498260498047
    ],
    [
      0.5,
      0.6753308176994324,
      0.4850308299064636
    ],
    [
      0.5,
      0.32466921210289,
      0.4850308299064636
    ],
    [
      0.0,
      0.5,
      0.5185300707817078
    ],
    [
      0.5,
      0.0,
      0.48146992921829224
    ],
    [
      0.0,
      0.8246691823005676,
      0.5149691700935364
    ],
    [
      0.0,
      0.17533078789710999,
      0.5149691700935364
    ],
    [
      0.5,
      0.36590859293937683,
      0.5928850173950195
    ],
    [
      0.5,
      0.6340914368629456,
      0.5928850173950195
    ]
  ],
  "lattice": [
    [
      4.008970737457275,
      0.0,
      0.0
    ],
    [
      0.0,
      10.273758888244629,
      0.0
    ],
    [
      0.0,
      0.0,
      24.618370056152344
    ]
  ],
  "properties": {
    "deltaG_H": -0.0037240428924560573,
    "thermo_stability": -1.5103316227595016,
    "synth_score": 0.04650105821734775
  }
}