{
  "id": "JVASP-60439",
  "atomic_numbers": [
    46,
    46,
    34,
    34,
    34,
    34,
    34,
    34,
    34,
    34,
    34,
    34,
    34,
    34,
    34,
    34,
    34,
    34,
    17,
    17,
    17,
    17
  ],
  "frac_coords": [
    [
      3.3881317890172014e-21,
      0.5,
      0.1197429969906807
    ],
    [
      0.5,
      0.0,
      0.1197429969906807
    ],
    [
      0.3027550280094147,
      0.007592521607875824,
      0.05574442818760872
    ],
    [
      0.19723719358444214,
      0.5075960159301758,
      0.1837424784898758
    ],
    [
      0.8027628064155579,
      0.4924039840698242,
      0.05574352294206619
    ],
    [
      0.37652575969696045,
      0.6565995216369629,
      0.14025749266147614
    ],
    [
      0.09374762326478958,
      0.6862524151802063,
      0.24499399960041046
    ],
    [
      0.6234742403030396,
      0.3434004783630371,
      0.09922850131988525
    ],
    [
      0.906252384185791,
      0.3137475550174713,
      0.9944919943809509
    ],
    [
      0.5822641849517822,
      0.6026731133460999,
      0.1936395913362503
    ],
    [
      0.0822686031460762,
      0.897325873374939,
      0.19363804161548615
    ],
    [
      0.4177357852458954,
      0.39732685685157776,
      0.04584641382098198
    ],
    [
      0.9177314043045044,
      0.10267410427331924,
      0.04584796354174614
    ],
    [
      0.5937535166740417,
      0.8137491941452026,
      0.2449946105480194
    ],
    [
      0.8765185475349426,
      0.8433936238288879,
      0.14025914669036865
    ],
    [
      0.40624648332595825,
      0.18625079095363617,
      0.9944913983345032
    ],
    [
      0.12348144501447678,
      0.15660640597343445,
      0.09922686219215393
    ],
    [
      0.6972449421882629,
      0.992407500743866,
      0.18374156951904297
    ],
    [
      0.6098263263702393,
      0.8291376829147339,
      0.06456002593040466
    ],
    [
      0.39017367362976074,
      0.1708623319864273,
      0.17492596805095673
    ],
    [
      0.8901692628860474,
      0.32913339138031006,
      0.17492669820785522
    ],
    [
      0.10983072221279144,
      0.6708666086196899,
      0.06455930322408676
    ]
  ],
  "lattice": [
    [
      9.071566581726074,
      -0.00021277047926560044,
      0.0
    ],
    [
      -0.00021070231741759926,
      8.994795799255371,
      0.0
    ],
    [
      0.0,
      0.0,
      26.298006057739258
    ]
  ],
  "properties": {
    "deltaG_H": -0.005509637052362617,
    "thermo_stability": -2.0,
    "synth_score": 0.01798620996209156
  }
}