{
  "id": "JVASP-75269",
  "atomic_numbers": [
    24,
    24,
    15,
    15,
    8,
    8,
    8,
    8,
    8,
    8,
    8,
    8
  ],
  "frac_coords": [
    [
      0.6633737087249756,
      0.8366312980651855,
      0.5000004172325134
    ],
    [
      0.16336871683597565,
      0.3366263210773468,
      0.4999995827674866
    ],
    [
      0.0547478087246418,
      0.728001058101654,
      0.5696209073066711
    ],
    [
      0.27199894189834595,
      0.9452521800994873,
      0.43037909269332886
    ],
    [
      0.9715694189071655,
      0.008547679521143436,
      0.4513009786605835
    ],
    [
      0.9928886294364929,
      0.6661392450332642,
      0.6225022673606873
    ],
    [
      0.3551807999610901,
      0.6646965742111206,
      0.5486986041069031
    ],
    [
      0.46988651156425476,
      0.14313894510269165,
      0.4738205075263977
    ],
    [
      0.33386072516441345,
      0.007111389189958572,
      0.37749773263931274
    ],
    [
      0.9914523363113403,
      0.028430592268705368,
      0.5486990213394165
    ],
    [
      0.335303395986557,
      0.6448192000389099,
      0.45130136609077454
    ],
    [
      0.8568610548973083,
      0.5301135182380676,
      0.5261794924736023
    ]
  ],
  "lattice": [
    [
      4.726991653442383,
      -0.0070992507971823215,
      -0.005274000111967325
    ],
    [
      -0.9597706198692322,
      4.628535747528076,
      -0.005274000111967325
    ],
    [
      -0.02904597483575344,
      -0.03563123568892479,
      26.50795555114746
    ]
  ],
  "properties": {
    "deltaG_H": -0.012218629201253259,
    "thermo_stability": -2.0,
    "synth_score": 0.01798620996209156
  }
}