{
  "id": "JVASP-6277",
  "atomic_numbers": [
    92,
    8,
    8,
    9,
    9
  ],
  "frac_coords": [
    [
      0.33333298563957214,
      0.6666669845581055,
      0.41885799169540405
    ],
    [
      0.33333298563957214,
      0.6666669845581055,
      0.35252901911735535
    ],
    [
      0.33333298563957214,
      0.6666669845581055,
      0.48518598079681396
    ],
    [
      0.0,
      0.0,
      0.4188343286514282
    ],
    [
      0.6666669845581055,
      0.33333298563957214,
      0.4188806712627411
    ]
  ],
  "lattice": [
    [
      4.217690467834473,
      3.862015152122922e-09,
      0.0
    ],
    [
      -2.1088457107543945,
      3.652627468109131,
      0.0
    ],
    [
      0.0,
      0.0,
      26.902423858642578
    ]
  ],
  "properties": {
    "deltaG_H": 0.0020345338582992553,
    "thermo_stability": -0.48872780501842494,
    "synth_score": 0.27339693787479336
  }
}