{
  "id": "JVASP-60447",
  "atomic_numbers": [
    41,
    41,
    41,
    52,
    53,
    53,
    53,
    53,
    53,
    53,
    53
  ],
  "frac_coords": [
    [
      0.8675016164779663,
      0.7350038886070251,
      0.07793979346752167
    ],
    [
      0.8675019145011902,
      0.1324969381093979,
      0.07793977856636047
    ],
    [
      0.2649959921836853,
      0.13249729573726654,
      0.07794009149074554
    ],
    [
      -2.4732625547585485e-07,
      -2.2701119632984046e-06,
      0.1657753884792328
    ],
    [
      0.4979213774204254,
      0.5020789504051208,
      0.14188119769096375
    ],
    [
      0.16825205087661743,
      0.33650457859039307,
      -0.0005458762752823532
    ],
    [
      0.6666674017906189,
      0.33333253860473633,
      0.015742497518658638
    ],
    [
      0.16825275123119354,
      0.831748902797699,
      -0.0005461424589157104
    ],
    [
      0.497921347618103,
      0.9958422780036926,
      0.1418822854757309
    ],
    [
      0.6634972095489502,
      0.831750214099884,
      -0.0005466138245537877
    ],
    [
      0.004156543407589197,
      0.502078652381897,
      0.14188158512115479
    ]
  ],
  "lattice": [
    [
      3.8464107513427734,
      -6.662187099456787,
      0.0
    ],
    [
      3.8464155197143555,
      6.662189960479736,
      0.0
    ],
    [
      0.0,
      0.0,
      23.938478469848633
    ]
  ],
  "properties": {
    "deltaG_H": 0.02340225840156729,
    "thermo_stability": -1.4384041647116343,
    "synth_score": 0.053311989980571094
  }
}