{
  "id": "JVASP-60479",
  "atomic_numbers": [
    22,
    22,
    35,
    35,
    35,
    35,
    35,
    35
  ],
  "frac_coords": [
    [
      0.3333339989185333,
      0.6666659712791443,
      0.06544186174869537
    ],
    [
      0.6666659712791443,
      0.3333339989185333,
      0.06546913832426071
    ],
    [
      0.34295907616615295,
      0.34299662709236145,
      0.13077838718891144
    ],
    [
      0.34299662709236145,
      3.9547263440908864e-05,
      0.0001326125202467665
    ],
    [
      0.6570408940315247,
      0.6570033431053162,
      0.0001326125202467665
    ],
    [
      3.954726707888767e-05,
      0.6570408940315247,
      0.13077838718891144
    ],
    [
      -3.954726707888767e-05,
      0.34295907616615295,
      0.0001326125202467665
    ],
    [
      0.6570033431053162,
      -3.9547263440908864e-05,
      0.13077838718891144
    ]
  ],
  "lattice": [
    [
      3.1897289752960205,
      -5.524768829345703,
      0.0
    ],
    [
      3.189725875854492,
      5.524770736694336,
      0.0
    ],
    [
      0.0,
      0.0,
      23.012609481811523
    ]
  ],
  "properties": {
    "deltaG_H": 0.022729496359825137,
    "thermo_stability": -0.5389033426841101,
    "synth_score": 0.2539213054488331
  }
}