{
  "id": "JVASP-77611",
  "atomic_numbers": [
    82,
    82,
    82,
    82,
    8,
    8,
    8,
    8
  ],
  "frac_coords": [
    [
      0.75,
      0.5121039152145386,
      0.43970349431037903
    ],
    [
      0.25,
      0.4878961145877838,
      0.5602964758872986
    ],
    [
      0.75,
      0.01210388820618391,
      0.5602964758872986
    ],
    [
      0.25,
      0.9878960847854614,
      0.43970349431037903
    ],
    [
      0.75,
      0.41111430525779724,
      0.5355774760246277
    ],
    [
      0.25,
      0.5888857245445251,
      0.4644225239753723
    ],
    [
      0.75,
      0.9111142754554749,
      0.4644225239753723
    ],
    [
      0.25,
      0.08888570219278336,
      0.5355774760246277
    ]
  ],
  "lattice": [
    [
      4.789463520050049,
      0.0,
      0.0
    ],
    [
      0.0,
      5.574710369110107,
      0.0
    ],
    [
      0.0,
      0.0,
      22.719646453857422
    ]
  ],
  "properties": {
    "deltaG_H": 0.01008417308330536,
    "thermo_stability": -0.5412639598051707,
    "synth_score": 0.25302792950365577
  }
}