{
  "id": "JVASP-60475",
  "atomic_numbers": [
    56,
    5,
    5,
    34,
    34,
    34,
    34,
    34,
    34
  ],
  "frac_coords": [
    [
      0.452380895614624,
      0.452380895614624,
      0.9961385726928711
    ],
    [
      0.9880963563919067,
      0.14180031418800354,
      0.9841579794883728
    ],
    [
      0.14180031418800354,
      0.9880963563919067,
      0.9841579794883728
    ],
    [
      0.9376904368400574,
      0.38850414752960205,
      0.9998679161071777
    ],
    [
      0.06589784473180771,
      0.7043677568435669,
      0.4870959222316742
    ],
    [
      0.7043677568435669,
      0.06589784473180771,
      0.4870959222316742
    ],
    [
      0.9586917757987976,
      0.9586917757987976,
      0.5104604363441467
    ],
    [
      0.8625694513320923,
      0.8625694513320923,
      0.9616702795028687
    ],
    [
      0.38850414752960205,
      0.9376904368400574,
      0.9998679161071777
    ]
  ],
  "lattice": [
    [
      3.7981224060058594,
      5.2741875648498535,
      0.0
    ],
    [
      3.7981224060058594,
      -5.2741875648498535,
      0.0
    ],
    [
      0.0,
      0.0,
      -44.619258880615234
    ]
  ],
  "properties": {
    "deltaG_H": -0.011162238915761312,
    "thermo_stability": -2.0,
    "synth_score": 0.01798620996209156
  }
}