{
  "id": "JVASP-28028",
  "atomic_numbers": [
    41,
    41,
    53,
    53,
    8,
    8,
    8,
    8
  ],
  "frac_coords": [
    [
      0.457848459482193,
      0.75,
      0.5516363382339478
    ],
    [
      0.5421515703201294,
      0.25,
      0.44836366176605225
    ],
    [
      0.5025153160095215,
      0.25,
      0.635025143623352
    ],
    [
      0.49748465418815613,
      0.75,
      0.36497485637664795
    ],
    [
      0.995151162147522,
      0.75,
      0.5568299889564514
    ],
    [
      0.49374401569366455,
      0.75,
      0.47517508268356323
    ],
    [
      0.5062559843063354,
      0.25,
      0.5248249173164368
    ],
    [
      0.0048488532193005085,
      0.25,
      0.4431700110435486
    ]
  ],
  "lattice": [
    [
      3.9622538089752197,
      0.0,
      0.0
    ],
    [
      0.0,
      3.8132874965667725,
      0.0
    ],
    [
      0.0,
      0.0,
      27.400150299072266
    ]
  ],
  "properties": {
    "deltaG_H": -0.002374229431152343,
    "thermo_stability": -2.0,
    "synth_score": 0.01798620996209156
  }
}