{
  "id": "JVASP-8951",
  "atomic_numbers": [
    19,
    19,
    81,
    81,
    8,
    8
  ],
  "frac_coords": [
    [
      0.31125396490097046,
      0.0,
      0.06749720126390457
    ],
    [
      0.5419990420341492,
      0.5,
      0.18823480606079102
    ],
    [
      0.8009034395217896,
      0.5,
      0.07066458463668823
    ],
    [
      0.05234958603978157,
      0.0,
      0.18506741523742676
    ],
    [
      0.15230660140514374,
      0.5,
      0.12529857456684113
    ],
    [
      0.7009463906288147,
      0.0,
      0.13043242692947388
    ]
  ],
  "lattice": [
    [
      6.121361255645752,
      0.0,
      0.0
    ],
    [
      0.0,
      3.7292044162750244,
      0.0
    ],
    [
      -3.677466630935669,
      0.0,
      24.56315803527832
    ]
  ],
  "properties": {
    "deltaG_H": 0.013264157523711522,
    "thermo_stability": -0.40586915314197536,
    "synth_score": 0.3075201969188234
  }
}