{
  "id": "JVASP-60554",
  "atomic_numbers": [
    69,
    69,
    17,
    17,
    8,
    8
  ],
  "frac_coords": [
    [
      0.5,
      0.0,
      0.15308648347854614
    ],
    [
      0.0,
      0.5,
      0.07272752374410629
    ],
    [
      0.0,
      0.0,
      0.22588786482810974
    ],
    [
      0.5,
      0.5,
      0.9999261498451233
    ],
    [
      0.0,
      0.0,
      0.10240615159273148
    ],
    [
      0.5,
      0.5,
      0.12340784817934036
    ]
  ],
  "lattice": [
    [
      3.689112424850464,
      0.0,
      0.0
    ],
    [
      0.0,
      4.111206531524658,
      0.0
    ],
    [
      0.0,
      0.0,
      25.833585739135742
    ]
  ],
  "properties": {
    "deltaG_H": -0.007998646100362142,
    "thermo_stability": -2.0,
    "synth_score": 0.01798620996209156
  }
}