{
  "id": "JVASP-19524",
  "atomic_numbers": [
    92,
    92,
    53,
    53,
    53,
    53,
    53,
    53
  ],
  "frac_coords": [
    [
      0.5,
      0.25,
      0.14401006698608398
    ],
    [
      0.0,
      0.75,
      0.15978792309761047
    ],
    [
      0.0,
      0.25,
      0.05315638706088066
    ],
    [
      0.5,
      0.5667638778686523,
      0.0936489999294281
    ],
    [
      0.5,
      0.9332361221313477,
      0.0936489999294281
    ],
    [
      0.0,
      0.43323615193367004,
      0.21014900505542755
    ],
    [
      0.0,
      0.06676385551691055,
      0.21014900505542755
    ],
    [
      0.5,
      0.75,
      0.2506406009197235
    ]
  ],
  "lattice": [
    [
      4.1557745933532715,
      0.0,
      0.0
    ],
    [
      -0.0,
      9.948203086853027,
      0.0
    ],
    [
      0.0,
      0.0,
      25.483896255493164
    ]
  ],
  "properties": {
    "deltaG_H": 0.0320197257399559,
    "thermo_stability": -1.7003421902656557,
    "synth_score": 0.03227408296289862
  }
}