{
  "id": "JVASP-27955",
  "atomic_numbers": [
    12,
    12,
    12,
    12,
    1,
    1,
    8,
    8,
    8,
    8,
    8
  ],
  "frac_coords": [
    [
      0.0,
      0.0,
      0.3836263120174408
    ],
    [
      0.6666669845581055,
      0.33333298563957214,
      0.46133187413215637
    ],
    [
      0.33333298563957214,
      0.6666669845581055,
      0.538668155670166
    ],
    [
      0.0,
      0.0,
      0.6163737177848816
    ],
    [
      0.6666669845581055,
      0.33333298563957214,
      0.3191278874874115
    ],
    [
      0.33333298563957214,
      0.6666669845581055,
      0.6808721423149109
    ],
    [
      0.6666669845581055,
      0.33333298563957214,
      0.349914014339447
    ],
    [
      0.33333298563957214,
      0.6666669845581055,
      0.4226066768169403
    ],
    [
      0.0,
      0.0,
      0.5
    ],
    [
      0.6666669845581055,
      0.33333298563957214,
      0.5773932933807373
    ],
    [
      0.33333298563957214,
      0.6666669845581055,
      0.650085985660553
    ]
  ],
  "lattice": [
    [
      3.037069797515869,
      -5.271379860394276e-11,
      0.0
    ],
    [
      -1.5185343027114868,
      2.630178928375244,
      0.0
    ],
    [
      0.0,
      0.0,
      31.422962188720703
    ]
  ],
  "properties": {
    "deltaG_H": -0.02015978612683036,
    "thermo_stability": -2.0,
    "synth_score": 0.01798620996209156
  }
}