{
  "id": "JVASP-77650",
  "atomic_numbers": [
    47,
    47,
    9,
    9,
    9,
    9
  ],
  "frac_coords": [
    [
      0.5,
      0.5,
      0.5
    ],
    [
      0.0,
      0.0,
      0.5
    ],
    [
      0.11096416413784027,
      0.6914412379264832,
      0.5427943468093872
    ],
    [
      0.6109641790390015,
      0.8085587620735168,
      0.4572056233882904
    ],
    [
      0.38903582096099854,
      0.19144126772880554,
      0.5427943468093872
    ],
    [
      0.8890358209609985,
      0.30855873227119446,
      0.4572056233882904
    ]
  ],
  "lattice": [
    [
      3.87994647026062,
      0.0,
      0.0
    ],
    [
      0.0,
      5.972362041473389,
      0.0
    ],
    [
      0.0,
      0.0,
      21.478355407714844
    ]
  ],
  "properties": {
    "deltaG_H": 0.012031980554262798,
    "thermo_stability": 0.033765443166096976,
    "synth_score": 0.5168763084817232
  }
}