{
  "id": "JVASP-6502",
  "atomic_numbers": [
    14,
    14,
    14,
    14,
    53,
    53,
    53,
    53,
    53,
    53,
    53,
    53,
    53,
    53,
    53,
    53
  ],
  "frac_coords": [
    [
      0.44923415780067444,
      0.6456053853034973,
      0.14263400435447693
    ],
    [
      0.05076584219932556,
      0.14560537040233612,
      0.14263400435447693
    ],
    [
      0.7406780123710632,
      0.6043570637702942,
      0.14263400435447693
    ],
    [
      0.7593219876289368,
      0.10435705631971359,
      0.14263400435447693
    ],
    [
      0.79608553647995,
      0.507918119430542,
      0.05526435002684593
    ],
    [
      0.70391446352005,
      0.007918134331703186,
      0.05526435002684593
    ],
    [
      0.10986313968896866,
      0.24241504073143005,
      0.0555194690823555
    ],
    [
      0.39013686776161194,
      0.7424150705337524,
      0.0555194690823555
    ],
    [
      0.9070469737052917,
      0.7562903761863708,
      0.14263400435447693
    ],
    [
      0.5929530262947083,
      0.25629037618637085,
      0.14263400435447693
    ],
    [
      0.28187745809555054,
      0.4932038486003876,
      0.14263400435447693
    ],
    [
      0.21812255680561066,
      -0.0067961509339511395,
      0.14263400435447693
    ],
    [
      0.10986313968896866,
      0.24241504073143005,
      0.22974953055381775
    ],
    [
      0.39013686776161194,
      0.7424150705337524,
      0.22974953055381775
    ],
    [
      0.70391446352005,
      0.007918134331703186,
      0.23000365495681763
    ],
    [
      0.79608553647995,
      0.507918119430542,
      0.23000365495681763
    ]
  ],
  "lattice": [
    [
      7.878087043762207,
      0.0,
      0.0
    ],
    [
      0.0,
      13.648945808410645,
      0.0
    ],
    [
      0.0,
      0.0,
      23.284854888916016
    ]
  ],
  "properties": {
    "deltaG_H": 0.021285959482192994,
    "thermo_stability": -1.361966994404793,
    "synth_score": 0.06157575149394511
  }
}