{
  "id": "JVASP-7027",
  "atomic_numbers": [
    15,
    15,
    15,
    15,
    16,
    16,
    16,
    16,
    16
  ],
  "frac_coords": [
    [
      0.5801109671592712,
      0.13360409438610077,
      0.07468956708908081
    ],
    [
      0.7219818234443665,
      0.663225531578064,
      0.12132400274276733
    ],
    [
      0.12308110296726227,
      0.2308456003665924,
      0.12132400274276733
    ],
    [
      0.5801109671592712,
      0.13360409438610077,
      0.16795842349529266
    ],
    [
      0.2286667823791504,
      0.08024176210165024,
      0.05758291110396385
    ],
    [
      0.7840372323989868,
      0.48093289136886597,
      0.05758972838521004
    ],
    [
      0.3549700975418091,
      0.5839213728904724,
      0.12132400274276733
    ],
    [
      0.7840372323989868,
      0.48093289136886597,
      0.18505726754665375
    ],
    [
      0.2286667823791504,
      0.08024176210165024,
      0.18506409227848053
    ]
  ],
  "lattice": [
    [
      5.679360866546631,
      -2.7382991313934326,
      0.0
    ],
    [
      0.11052054911851883,
      6.53916597366333,
      0.0
    ],
    [
      0.0,
      0.0,
      25.257144927978516
    ]
  ],
  "properties": {
    "deltaG_H": 0.006010306828551823,
    "thermo_stability": -0.360242629547914,
    "synth_score": 0.3272861345226332
  }
}