{
  "id": "JVASP-6544",
  "atomic_numbers": [
    14,
    14,
    1,
    1,
    1,
    1,
    1,
    1,
    1,
    1
  ],
  "frac_coords": [
    [
      0.8225687742233276,
      0.10080241411924362,
      0.07256590574979782
    ],
    [
      0.32256877422332764,
      0.3991975784301758,
      0.07256590574979782
    ],
    [
      0.7168225049972534,
      0.009708104655146599,
      0.024363255128264427
    ],
    [
      0.2168225198984146,
      0.49029189348220825,
      0.024363255128264427
    ],
    [
      0.9936007857322693,
      0.9625993371009827,
      0.07291935384273529
    ],
    [
      0.4936008155345917,
      0.5374006628990173,
      0.07291935384273529
    ],
    [
      0.8435261249542236,
      0.42193496227264404,
      0.07240939140319824
    ],
    [
      0.34352612495422363,
      0.07806504517793655,
      0.07240939140319824
    ],
    [
      0.237845778465271,
      0.48866620659828186,
      0.12056509405374527
    ],
    [
      0.737845778465271,
      0.01133379153907299,
      0.12056509405374527
    ]
  ],
  "lattice": [
    [
      7.898422718048096,
      0.0,
      0.0
    ],
    [
      0.0,
      4.621330261230469,
      0.0
    ],
    [
      -1.857129454612732,
      0.0,
      25.39754295349121
    ]
  ],
  "properties": {
    "deltaG_H": -0.0020580351352691654,
    "thermo_stability": -0.17566784669955582,
    "synth_score": 0.41305855643035483
  }
}