{
  "id": "JVASP-60454",
  "atomic_numbers": [
    42,
    42,
    17,
    17,
    17,
    17,
    17,
    17
  ],
  "frac_coords": [
    [
      0.6998251676559448,
      0.3001748323440552,
      0.07089000195264816
    ],
    [
      0.9666259288787842,
      0.03337407484650612,
      0.07089000195264816
    ],
    [
      0.673883855342865,
      0.6681537628173828,
      0.01395205408334732
    ],
    [
      0.9925669431686401,
      0.6653951406478882,
      0.12782777845859528
    ],
    [
      0.3318462371826172,
      0.326116144657135,
      0.1278279423713684
    ],
    [
      0.0015100716846063733,
      0.3350590765476227,
      0.9970083236694336
    ],
    [
      0.3346048891544342,
      0.007433040998876095,
      0.013951219618320465
    ],
    [
      0.6649408936500549,
      -0.0015100716846063733,
      0.14477165043354034
    ]
  ],
  "lattice": [
    [
      4.82965612411499,
      3.060398817062378,
      0.009530999697744846
    ],
    [
      -4.82965612411499,
      3.060398817062378,
      0.009530999697744846
    ],
    [
      0.0,
      0.0,
      23.30415916442871
    ]
  ],
  "properties": {
    "deltaG_H": 0.0017322623729705824,
    "thermo_stability": -2.0,
    "synth_score": 0.01798620996209156
  }
}