{
  "id": "JVASP-75083",
  "atomic_numbers": [
    23,
    23,
    15,
    15,
    8,
    8,
    8,
    8,
    8,
    8,
    8,
    8,
    8,
    8
  ],
  "frac_coords": [
    [
      0.5,
      0.0,
      0.5220448970794678
    ],
    [
      0.0,
      0.5,
      0.4779551029205322
    ],
    [
      0.0,
      0.0,
      0.5
    ],
    [
      0.5,
      0.5,
      0.5
    ],
    [
      0.2990451753139496,
      0.4992899000644684,
      0.45884931087493896
    ],
    [
      0.999289870262146,
      0.20095482468605042,
      0.45884931087493896
    ],
    [
      0.0,
      0.5,
      0.549500584602356
    ],
    [
      0.5,
      0.0,
      0.45049941539764404
    ],
    [
      0.0007101078517735004,
      0.799045205116272,
      0.45884931087493896
    ],
    [
      0.700954794883728,
      0.500710129737854,
      0.45884931087493896
    ],
    [
      0.799045205116272,
      0.999289870262146,
      0.541150689125061
    ],
    [
      0.4992899000644684,
      0.700954794883728,
      0.541150689125061
    ],
    [
      0.500710129737854,
      0.2990451753139496,
      0.541150689125061
    ],
    [
      0.20095482468605042,
      0.0007101078517735004,
      0.541150689125061
    ]
  ],
  "lattice": [
    [
      6.214315891265869,
      9.218992791382163e-10,
      0.0
    ],
    [
      -9.218992791382163e-10,
      6.214315891265869,
      0.0
    ],
    [
      0.0,
      0.0,
      22.19119644165039
    ]
  ],
  "properties": {
    "deltaG_H": -0.007181544372013639,
    "thermo_stability": -0.3621366565426194,
    "synth_score": 0.32645266526972694
  }
}