{
  "id": "JVASP-6232",
  "atomic_numbers": [
    48,
    17,
    17
  ],
  "frac_coords": [
    [
      0.6666669845581055,
      0.33333298563957214,
      0.23437300324440002
    ],
    [
      0.0,
      0.0,
      0.1801394522190094
    ],
    [
      0.33333298563957214,
      0.6666669845581055,
      0.28860753774642944
    ]
  ],
  "lattice": [
    [
      3.856951951980591,
      0.0,
      0.0
    ],
    [
      -1.9284759759902954,
      3.3402183055877686,
      0.0
    ],
    [
      0.0,
      0.0,
      26.946828842163086
    ]
  ],
  "properties": {
    "deltaG_H": 0.02276807407538096,
    "thermo_stability": -0.24854284226894396,
    "synth_score": 0.37822578777413157
  }
}