{
  "id": "JVASP-661",
  "atomic_numbers": [
    52,
    52,
    52,
    52,
    74,
    74
  ],
  "frac_coords": [
    [
      0.0,
      0.20622356235980988,
      0.17905108630657196
    ],
    [
      0.5,
      0.6985329985618591,
      0.16177994012832642
    ],
    [
      0.0,
      0.8604645729064941,
      0.2803264558315277
    ],
    [
      0.5,
      0.3527732193470001,
      0.2630607485771179
    ],
    [
      0.5,
      0.9571496248245239,
      0.2239561229944229
    ],
    [
      0.0,
      0.6018430590629578,
      0.21815966069698334
    ]
  ],
  "lattice": [
    [
      3.5101194381713867,
      0.0,
      0.0
    ],
    [
      0.0,
      6.315523147583008,
      0.0
    ],
    [
      0.0,
      0.0,
      35.43185043334961
    ]
  ],
  "properties": {
    "deltaG_H": 0.013856950799624127,
    "thermo_stability": -0.3385276516278586,
    "synth_score": 0.3369188449649055
  }
}