{
  "id": "JVASP-77671",
  "atomic_numbers": [
    22,
    8,
    8
  ],
  "frac_coords": [
    [
      0.0,
      0.0,
      0.5
    ],
    [
      0.6666669845581055,
      0.6666669845581055,
      0.5440481901168823
    ],
    [
      0.33333298563957214,
      0.33333298563957214,
      0.45595183968544006
    ]
  ],
  "lattice": [
    [
      2.9922285079956055,
      -2.310999969949018e-13,
      0.0
    ],
    [
      1.4961137771606445,
      2.591346263885498,
      0.0
    ],
    [
      0.0,
      0.0,
      21.935270309448242
    ]
  ],
  "properties": {
    "deltaG_H": -0.0005072357257207237,
    "thermo_stability": 0.09098607599735253,
    "synth_score": 0.5453679147904853
  }
}