{
  "id": "JVASP-27889",
  "atomic_numbers": [
    47,
    17,
    8,
    8,
    8,
    8
  ],
  "frac_coords": [
    [
      0.0,
      0.0,
      0.5
    ],
    [
      0.5,
      0.5,
      0.5
    ],
    [
      0.3256804645061493,
      0.6743195652961731,
      0.4602714776992798
    ],
    [
      0.3256804645061493,
      0.3256804645061493,
      0.5397285223007202
    ],
    [
      0.6743195652961731,
      0.3256804645061493,
      0.4602714776992798
    ],
    [
      0.6743195652961731,
      0.6743195652961731,
      0.5397285223007202
    ]
  ],
  "lattice": [
    [
      4.782404899597168,
      0.0,
      0.0
    ],
    [
      0.0,
      4.782404899597168,
      0.0
    ],
    [
      0.0,
      0.0,
      21.726015090942383
    ]
  ],
  "properties": {
    "deltaG_H": -0.006532427469889321,
    "thermo_stability": 0.29575755745172483,
    "synth_score": 0.6437127078455283
  }
}