{
  "id": "JVASP-9011",
  "atomic_numbers": [
    3,
    3,
    58,
    33,
    33
  ],
  "frac_coords": [
    [
      0.5957639813423157,
      0.5908309817314148,
      0.220417320728302
    ],
    [
      0.9290980100631714,
      0.25749701261520386,
      0.034647684544324875
    ],
    [
      0.26243099570274353,
      0.9241639971733093,
      0.12753300368785858
    ],
    [
      0.9290980100631714,
      0.25749701261520386,
      0.18794162571430206
    ],
    [
      0.5957639813423157,
      0.5908309817314148,
      0.06712337583303452
    ]
  ],
  "lattice": [
    [
      4.217746257781982,
      -8.446643384729668e-09,
      0.0
    ],
    [
      -2.108872652053833,
      3.652674913406372,
      0.0
    ],
    [
      0.0,
      0.0,
      26.84799575805664
    ]
  ],
  "properties": {
    "deltaG_H": 0.01381482528448105,
    "thermo_stability": -1.4183836350838348,
    "synth_score": 0.055369378390800215
  }
}