{
  "id": "JVASP-6448",
  "atomic_numbers": [
    16,
    16,
    16,
    16,
    16,
    7,
    7,
    7,
    7,
    7,
    7
  ],
  "frac_coords": [
    [
      0.339948832988739,
      0.7771305441856384,
      0.008672941476106644
    ],
    [
      0.365864634513855,
      0.37541890144348145,
      0.04857950285077095
    ],
    [
      -0.02549632079899311,
      0.027240321040153503,
      0.0764629989862442
    ],
    [
      0.6263241171836853,
      0.6358783841133118,
      0.10434549301862717
    ],
    [
      0.22461247444152832,
      0.6617941856384277,
      0.14425206184387207
    ],
    [
      0.30923038721084595,
      0.5158512592315674,
      -6.952213152544573e-05
    ],
    [
      0.08794524520635605,
      0.9510714411735535,
      0.025808773934841156
    ],
    [
      0.5471929907798767,
      0.7991886138916016,
      0.05926958844065666
    ],
    [
      0.20255540311336517,
      0.4545510411262512,
      0.09365541487932205
    ],
    [
      0.05067254230380058,
      0.9137977361679077,
      0.12711621820926666
    ],
    [
      0.48589175939559937,
      0.6925126314163208,
      0.1529945284128189
    ]
  ],
  "lattice": [
    [
      5.79447603225708,
      1.5037661790847778,
      -1.3005720376968384
    ],
    [
      -0.15533261001110077,
      5.984407901763916,
      -1.3005720376968384
    ],
    [
      0.028325844556093216,
      0.03761337324976921,
      25.917938232421875
    ]
  ],
  "properties": {
    "deltaG_H": -0.006106340738860044,
    "thermo_stability": -0.824828465282917,
    "synth_score": 0.16115532178132377
  }
}