{
  "id": "JVASP-6880",
  "atomic_numbers": [
    24,
    51,
    51
  ],
  "frac_coords": [
    [
      0.0,
      0.0,
      0.23769700527191162
    ],
    [
      0.6666669845581055,
      0.33333298563957214,
      0.1596587598323822
    ],
    [
      0.33333298563957214,
      0.6666669845581055,
      0.31573525071144104
    ]
  ],
  "lattice": [
    [
      3.261587619781494,
      9.645172838190774e-08,
      0.0
    ],
    [
      -1.6307941675186157,
      2.824617624282837,
      0.0
    ],
    [
      0.0,
      0.0,
      24.780500411987305
    ]
  ],
  "properties": {
    "deltaG_H": 0.01386240649223328,
    "thermo_stability": -1.0420162647962572,
    "synth_score": 0.11065848910532657
  }
}