{
  "id": "JVASP-6727",
  "atomic_numbers": [
    83,
    83,
    34,
    34,
    53,
    53
  ],
  "frac_coords": [
    [
      0.75,
      0.36219653487205505,
      0.21233119070529938
    ],
    [
      0.25,
      0.6378034949302673,
      0.14861780405044556
    ],
    [
      0.75,
      0.46581193804740906,
      0.11395957320928574
    ],
    [
      0.25,
      0.5341880917549133,
      0.2469894289970398
    ],
    [
      0.25,
      0.16466405987739563,
      0.1774064004421234
    ],
    [
      0.75,
      0.835335910320282,
      0.18354260921478271
    ]
  ],
  "lattice": [
    [
      4.320312023162842,
      0.0,
      0.0
    ],
    [
      0.0,
      10.727041244506836,
      0.0
    ],
    [
      0.0,
      0.0,
      25.037105560302734
    ]
  ],
  "properties": {
    "deltaG_H": 0.022048566381136576,
    "thermo_stability": -0.4506788323322932,
    "synth_score": 0.28877157679448695
  }
}