{
  "id": "JVASP-28176",
  "atomic_numbers": [
    57,
    83,
    83,
    8,
    8,
    8,
    8
  ],
  "frac_coords": [
    [
      0.6666669845581055,
      0.33333298563957214,
      0.4999989867210388
    ],
    [
      0.33333298563957214,
      0.6666669845581055,
      0.6178969740867615
    ],
    [
      0.0,
      0.0,
      0.3821030259132385
    ],
    [
      0.33333298563957214,
      0.6666669845581055,
      0.5356582999229431
    ],
    [
      0.6666669845581055,
      0.33333298563957214,
      0.6013299226760864
    ],
    [
      0.6666669845581055,
      0.33333298563957214,
      0.3986700773239136
    ],
    [
      0.0,
      0.0,
      0.4643417000770569
    ]
  ],
  "lattice": [
    [
      4.010777950286865,
      -2.8626494508188216e-09,
      0.0
    ],
    [
      -2.0053882598876953,
      3.4734346866607666,
      0.0
    ],
    [
      0.0,
      0.0,
      26.164505004882812
    ]
  ],
  "properties": {
    "deltaG_H": 0.0024616604532514304,
    "thermo_stability": -2.0,
    "synth_score": 0.01798620996209156
  }
}