{
  "id": "JVASP-6952",
  "atomic_numbers": [
    3,
    50,
    50,
    16,
    16
  ],
  "frac_coords": [
    [
      0.44235700368881226,
      0.9840819835662842,
      0.847652018070221
    ],
    [
      0.44235700368881226,
      0.9840819835662842,
      0.7309817671775818
    ],
    [
      0.44235700368881226,
      0.9840819835662842,
      0.9643222689628601
    ],
    [
      0.10902400314807892,
      0.3174149990081787,
      0.7924758195877075
    ],
    [
      0.7756900191307068,
      0.6507490277290344,
      0.9028291702270508
    ]
  ],
  "lattice": [
    [
      3.6266136169433594,
      0.0,
      0.0
    ],
    [
      -1.8133068084716797,
      3.1407394409179688,
      0.0
    ],
    [
      0.0,
      0.0,
      28.033283233642578
    ]
  ],
  "properties": {
    "deltaG_H": 0.01539698886871338,
    "thermo_stability": -2.0,
    "synth_score": 0.01798620996209156
  }
}