{
  "id": "JVASP-13634",
  "atomic_numbers": [
    28,
    28,
    34,
    34
  ],
  "frac_coords": [
    [
      0.7429640293121338,
      0.7429640293121338,
      0.09549999982118607
    ],
    [
      0.2429639995098114,
      0.2429639995098114,
      0.09549999982118607
    ],
    [
      0.7429640293121338,
      0.2429639995098114,
      0.14211855828762054
    ],
    [
      0.2429639995098114,
      0.7429640293121338,
      0.04888143762946129
    ]
  ],
  "lattice": [
    [
      3.8711328506469727,
      0.0,
      0.0
    ],
    [
      0.0,
      3.8711328506469727,
      0.0
    ],
    [
      0.0,
      0.0,
      28.430158615112305
    ]
  ],
  "properties": {
    "deltaG_H": 0.005052338540554047,
    "thermo_stability": 0.12104797661304456,
    "synth_score": 0.5602300991651764
  }
}