{
  "id": "JVASP-14421",
  "atomic_numbers": [
    40,
    40,
    35,
    35,
    7,
    7
  ],
  "frac_coords": [
    [
      0.7371309995651245,
      0.07916799932718277,
      0.19257758557796478
    ],
    [
      0.2371309995651245,
      0.5791680216789246,
      0.12894541025161743
    ],
    [
      0.2371309995651245,
      0.07916799932718277,
      0.2672633230686188
    ],
    [
      0.7371309995651245,
      0.5791680216789246,
      0.05425968021154404
    ],
    [
      0.7371309995651245,
      0.5791680216789246,
      0.1709105223417282
    ],
    [
      0.2371309995651245,
      0.07916799932718277,
      0.150612473487854
    ]
  ],
  "lattice": [
    [
      3.625047206878662,
      0.0,
      0.0
    ],
    [
      0.0,
      4.128046035766602,
      0.0
    ],
    [
      0.0,
      0.0,
      28.00387954711914
    ]
  ],
  "properties": {
    "deltaG_H": 0.006100466092427572,
    "thermo_stability": -1.875060590108236,
    "synth_score": 0.02297464964286614
  }
}