{
  "id": "JVASP-13535",
  "atomic_numbers": [
    27,
    52,
    8,
    8,
    8,
    8
  ],
  "frac_coords": [
    [
      2.7755575615628914e-17,
      0.5,
      0.10305800288915634
    ],
    [
      0.5,
      0.0,
      0.10305800288915634
    ],
    [
      0.24631772935390472,
      0.0,
      0.14132964611053467
    ],
    [
      0.7225490808486938,
      0.5,
      0.14896708726882935
    ],
    [
      0.7536822557449341,
      0.0,
      0.0647873505949974
    ],
    [
      0.27745091915130615,
      0.5,
      0.05714991316199303
    ]
  ],
  "lattice": [
    [
      5.421156883239746,
      0.0,
      0.0
    ],
    [
      0.0,
      3.0936825275421143,
      0.0
    ],
    [
      -8.956925392150879,
      0.0,
      23.51311683654785
    ]
  ],
  "properties": {
    "deltaG_H": 0.00028569479783375974,
    "thermo_stability": 0.0937980492909749,
    "synth_score": 0.5467619666001068
  }
}