{
  "id": "JVASP-75124",
  "atomic_numbers": [
    38,
    38,
    1,
    1,
    1,
    1,
    1,
    1,
    1,
    1,
    8,
    8,
    8,
    8,
    8,
    8
  ],
  "frac_coords": [
    [
      0.5,
      0.7294853925704956,
      0.4739806354045868
    ],
    [
      0.5,
      0.22948536276817322,
      0.5260193943977356
    ],
    [
      0.0,
      0.5708796977996826,
      0.5552185773849487
    ],
    [
      0.0,
      0.07087967544794083,
      0.44478142261505127
    ],
    [
      0.0,
      0.6574718356132507,
      0.37143194675445557
    ],
    [
      0.0,
      0.15747183561325073,
      0.6285680532455444
    ],
    [
      0.7165509462356567,
      0.920800507068634,
      0.5848534107208252
    ],
    [
      0.2834490239620209,
      0.4208005368709564,
      0.4151466190814972
    ],
    [
      0.7165509462356567,
      0.4208005368709564,
      0.4151466190814972
    ],
    [
      0.2834490239620209,
      0.920800507068634,
      0.5848534107208252
    ],
    [
      0.5,
      0.8404718637466431,
      0.5716060400009155
    ],
    [
      0.0,
      0.011234722100198269,
      0.4792931079864502
    ],
    [
      0.0,
      0.6176545023918152,
      0.40763524174690247
    ],
    [
      0.0,
      0.11765450984239578,
      0.5923647284507751
    ],
    [
      0.5,
      0.3404718339443207,
      0.4283939599990845
    ],
    [
      0.0,
      0.511234700679779,
      0.520707905292511
    ]
  ],
  "lattice": [
    [
      3.5966575145721436,
      0.0,
      0.0
    ],
    [
      0.0,
      6.785126686096191,
      0.0
    ],
    [
      0.0,
      0.0,
      25.815292358398438
    ]
  ],
  "properties": {
    "deltaG_H": -0.017560445070266724,
    "thermo_stability": -2.0,
    "synth_score": 0.01798620996209156
  }
}