{
  "id": "JVASP-75047",
  "atomic_numbers": [
    6,
    6,
    6,
    7
  ],
  "frac_coords": [
    [
      2.8174991228979707e-09,
      0.4999999701976776,
      0.4999941289424896
    ],
    [
      3.1129328004197987e-09,
      0.2237805426120758,
      0.500003457069397
    ],
    [
      4.116389007435828e-09,
      0.7762194871902466,
      0.500003457069397
    ],
    [
      0.5,
      5.809507097609412e-09,
      0.5
    ]
  ],
  "lattice": [
    [
      2.3479862213134766,
      -3.7620573323238204e-09,
      0.0
    ],
    [
      -7.174774108165138e-09,
      4.737218379974365,
      0.0
    ],
    [
      0.0,
      0.0,
      20.00067710876465
    ]
  ],
  "properties": {
    "deltaG_H": -0.004579951882362366,
    "thermo_stability": 0.3672367662191389,
    "synth_score": 0.6757861897728877
  }
}