{
  "id": "JVASP-60390",
  "atomic_numbers": [
    41,
    41,
    34,
    34,
    34,
    34,
    35,
    35,
    35,
    35
  ],
  "frac_coords": [
    [
      0.1263049840927124,
      0.7525990605354309,
      0.09011121094226837
    ],
    [
      0.8736950159072876,
      0.2474009245634079,
      0.09011778980493546
    ],
    [
      0.6974296569824219,
      0.51603764295578,
      0.12705422937870026
    ],
    [
      0.3025703728199005,
      0.4839623272418976,
      0.053175777196884155
    ],
    [
      0.9751828908920288,
      0.5392271876335144,
      0.1805068552494049
    ],
    [
      0.02481711097061634,
      0.4607728123664856,
      -0.0002778556081466377
    ],
    [
      0.5110149383544922,
      0.9427926540374756,
      0.15345656871795654
    ],
    [
      0.4889850616455078,
      0.05720735713839531,
      0.026772424578666687
    ],
    [
      0.9042681455612183,
      0.8878254294395447,
      0.026772238314151764
    ],
    [
      0.09573188424110413,
      0.11217458546161652,
      0.15345676243305206
    ]
  ],
  "lattice": [
    [
      -6.66245174407959,
      0.0328257791697979,
      -0.660851001739502
    ],
    [
      3.299574851989746,
      5.838778495788574,
      0.9402490258216858
    ],
    [
      0.0,
      0.0,
      -24.64501190185547
    ]
  ],
  "properties": {
    "deltaG_H": 0.011668971717357635,
    "thermo_stability": -1.6931341012318928,
    "synth_score": 0.03272738444160141
  }
}