{
  "id": "JVASP-14432",
  "atomic_numbers": [
    13,
    13,
    1,
    1,
    8,
    8,
    8,
    8
  ],
  "frac_coords": [
    [
      0.6978655457496643,
      0.75,
      0.0879422053694725
    ],
    [
      0.30212873220443726,
      0.25,
      0.1525723785161972
    ],
    [
      0.06233386695384979,
      0.75,
      0.00382369221188128
    ],
    [
      0.9376847743988037,
      0.25,
      0.23669159412384033
    ],
    [
      0.12230022996664047,
      0.75,
      0.04108261317014694
    ],
    [
      0.7218372821807861,
      0.25,
      0.10279101133346558
    ],
    [
      0.27815181016921997,
      0.75,
      0.13772515952587128
    ],
    [
      0.877697765827179,
      0.25,
      0.1994323432445526
    ]
  ],
  "lattice": [
    [
      2.881000518798828,
      0.0,
      -0.5251259803771973
    ],
    [
      0.0,
      3.7024991512298584,
      0.0
    ],
    [
      0.0,
      0.0,
      26.333641052246094
    ]
  ],
  "properties": {
    "deltaG_H": -0.017852165699005128,
    "thermo_stability": -2.0,
    "synth_score": 0.01798620996209156
  }
}