{
  "id": "JVASP-19565",
  "atomic_numbers": [
    20,
    20,
    20,
    20,
    14,
    14,
    35,
    35
  ],
  "frac_coords": [
    [
      0.0,
      0.0,
      0.41095757484436035
    ],
    [
      0.5,
      0.5,
      0.033028919249773026
    ],
    [
      0.5,
      0.5,
      0.29701998829841614
    ],
    [
      0.0,
      0.0,
      0.14711524546146393
    ],
    [
      0.0,
      0.0,
      0.045727092772722244
    ],
    [
      0.5,
      0.5,
      0.3983975648880005
    ],
    [
      0.5,
      0.5,
      0.1779792755842209
    ],
    [
      0.0,
      0.0,
      0.26612937450408936
    ]
  ],
  "lattice": [
    [
      4.135494709014893,
      0.0,
      0.0
    ],
    [
      0.0,
      4.135494709014893,
      0.0
    ],
    [
      0.0,
      0.0,
      27.39929962158203
    ]
  ],
  "properties": {
    "deltaG_H": 0.020494920611381532,
    "thermo_stability": -2.0,
    "synth_score": 0.01798620996209156
  }
}