{
  "id": "JVASP-75167",
  "atomic_numbers": [
    47,
    47,
    17,
    17,
    8,
    8,
    8,
    8
  ],
  "frac_coords": [
    [
      0.2500711977481842,
      0.2500711977481842,
      0.47318410873413086
    ],
    [
      0.7499287724494934,
      0.7499287724494934,
      0.5268158912658691
    ],
    [
      0.7502409219741821,
      0.7502409219741821,
      0.4010757803916931
    ],
    [
      0.24975909292697906,
      0.24975909292697906,
      0.5989242196083069
    ],
    [
      0.9331598281860352,
      0.9331598281860352,
      0.44240549206733704
    ],
    [
      0.06684020161628723,
      0.06684020161628723,
      0.5575945377349854
    ],
    [
      0.432889848947525,
      0.432889848947525,
      0.557604193687439
    ],
    [
      0.5671101808547974,
      0.5671101808547974,
      0.44239580631256104
    ]
  ],
  "lattice": [
    [
      4.473701000213623,
      0.2800687849521637,
      0.001069999998435378
    ],
    [
      0.3086872100830078,
      4.4718170166015625,
      0.001069999998435378
    ],
    [
      0.005464669782668352,
      0.0054301489144563675,
      24.650737762451172
    ]
  ],
  "properties": {
    "deltaG_H": -0.00570568561553955,
    "thermo_stability": -1.7905143072207772,
    "synth_score": 0.027092591190177522
  }
}