{
  "id": "JVASP-76468",
  "atomic_numbers": [
    93,
    93,
    53,
    53,
    8,
    8
  ],
  "frac_coords": [
    [
      0.5,
      0.0,
      0.07119916379451752
    ],
    [
      0.0,
      0.5,
      0.16194184124469757
    ],
    [
      0.5,
      0.0,
      0.2331889569759369
    ],
    [
      0.0,
      0.5,
      0.9999520182609558
    ],
    [
      0.5,
      0.5,
      0.11657100170850754
    ],
    [
      0.0,
      0.0,
      0.11657100170850754
    ]
  ],
  "lattice": [
    [
      3.981041431427002,
      -0.0,
      0.0
    ],
    [
      -0.0,
      3.981041431427002,
      0.0
    ],
    [
      0.0,
      0.0,
      26.08041763305664
    ]
  ],
  "properties": {
    "deltaG_H": -0.005594899257024129,
    "thermo_stability": -2.0,
    "synth_score": 0.01798620996209156
  }
}