{
  "id": "JVASP-20040",
  "atomic_numbers": [
    36,
    9,
    9
  ],
  "frac_coords": [
    [
      0.5,
      0.5,
      0.0898829996585846
    ],
    [
      0.5,
      0.21526797115802765,
      0.0898829996585846
    ],
    [
      0.5,
      0.7847320437431335,
      0.0898829996585846
    ]
  ],
  "lattice": [
    [
      4.2793169021606445,
      0.0,
      0.0
    ],
    [
      0.0,
      6.805669784545898,
      0.0
    ],
    [
      0.0,
      0.0,
      24.38330078125
    ]
  ],
  "properties": {
    "deltaG_H": 0.015422512690226237,
    "thermo_stability": 0.9702411264181137,
    "synth_score": 0.8744051144451876
  }
}