{
  "id": "JVASP-6784",
  "atomic_numbers": [
    15,
    15,
    15,
    15,
    15,
    15,
    15,
    15,
    34,
    34,
    34,
    34,
    34,
    34,
    34,
    34
  ],
  "frac_coords": [
    [
      0.5377488136291504,
      0.3102750778198242,
      0.214381143450737
    ],
    [
      0.6328631639480591,
      0.12906606495380402,
      0.2770247459411621
    ],
    [
      0.6181992292404175,
      0.6890655159950256,
      0.2996787130832672
    ],
    [
      0.43301013112068176,
      0.5181255340576172,
      0.3179490566253662
    ],
    [
      0.18212786316871643,
      0.018125558272004128,
      0.33257994055747986
    ],
    [
      0.9969387650489807,
      0.18906553089618683,
      0.35085129737854004
    ],
    [
      0.9822738170623779,
      0.6290660500526428,
      0.37350425124168396
    ],
    [
      0.07738818973302841,
      0.8102750778198242,
      0.43614885210990906
    ],
    [
      0.7104673385620117,
      0.5349056720733643,
      0.2361118197441101
    ],
    [
      0.459043025970459,
      0.9018530249595642,
      0.25770696997642517
    ],
    [
      0.32636111974716187,
      0.42091104388237,
      0.23957514762878418
    ],
    [
      0.573245108127594,
      0.27319803833961487,
      0.34864383935928345
    ],
    [
      0.04189189523458481,
      0.7731980681419373,
      0.3018851578235626
    ],
    [
      0.28877586126327515,
      0.9209110736846924,
      0.41095486283302307
    ],
    [
      0.15609398484230042,
      0.4018530249595642,
      0.3928220272064209
    ],
    [
      0.9046706557273865,
      0.034905657172203064,
      0.41441717743873596
    ]
  ],
  "lattice": [
    [
      9.093585968017578,
      0.0,
      0.0
    ],
    [
      0.0,
      7.401831150054932,
      0.0
    ],
    [
      -4.1199564933776855,
      0.0,
      26.487089157104492
    ]
  ],
  "properties": {
    "deltaG_H": 0.0059285259842872615,
    "thermo_stability": -2.0,
    "synth_score": 0.01798620996209156
  }
}