{
  "id": "JVASP-31420",
  "atomic_numbers": [
    52,
    52,
    52,
    33,
    33
  ],
  "frac_coords": [
    [
      0.6666724681854248,
      0.3333275318145752,
      0.5511837601661682
    ],
    [
      8.408611620325246e-07,
      -8.408611620325246e-07,
      0.7821295261383057
    ],
    [
      0.33333948254585266,
      0.6666605472564697,
      0.6666644215583801
    ],
    [
      1.2025183423247654e-05,
      -1.2025183423247654e-05,
      0.6042646169662476
    ],
    [
      0.6666752099990845,
      0.3333247900009155,
      0.7290576696395874
    ]
  ],
  "lattice": [
    [
      4.074772357940674,
      6.625444075325504e-05,
      0.0
    ],
    [
      -2.0373289585113525,
      3.5288898944854736,
      0.0
    ],
    [
      0.0,
      0.0,
      30.30620002746582
    ]
  ],
  "properties": {
    "deltaG_H": 0.01817653374671936,
    "thermo_stability": -2.0,
    "synth_score": 0.01798620996209156
  }
}