{
  "id": "JVASP-76343",
  "atomic_numbers": [
    92,
    92,
    35,
    35,
    8,
    8,
    8,
    8
  ],
  "frac_coords": [
    [
      0.25,
      0.0,
      0.19425161182880402
    ],
    [
      0.75,
      0.0,
      0.07934238761663437
    ],
    [
      0.25,
      0.0,
      0.00016226900334004313
    ],
    [
      0.75,
      0.0,
      0.2734317183494568
    ],
    [
      0.75,
      0.5,
      0.07858490198850632
    ],
    [
      0.25,
      0.0,
      0.11027855426073074
    ],
    [
      0.75,
      0.0,
      0.16331644356250763
    ],
    [
      0.25,
      0.5,
      0.19500909745693207
    ]
  ],
  "lattice": [
    [
      4.001471996307373,
      0.0,
      0.0
    ],
    [
      -0.0,
      4.148637294769287,
      0.0
    ],
    [
      0.0,
      0.0,
      27.532821655273438
    ]
  ],
  "properties": {
    "deltaG_H": 0.0022730821371078503,
    "thermo_stability": -2.0,
    "synth_score": 0.01798620996209156
  }
}