{
  "id": "JVASP-8972",
  "atomic_numbers": [
    19,
    79,
    34,
    34
  ],
  "frac_coords": [
    [
      0.0,
      0.5,
      0.14164100587368011
    ],
    [
      0.0,
      0.0,
      0.14164100587368011
    ],
    [
      0.5,
      0.14054104685783386,
      0.09221622347831726
    ],
    [
      0.5,
      0.8594589829444885,
      0.19106677174568176
    ]
  ],
  "lattice": [
    [
      3.757422685623169,
      0.0,
      0.0
    ],
    [
      0.0,
      6.732223033905029,
      0.0
    ],
    [
      0.0,
      0.0,
      27.905000686645508
    ]
  ],
  "properties": {
    "deltaG_H": 0.012079857587814331,
    "thermo_stability": -0.21741106311480207,
    "synth_score": 0.39297544215134655
  }
}