{
  "id": "JVASP-77675",
  "atomic_numbers": [
    51,
    51,
    17,
    17,
    8,
    8
  ],
  "frac_coords": [
    [
      0.5,
      0.0,
      0.5492786169052124
    ],
    [
      0.0,
      0.5,
      0.4507213532924652
    ],
    [
      0.0,
      0.5,
      0.6042859554290771
    ],
    [
      0.5,
      0.0,
      0.39571407437324524
    ],
    [
      0.0,
      0.0,
      0.5
    ],
    [
      0.5,
      0.5,
      0.5
    ]
  ],
  "lattice": [
    [
      3.7727603912353516,
      0.0,
      0.0
    ],
    [
      0.0,
      3.7727603912353516,
      0.0
    ],
    [
      0.0,
      0.0,
      25.241912841796875
    ]
  ],
  "properties": {
    "deltaG_H": 0.011686750690142314,
    "thermo_stability": -1.8011980175971987,
    "synth_score": 0.026535031512258615
  }
}