{
  "id": "JVASP-60526",
  "atomic_numbers": [
    82,
    53,
    53
  ],
  "frac_coords": [
    [
      2.5506169549771585e-06,
      -2.403206508461153e-06,
      0.9203863739967346
    ],
    [
      0.3333348035812378,
      0.6666649580001831,
      0.8402300477027893
    ],
    [
      0.6666626334190369,
      0.3333374261856079,
      0.0006325881113298237
    ]
  ],
  "lattice": [
    [
      -4.5666704177856445,
      8.404705113207456e-06,
      0.0
    ],
    [
      2.283328056335449,
      3.9548590183258057,
      0.0
    ],
    [
      0.0,
      0.0,
      -23.785938262939453
    ]
  ],
  "properties": {
    "deltaG_H": 0.023345519701639814,
    "thermo_stability": -2.0,
    "synth_score": 0.01798620996209156
  }
}