{
  "id": "JVASP-8966",
  "atomic_numbers": [
    90,
    90,
    7,
    7,
    17,
    17
  ],
  "frac_coords": [
    [
      0.8601469993591309,
      0.36014699935913086,
      0.08598724752664566
    ],
    [
      0.36014699935913086,
      0.8601469993591309,
      0.1745227575302124
    ],
    [
      0.36014699935913086,
      0.36014699935913086,
      0.13025499880313873
    ],
    [
      0.8601469993591309,
      0.8601469993591309,
      0.13025499880313873
    ],
    [
      0.8601469993591309,
      0.36014699935913086,
      0.23264700174331665
    ],
    [
      0.36014699935913086,
      0.8601469993591309,
      0.0278640016913414
    ]
  ],
  "lattice": [
    [
      4.002824306488037,
      0.0,
      0.0
    ],
    [
      0.0,
      4.002824306488037,
      0.0
    ],
    [
      0.0,
      0.0,
      27.045673370361328
    ]
  ],
  "properties": {
    "deltaG_H": 0.009881264408429465,
    "thermo_stability": -1.738049876689911,
    "synth_score": 0.0299999690508691
  }
}