{
  "id": "JVASP-27777",
  "atomic_numbers": [
    40,
    40,
    7,
    7,
    17,
    17
  ],
  "frac_coords": [
    [
      0.6666669845581055,
      0.33333298563957214,
      0.12111804634332657
    ],
    [
      0.0,
      0.0,
      0.21221494674682617
    ],
    [
      0.0,
      0.0,
      0.13689804077148438
    ],
    [
      0.6666669845581055,
      0.33333298563957214,
      0.19643495976924896
    ],
    [
      0.33333298563957214,
      0.6666669845581055,
      0.05877220258116722
    ],
    [
      0.33333298563957214,
      0.6666669845581055,
      0.274560809135437
    ]
  ],
  "lattice": [
    [
      3.6229498386383057,
      -0.0,
      0.0
    ],
    [
      -1.8114749193191528,
      3.1375670433044434,
      0.0
    ],
    [
      0.0,
      0.0,
      28.99854850769043
    ]
  ],
  "properties": {
    "deltaG_H": 0.005841114362080892,
    "thermo_stability": -2.0,
    "synth_score": 0.01798620996209156
  }
}