{
  "id": "JVASP-6274",
  "atomic_numbers": [
    83,
    83,
    52,
    52,
    16
  ],
  "frac_coords": [
    [
      0.0,
      0.0,
      0.6116081476211548
    ],
    [
      0.6666669845581055,
      0.33333298563957214,
      0.7217248678207397
    ],
    [
      0.6666669845581055,
      0.33333298563957214,
      0.5552126169204712
    ],
    [
      0.0,
      0.0,
      0.7781203985214233
    ],
    [
      0.33333298563957214,
      0.6666669845581055,
      0.6666669845581055
    ]
  ],
  "lattice": [
    [
      4.277875900268555,
      0.0,
      0.0
    ],
    [
      -2.1389379501342773,
      3.70474910736084,
      0.0
    ],
    [
      0.0,
      0.0,
      31.93984031677246
    ]
  ],
  "properties": {
    "deltaG_H": 0.02198031978607178,
    "thermo_stability": -2.0,
    "synth_score": 0.01798620996209156
  }
}