{
  "id": "JVASP-6088",
  "atomic_numbers": [
    24,
    24,
    35,
    35,
    35,
    35,
    35,
    35
  ],
  "frac_coords": [
    [
      0.0,
      0.0,
      0.12422646582126617
    ],
    [
      0.6666669845581055,
      0.33333298563957214,
      0.12421353161334991
    ],
    [
      0.9806743264198303,
      0.3139869272708893,
      0.07190504670143127
    ],
    [
      0.3333115875720978,
      0.019325649365782738,
      0.07190504670143127
    ],
    [
      0.6860131025314331,
      0.6666884422302246,
      0.07190504670143127
    ],
    [
      0.685991644859314,
      0.01934707537293434,
      0.17653395235538483
    ],
    [
      0.3333544135093689,
      0.31400835514068604,
      0.17653395235538483
    ],
    [
      0.980652928352356,
      0.6666455864906311,
      0.17653395235538483
    ]
  ],
  "lattice": [
    [
      6.342736721038818,
      4.0756294339416854e-08,
      0.0
    ],
    [
      -3.1713688373565674,
      5.492971897125244,
      0.0
    ],
    [
      0.0,
      0.0,
      27.48523712158203
    ]
  ],
  "properties": {
    "deltaG_H": 0.021829650700092317,
    "thermo_stability": -0.27283270359039324,
    "synth_score": 0.36687065113051914
  }
}