{
  "id": "JVASP-6049",
  "atomic_numbers": [
    43,
    43,
    43,
    43,
    16,
    16,
    16,
    16,
    16,
    16,
    16,
    16
  ],
  "frac_coords": [
    [
      0.511081874370575,
      0.2858477234840393,
      0.13740713894367218
    ],
    [
      0.061538293957710266,
      0.6910503506660461,
      0.13487744331359863
    ],
    [
      0.9384617209434509,
      0.30894961953163147,
      0.13890355825424194
    ],
    [
      0.48891815543174744,
      0.7141522765159607,
      0.13637486100196838
    ],
    [
      0.323123961687088,
      0.17121344804763794,
      0.0896761491894722
    ],
    [
      0.858276903629303,
      0.15375472605228424,
      0.08345983177423477
    ],
    [
      0.36154890060424805,
      0.6715805530548096,
      0.06847886741161346
    ],
    [
      0.825550377368927,
      0.7012905478477478,
      0.07505811005830765
    ],
    [
      0.174449622631073,
      0.2987094521522522,
      0.1987238973379135
    ],
    [
      0.638451099395752,
      0.3284194767475128,
      0.2053021341562271
    ],
    [
      0.1417231261730194,
      0.846245288848877,
      0.1903211772441864
    ],
    [
      0.6768760085105896,
      0.8287865519523621,
      0.18410484492778778
    ]
  ],
  "lattice": [
    [
      6.246365547180176,
      0.0001403774949721992,
      1.3515479564666748
    ],
    [
      2.6530327796936035,
      5.342635154724121,
      2.5685460567474365
    ],
    [
      0.0,
      0.0,
      27.539926528930664
    ]
  ],
  "properties": {
    "deltaG_H": 0.00506930331389109,
    "thermo_stability": -0.6949513574441275,
    "synth_score": 0.19942328831673684
  }
}