{
  "id": "JVASP-19583",
  "atomic_numbers": [
    47,
    7,
    8,
    8
  ],
  "frac_coords": [
    [
      0.5,
      0.5431954264640808,
      0.12026999890804291
    ],
    [
      0.5,
      0.10780276358127594,
      0.12026999890804291
    ],
    [
      0.5,
      0.9745509028434753,
      0.1610225886106491
    ],
    [
      0.5,
      0.9745509028434753,
      0.0795174092054367
    ]
  ],
  "lattice": [
    [
      3.158280372619629,
      0.0,
      0.0
    ],
    [
      0.0,
      4.899237632751465,
      0.0
    ],
    [
      0.0,
      0.0,
      26.33449935913086
    ]
  ],
  "properties": {
    "deltaG_H": -0.013506836414337158,
    "thermo_stability": -0.025831070542335688,
    "synth_score": 0.4870873365677037
  }
}