{
  "id": "JVASP-27928",
  "atomic_numbers": [
    93,
    8,
    8,
    9,
    9
  ],
  "frac_coords": [
    [
      0.6666669845581055,
      0.33333298563957214,
      0.5
    ],
    [
      0.6666669845581055,
      0.33333298563957214,
      0.5753704309463501
    ],
    [
      0.6666669845581055,
      0.33333298563957214,
      0.4246295392513275
    ],
    [
      0.0,
      0.0,
      0.5000007748603821
    ],
    [
      0.33333298563957214,
      0.6666669845581055,
      0.5000002384185791
    ]
  ],
  "lattice": [
    [
      4.194418907165527,
      -4.197845626663366e-09,
      0.0
    ],
    [
      -2.0972089767456055,
      3.6324737071990967,
      0.0
    ],
    [
      0.0,
      0.0,
      23.54432487487793
    ]
  ],
  "properties": {
    "deltaG_H": 0.001476100325584412,
    "thermo_stability": -0.7901266386111578,
    "synth_score": 0.17075961478224505
  }
}