{
  "id": "JVASP-6514",
  "atomic_numbers": [
    41,
    41,
    53,
    53,
    53,
    53,
    53,
    53,
    53,
    53,
    53,
    53
  ],
  "frac_coords": [
    [
      0.54847651720047,
      0.2570420503616333,
      0.07703475654125214
    ],
    [
      0.95152348279953,
      0.7570420503616333,
      0.07703475654125214
    ],
    [
      0.7216731905937195,
      0.17774584889411926,
      0.0007789411465637386
    ],
    [
      0.7783268094062805,
      0.6777458190917969,
      0.0007789411465637386
    ],
    [
      0.7292282581329346,
      0.4264468550682068,
      0.06034879386425018
    ],
    [
      0.2628004252910614,
      0.11572028696537018,
      0.06213384121656418
    ],
    [
      0.7707717418670654,
      0.9264468550682068,
      0.06034879386425018
    ],
    [
      0.2371995598077774,
      0.615720272064209,
      0.06213384121656418
    ],
    [
      0.7803183794021606,
      0.19288994371891022,
      0.13662339746952057
    ],
    [
      0.2690563201904297,
      0.3685290217399597,
      0.12448827922344208
    ],
    [
      0.7196816205978394,
      0.692889928817749,
      0.13662339746952057
    ],
    [
      0.23094366490840912,
      0.8685290217399597,
      0.12448827922344208
    ]
  ],
  "lattice": [
    [
      6.614858150482178,
      0.0,
      0.0
    ],
    [
      0.0,
      13.727023124694824,
      0.06940700113773346
    ],
    [
      0.0,
      -3.3860249519348145,
      30.39818000793457
    ]
  ],
  "properties": {
    "deltaG_H": 0.02522594799598058,
    "thermo_stability": -0.6500118643045425,
    "synth_score": 0.21416102349847438
  }
}