{
  "id": "JVASP-27913",
  "atomic_numbers": [
    25,
    1,
    1,
    8,
    8
  ],
  "frac_coords": [
    [
      0.0,
      0.0,
      0.5
    ],
    [
      0.6666669845581055,
      0.33333298563957214,
      0.41509488224983215
    ],
    [
      0.33333298563957214,
      0.6666669845581055,
      0.5849050879478455
    ],
    [
      0.6666669845581055,
      0.33333298563957214,
      0.45545756816864014
    ],
    [
      0.33333298563957214,
      0.6666669845581055,
      0.5445424318313599
    ]
  ],
  "lattice": [
    [
      3.3079450130462646,
      0.0,
      0.0
    ],
    [
      -1.6539725065231323,
      2.864764928817749,
      0.0
    ],
    [
      0.0,
      0.0,
      24.123308181762695
    ]
  ],
  "properties": {
    "deltaG_H": -0.018922588229179384,
    "thermo_stability": -1.7395674444735052,
    "synth_score": 0.029911772575358833
  }
}