{
  "id": "JVASP-9050",
  "atomic_numbers": [
    19,
    19,
    41,
    16,
    16
  ],
  "frac_coords": [
    [
      -8.588707714807242e-06,
      8.588707714807242e-06,
      0.7147798538208008
    ],
    [
      -9.024862265505362e-06,
      9.024862265505362e-06,
      0.9490154385566711
    ],
    [
      -1.7167207261081785e-05,
      1.7167207261081785e-05,
      0.8319032788276672
    ],
    [
      0.3333178162574768,
      0.6666821837425232,
      0.7851452231407166
    ],
    [
      0.33331695199012756,
      0.66668301820755,
      0.878660261631012
    ]
  ],
  "lattice": [
    [
      3.551464080810547,
      1.9242427242716076e-06,
      0.0
    ],
    [
      -1.7757303714752197,
      3.0756590366363525,
      0.0
    ],
    [
      0.0,
      0.0,
      32.856201171875
    ]
  ],
  "properties": {
    "deltaG_H": 0.01155746340751648,
    "thermo_stability": -2.0,
    "synth_score": 0.01798620996209156
  }
}