{
  "id": "JVASP-77673",
  "atomic_numbers": [
    46,
    46,
    17,
    17,
    17,
    17
  ],
  "frac_coords": [
    [
      0.0,
      0.0,
      0.5
    ],
    [
      0.5,
      0.5,
      0.5
    ],
    [
      0.24830490350723267,
      0.25060567259788513,
      0.4394499659538269
    ],
    [
      0.7483049035072327,
      0.24939434230327606,
      0.5605500340461731
    ],
    [
      0.7516950964927673,
      0.7493943572044373,
      0.5605500340461731
    ],
    [
      0.25169509649276733,
      0.7506056427955627,
      0.4394499659538269
    ]
  ],
  "lattice": [
    [
      3.8779397010803223,
      0.0,
      0.0
    ],
    [
      0.0,
      6.471015453338623,
      0.0
    ],
    [
      0.0,
      0.0,
      22.605335235595703
    ]
  ],
  "properties": {
    "deltaG_H": 0.015851568380991617,
    "thermo_stability": -0.4822341521581015,
    "synth_score": 0.2759844584301147
  }
}