{
  "id": "JVASP-6526",
  "atomic_numbers": [
    41,
    41,
    6,
    16,
    16
  ],
  "frac_coords": [
    [
      0.33333298563957214,
      0.6666669845581055,
      0.2912921905517578
    ],
    [
      0.0,
      0.0,
      0.37537482380867004
    ],
    [
      0.6666669845581055,
      0.33333298563957214,
      0.33333298563957214
    ],
    [
      0.33333298563957214,
      0.6666669845581055,
      0.432883620262146
    ],
    [
      0.0,
      0.0,
      0.23378337919712067
    ]
  ],
  "lattice": [
    [
      3.3003733158111572,
      0.0,
      0.0
    ],
    [
      -1.6501866579055786,
      2.8582077026367188,
      0.0
    ],
    [
      0.0,
      0.0,
      28.59056282043457
    ]
  ],
  "properties": {
    "deltaG_H": 0.0030760357975959792,
    "thermo_stability": -1.773893502354622,
    "synth_score": 0.027982703695530842
  }
}