{
  "id": "JVASP-60263",
  "atomic_numbers": [
    22,
    22,
    17,
    17,
    17,
    17,
    17,
    17
  ],
  "frac_coords": [
    [
      0.6666659712791443,
      0.3333339989185333,
      0.06164338439702988
    ],
    [
      0.3333339989185333,
      0.6666659712791443,
      0.06165561452507973
    ],
    [
      0.6566470265388489,
      0.6566429138183594,
      5.073659121990204e-05
    ],
    [
      -2.1132771053089527e-06,
      0.3433529734611511,
      5.073659121990204e-05
    ],
    [
      0.6566429138183594,
      -2.113278696924681e-06,
      0.12324826419353485
    ],
    [
      2.1132771053089527e-06,
      0.6566470265388489,
      0.12324826419353485
    ],
    [
      0.3433529734611511,
      0.3433570861816406,
      0.12324826419353485
    ],
    [
      0.3433570861816406,
      2.113278696924681e-06,
      5.073659121990204e-05
    ]
  ],
  "lattice": [
    [
      3.003877878189087,
      -5.2028703689575195,
      0.0
    ],
    [
      3.0038788318634033,
      5.202869892120361,
      0.0
    ],
    [
      0.0,
      0.0,
      22.812795639038086
    ]
  ],
  "properties": {
    "deltaG_H": 0.019732356667518616,
    "thermo_stability": -0.4141742408275604,
    "synth_score": 0.3039943882445195
  }
}