{
  "id": "JVASP-5995",
  "atomic_numbers": [
    82,
    53,
    53
  ],
  "frac_coords": [
    [
      0.3115749955177307,
      0.5789420008659363,
      0.13756200671195984
    ],
    [
      0.6449090242385864,
      0.24560800194740295,
      0.07092089205980301
    ],
    [
      0.9782419800758362,
      0.9122750163078308,
      0.2042011171579361
    ]
  ],
  "lattice": [
    [
      4.566686153411865,
      3.099999979481495e-15,
      0.0
    ],
    [
      -2.2833430767059326,
      3.954866409301758,
      0.0
    ],
    [
      0.0,
      0.0,
      28.631786346435547
    ]
  ],
  "properties": {
    "deltaG_H": 0.03909170428911845,
    "thermo_stability": -0.6620784521102905,
    "synth_score": 0.21012752431058684
  }
}