{
  "id": "JVASP-75048",
  "atomic_numbers": [
    49,
    49,
    34,
    34,
    34
  ],
  "frac_coords": [
    [
      0.6666669845581055,
      0.33333298563957214,
      0.4287749230861664
    ],
    [
      0.33333298563957214,
      0.6666669845581055,
      0.571225106716156
    ],
    [
      0.0,
      0.0,
      0.5
    ],
    [
      0.6666669845581055,
      0.33333298563957214,
      0.6223370432853699
    ],
    [
      0.33333298563957214,
      0.6666669845581055,
      0.3776629865169525
    ]
  ],
  "lattice": [
    [
      3.9955031871795654,
      -5.373405054243108e-10,
      0.0
    ],
    [
      -1.9977511167526245,
      3.4602057933807373,
      0.0
    ],
    [
      0.0,
      0.0,
      26.456756591796875
    ]
  ],
  "properties": {
    "deltaG_H": 0.01558535587787628,
    "thermo_stability": -2.0,
    "synth_score": 0.01798620996209156
  }
}