{
  "id": "JVASP-9071",
  "atomic_numbers": [
    56,
    56,
    47,
    15
  ],
  "frac_coords": [
    [
      -3.265405030106194e-05,
      3.265405030106194e-05,
      0.49988245964050293
    ],
    [
      1.8703114619711414e-05,
      -1.8703114619711414e-05,
      0.663650631904602
    ],
    [
      0.3333423137664795,
      0.6666576862335205,
      0.5774394869804382
    ],
    [
      0.666671633720398,
      0.33332836627960205,
      0.5923274159431458
    ]
  ],
  "lattice": [
    [
      4.465134620666504,
      7.764114707242697e-05,
      0.0
    ],
    [
      -2.2325000762939453,
      3.8669588565826416,
      0.0
    ],
    [
      0.0,
      0.0,
      27.11389923095703
    ]
  ],
  "properties": {
    "deltaG_H": 0.01441070604324341,
    "thermo_stability": -1.193355065584183,
    "synth_score": 0.08419174553424189
  }
}