{
  "id": "JVASP-8954",
  "atomic_numbers": [
    56,
    56,
    15,
    15,
    17
  ],
  "frac_coords": [
    [
      0.6667575240135193,
      0.3332424759864807,
      0.4652206301689148
    ],
    [
      -0.00010160428792005405,
      0.00010160428792005405,
      0.59303218126297
    ],
    [
      -8.229645027313381e-05,
      8.229645027313381e-05,
      0.42690369486808777
    ],
    [
      0.6667422652244568,
      0.3332577347755432,
      0.6312978863716125
    ],
    [
      0.33338409662246704,
      0.666615903377533,
      0.5291006565093994
    ]
  ],
  "lattice": [
    [
      5.002387523651123,
      -0.0020089491736143827,
      0.0
    ],
    [
      -2.5029335021972656,
      4.3311896324157715,
      0.0
    ],
    [
      0.0,
      0.0,
      29.080299377441406
    ]
  ],
  "properties": {
    "deltaG_H": 0.028597701954841615,
    "thermo_stability": -1.8621981312831246,
    "synth_score": 0.023559233560413406
  }
}