{
  "id": "JVASP-75403",
  "atomic_numbers": [
    20,
    51,
    51,
    51,
    51,
    8,
    8,
    8,
    8,
    8,
    8,
    8,
    8
  ],
  "frac_coords": [
    [
      0.999955415725708,
      0.5233425498008728,
      0.48208990693092346
    ],
    [
      0.9999523758888245,
      0.7456732988357544,
      0.582255482673645
    ],
    [
      0.4999558627605438,
      0.13621525466442108,
      0.585964024066925
    ],
    [
      0.4999535381793976,
      0.8345443606376648,
      0.444547563791275
    ],
    [
      0.9999473690986633,
      0.1844736933708191,
      0.4463377594947815
    ],
    [
      0.4999549984931946,
      0.03831818327307701,
      0.4713214635848999
    ],
    [
      0.9999514222145081,
      0.8012014031410217,
      0.502076268196106
    ],
    [
      0.9999554753303528,
      0.17770002782344818,
      0.5378852486610413
    ],
    [
      0.4999549984931946,
      0.9290934801101685,
      0.5868842601776123
    ],
    [
      0.49995705485343933,
      0.6126985549926758,
      0.5560171604156494
    ],
    [
      0.499953955411911,
      0.632668673992157,
      0.43388503789901733
    ],
    [
      0.4999557435512543,
      0.32957419753074646,
      0.469740092754364
    ],
    [
      0.9999548196792603,
      0.8870413303375244,
      0.4009947180747986
    ]
  ],
  "lattice": [
    [
      3.2447867393493652,
      -0.00011826619447674602,
      0.0
    ],
    [
      0.0003718572552315891,
      9.35599136352539,
      0.0
    ],
    [
      0.0,
      0.0,
      24.880626678466797
    ]
  ],
  "properties": {
    "deltaG_H": 0.00042795634269714405,
    "thermo_stability": -1.569279523690542,
    "synth_score": 0.04154445800803204
  }
}