{
  "id": "JVASP-6367",
  "atomic_numbers": [
    37,
    37,
    79,
    79,
    34,
    34
  ],
  "frac_coords": [
    [
      0.75,
      0.14404435455799103,
      0.12898199260234833
    ],
    [
      0.25,
      0.8559556603431702,
      0.12898199260234833
    ],
    [
      0.0,
      0.5,
      0.12898199260234833
    ],
    [
      0.5,
      0.5,
      0.12898199260234833
    ],
    [
      0.75,
      0.7228343486785889,
      0.12898199260234833
    ],
    [
      0.25,
      0.27716562151908875,
      0.12898199260234833
    ]
  ],
  "lattice": [
    [
      6.687306880950928,
      0.0,
      0.0
    ],
    [
      0.0,
      8.08767032623291,
      0.0
    ],
    [
      0.0,
      0.0,
      26.952903747558594
    ]
  ],
  "properties": {
    "deltaG_H": 0.012498234113057453,
    "thermo_stability": 0.62412289083004,
    "synth_score": 0.776996049873193
  }
}