{
  "id": "JVASP-28125",
  "atomic_numbers": [
    41,
    41,
    41,
    77,
    34,
    34,
    34,
    34,
    34,
    34,
    34,
    34
  ],
  "frac_coords": [
    [
      0.4787476658821106,
      0.47839027643203735,
      0.49961382150650024
    ],
    [
      0.4657914638519287,
      0.999692976474762,
      0.500616192817688
    ],
    [
      0.9999073147773743,
      0.46536973118782043,
      0.4985520839691162
    ],
    [
      0.04839811474084854,
      0.04805216193199158,
      0.499605655670166
    ],
    [
      0.3460240662097931,
      0.1816997230052948,
      0.5773105025291443
    ],
    [
      0.3229905664920807,
      0.6604215502738953,
      0.5707642436027527
    ],
    [
      0.8534131646156311,
      0.6964918375015259,
      0.5588398575782776
    ],
    [
      0.17571941018104553,
      0.33930593729019165,
      0.4219023287296295
    ],
    [
      0.6549187898635864,
      0.31686538457870483,
      0.4284115433692932
    ],
    [
      0.6919805407524109,
      0.848203718662262,
      0.44037342071533203
    ],
    [
      0.8320892453193665,
      0.1531774401664734,
      0.5687755942344666
    ],
    [
      0.14782263338565826,
      0.8261132836341858,
      0.4304018020629883
    ]
  ],
  "lattice": [
    [
      6.939208507537842,
      0.014194219373166561,
      -0.021637000143527985
    ],
    [
      -3.446840286254883,
      6.0224785804748535,
      -0.062341999262571335
    ],
    [
      0.0,
      0.0,
      23.684104919433594
    ]
  ],
  "properties": {
    "deltaG_H": 0.009136434594790136,
    "thermo_stability": -1.1502267837524416,
    "synth_score": 0.09108540371627091
  }
}