{
  "id": "JVASP-60484",
  "atomic_numbers": [
    80,
    80,
    80,
    35,
    35,
    35,
    35,
    35,
    35
  ],
  "frac_coords": [
    [
      0.3333339989185333,
      0.6666679978370667,
      0.8592454195022583
    ],
    [
      0.0,
      0.0,
      0.8592763543128967
    ],
    [
      0.6666659712791443,
      0.33333200216293335,
      0.859230637550354
    ],
    [
      0.6667079925537109,
      0.6667162775993347,
      0.7892876863479614
    ],
    [
      8.28190241008997e-06,
      0.33329200744628906,
      0.7892876863479614
    ],
    [
      0.3332837224006653,
      0.9999917149543762,
      0.7892876863479614
    ],
    [
      0.3333725035190582,
      0.3333592116832733,
      0.929198145866394
    ],
    [
      0.6666387915611267,
      1.1294224350422155e-05,
      0.929198145866394
    ],
    [
      0.9999867081642151,
      0.6666254997253418,
      0.929198145866394
    ]
  ],
  "lattice": [
    [
      -7.059114456176758,
      7.173597538212562e-08,
      0.0
    ],
    [
      3.529557466506958,
      6.113372325897217,
      0.0
    ],
    [
      0.0,
      0.0,
      -23.168655395507812
    ]
  ],
  "properties": {
    "deltaG_H": 0.026007758776346843,
    "thermo_stability": -1.0194811642169954,
    "synth_score": 0.11517243659647722
  }
}