{
  "id": "JVASP-744",
  "atomic_numbers": [
    78,
    34,
    34
  ],
  "frac_coords": [
    [
      0.0,
      0.0,
      0.1354220062494278
    ],
    [
      0.6666669845581055,
      0.33333298563957214,
      0.17983876168727875
    ],
    [
      0.33333298563957214,
      0.6666669845581055,
      0.09100624173879623
    ]
  ],
  "lattice": [
    [
      1.8615663051605225,
      -3.22432804107666,
      0.0
    ],
    [
      1.8615663051605225,
      3.22432804107666,
      0.0
    ],
    [
      0.0,
      0.0,
      30.117971420288086
    ]
  ],
  "properties": {
    "deltaG_H": 0.010526131341854731,
    "thermo_stability": 0.07871658404668169,
    "synth_score": 0.5392772010667775
  }
}