{
  "id": "JVASP-6520",
  "atomic_numbers": [
    15,
    15,
    15,
    15,
    15,
    15,
    15,
    15,
    34,
    34,
    34,
    34,
    34,
    34,
    34,
    34,
    34,
    34
  ],
  "frac_coords": [
    [
      0.5932965874671936,
      0.9330312013626099,
      0.1705087423324585
    ],
    [
      -0.0932965949177742,
      0.43303120136260986,
      0.1705087423324585
    ],
    [
      0.9078804850578308,
      0.8803538680076599,
      0.19339539110660553
    ],
    [
      0.5921195149421692,
      0.3803538680076599,
      0.19339539110660553
    ],
    [
      0.48780426383018494,
      0.9130441546440125,
      0.23810820281505585
    ],
    [
      0.01219573151320219,
      0.41304415464401245,
      0.23810820281505585
    ],
    [
      0.5343416929244995,
      0.6723673343658447,
      0.18722587823867798
    ],
    [
      -0.0343417152762413,
      0.17236733436584473,
      0.18722587823867798
    ],
    [
      0.682002604007721,
      0.4419611394405365,
      0.2593806982040405
    ],
    [
      0.817997395992279,
      0.9419611096382141,
      0.2593806982040405
    ],
    [
      0.12094027549028397,
      0.2459547072649002,
      0.2447388619184494
    ],
    [
      0.37905973196029663,
      0.745954692363739,
      0.2447388619184494
    ],
    [
      0.45889022946357727,
      0.7978530526161194,
      0.13730761408805847
    ],
    [
      0.8749454617500305,
      0.7036380767822266,
      0.19557525217533112
    ],
    [
      0.041109777987003326,
      0.2978530526161194,
      0.13730761408805847
    ],
    [
      0.27455103397369385,
      0.010428491979837418,
      0.2689833343029022
    ],
    [
      0.6250545382499695,
      0.20363806188106537,
      0.19557525217533112
    ],
    [
      0.22544896602630615,
      0.5104284882545471,
      0.2689833343029022
    ]
  ],
  "lattice": [
    [
      6.567274570465088,
      0.0,
      0.0
    ],
    [
      0.0,
      13.046882629394531,
      0.0
    ],
    [
      0.0,
      0.0,
      31.813495635986328
    ]
  ],
  "properties": {
    "deltaG_H": 0.005872337871127657,
    "thermo_stability": -0.7790988355875017,
    "synth_score": 0.1739054216105695
  }
}