{
  "id": "JVASP-8933",
  "atomic_numbers": [
    23,
    23,
    17,
    17,
    8,
    8
  ],
  "frac_coords": [
    [
      0.21581900119781494,
      0.5670049786567688,
      0.1781807392835617
    ],
    [
      0.7158179879188538,
      0.06700500100851059,
      0.11299225687980652
    ],
    [
      0.7158179879188538,
      0.5670049786567688,
      0.23777294158935547
    ],
    [
      0.21581900119781494,
      0.06700500100851059,
      0.053399063646793365
    ],
    [
      0.21581900119781494,
      0.06700500100851059,
      0.15899410843849182
    ],
    [
      0.7158179879188538,
      0.5670049786567688,
      0.13217788934707642
    ]
  ],
  "lattice": [
    [
      3.3326902389526367,
      0.0,
      0.0
    ],
    [
      0.0,
      3.7612080574035645,
      0.0
    ],
    [
      0.0,
      0.0,
      28.215599060058594
    ]
  ],
  "properties": {
    "deltaG_H": 0.002118497888247173,
    "thermo_stability": -1.3978967860341074,
    "synth_score": 0.05755190705289796
  }
}