{
  "id": "JVASP-60433",
  "atomic_numbers": [
    30,
    74,
    8,
    8,
    8,
    8
  ],
  "frac_coords": [
    [
      0.9631702899932861,
      0.4999696612358093,
      0.03675506263971329
    ],
    [
      0.4632348418235779,
      0.9999942183494568,
      0.036770619451999664
    ],
    [
      0.7233715057373047,
      0.7663536667823792,
      0.9908119440078735
    ],
    [
      0.670639157295227,
      0.23380158841609955,
      0.08273092657327652
    ],
    [
      0.2032380998134613,
      0.7661666870117188,
      0.08272036164999008
    ],
    [
      0.2557390630245209,
      0.23371414840221405,
      0.9908180832862854
    ]
  ],
  "lattice": [
    [
      -0.0003935587592422962,
      -4.536216735839844,
      0.551842987537384
    ],
    [
      4.570259094238281,
      -8.157718548318371e-05,
      0.0
    ],
    [
      0.0,
      0.0,
      21.647905349731445
    ]
  ],
  "properties": {
    "deltaG_H": -0.02131784160931905,
    "thermo_stability": -2.0,
    "synth_score": 0.01798620996209156
  }
}