{
  "id": "JVASP-7015",
  "atomic_numbers": [
    28,
    34,
    34
  ],
  "frac_coords": [
    [
      0.0,
      0.0,
      0.10253799706697464
    ],
    [
      0.6666669845581055,
      0.33333298563957214,
      0.052446309477090836
    ],
    [
      0.33333298563957214,
      0.6666669845581055,
      0.15262968838214874
    ]
  ],
  "lattice": [
    [
      3.511911153793335,
      -2.8053655398707633e-08,
      0.0
    ],
    [
      -1.7559551000595093,
      3.0414042472839355,
      0.0
    ],
    [
      0.0,
      0.0,
      25.430280685424805
    ]
  ],
  "properties": {
    "deltaG_H": 0.007553905347983043,
    "thermo_stability": -0.11046446065107984,
    "synth_score": 0.4449913337326439
  }
}