{
  "id": "JVASP-27740",
  "atomic_numbers": [
    60,
    60,
    35,
    35,
    35,
    35,
    35,
    35
  ],
  "frac_coords": [
    [
      0.5,
      0.25,
      0.14202003180980682
    ],
    [
      0.0,
      0.75,
      0.15288996696472168
    ],
    [
      0.0,
      0.25,
      0.05740899220108986
    ],
    [
      0.5,
      0.5662873983383179,
      0.09223714470863342
    ],
    [
      0.5,
      0.9337126016616821,
      0.09223714470863342
    ],
    [
      0.0,
      0.43371260166168213,
      0.20267285406589508
    ],
    [
      0.0,
      0.06628740578889847,
      0.20267285406589508
    ],
    [
      0.5,
      0.75,
      0.23750101029872894
    ]
  ],
  "lattice": [
    [
      4.090571880340576,
      0.0,
      0.0
    ],
    [
      0.0,
      9.195784568786621,
      0.0
    ],
    [
      0.0,
      0.0,
      24.379558563232422
    ]
  ],
  "properties": {
    "deltaG_H": 0.028245507776737212,
    "thermo_stability": -1.4109095106522247,
    "synth_score": 0.05615644229894869
  }
}