{
  "id": "JVASP-28292",
  "atomic_numbers": [
    26,
    16,
    16
  ],
  "frac_coords": [
    [
      0.6666669845581055,
      0.33333298563957214,
      0.5
    ],
    [
      0.0,
      0.0,
      0.559014081954956
    ],
    [
      0.33333298563957214,
      0.6666669845581055,
      0.44098591804504395
    ]
  ],
  "lattice": [
    [
      3.192209482192993,
      -0.0,
      0.0
    ],
    [
      -1.5961047410964966,
      2.7645342350006104,
      0.0
    ],
    [
      0.0,
      0.0,
      22.67032814025879
    ]
  ],
  "properties": {
    "deltaG_H": 0.004854404131571452,
    "thermo_stability": -0.4078774819771449,
    "synth_score": 0.3066655054737227
  }
}