{
  "id": "JVASP-6730",
  "atomic_numbers": [
    51,
    51,
    16,
    16,
    53,
    53
  ],
  "frac_coords": [
    [
      0.75,
      0.36786967515945435,
      0.19798745214939117
    ],
    [
      0.25,
      0.6321303248405457,
      0.13583354651927948
    ],
    [
      0.75,
      0.4630466103553772,
      0.11455641686916351
    ],
    [
      0.25,
      0.5369533896446228,
      0.21926458179950714
    ],
    [
      0.25,
      0.17167702317237854,
      0.1606472134590149
    ],
    [
      0.75,
      0.8283229470252991,
      0.17317378520965576
    ]
  ],
  "lattice": [
    [
      4.1431169509887695,
      0.0,
      0.0
    ],
    [
      0.0,
      10.396175384521484,
      0.0
    ],
    [
      0.0,
      0.0,
      27.01978302001953
    ]
  ],
  "properties": {
    "deltaG_H": 0.017810207645098365,
    "thermo_stability": 0.031330692768096746,
    "synth_score": 0.5156602226302415
  }
}