{
  "id": "JVASP-6892",
  "atomic_numbers": [
    27,
    27,
    27,
    33
  ],
  "frac_coords": [
    [
      0.6666669845581055,
      0.33333298563957214,
      0.10729953646659851
    ],
    [
      0.33333298563957214,
      0.6666669845581055,
      0.14641200006008148
    ],
    [
      0.6666669845581055,
      0.33333298563957214,
      0.18552446365356445
    ],
    [
      0.0,
      0.0,
      0.14641200006008148
    ]
  ],
  "lattice": [
    [
      3.965134382247925,
      3.349375443661984e-09,
      0.0
    ],
    [
      -1.9825667142868042,
      3.4339072704315186,
      0.0
    ],
    [
      0.0,
      0.0,
      28.2814884185791
    ]
  ],
  "properties": {
    "deltaG_H": 0.0006818507909774783,
    "thermo_stability": 0.3365282297134399,
    "synth_score": 0.6621872134011365
  }
}