{
  "id": "JVASP-31373",
  "atomic_numbers": [
    83,
    83,
    34,
    34,
    34
  ],
  "frac_coords": [
    [
      4.501428520597983e-06,
      -4.501428520597983e-06,
      0.5818189978599548
    ],
    [
      0.6666660904884338,
      0.33333393931388855,
      0.7084258794784546
    ],
    [
      0.6666679978370667,
      0.33333197236061096,
      0.5308429002761841
    ],
    [
      0.3333519697189331,
      0.6666480302810669,
      0.6451280117034912
    ],
    [
      9.427166332898196e-06,
      -9.427166332898196e-06,
      0.759408175945282
    ]
  ],
  "lattice": [
    [
      4.170278072357178,
      2.328507434867788e-05,
      0.0
    ],
    [
      -2.0851190090179443,
      3.6115787029266357,
      0.0
    ],
    [
      0.0,
      0.0,
      30.928699493408203
    ]
  ],
  "properties": {
    "deltaG_H": 0.018788718748092653,
    "thermo_stability": -2.0,
    "synth_score": 0.01798620996209156
  }
}