{
  "id": "JVASP-6403",
  "atomic_numbers": [
    33,
    33,
    35,
    35,
    35,
    35,
    35,
    35
  ],
  "frac_coords": [
    [
      0.007184916641563177,
      0.8092413544654846,
      0.11393938213586807
    ],
    [
      -0.007184916641563177,
      0.309241384267807,
      0.14760662615299225
    ],
    [
      0.7323718070983887,
      0.6333615779876709,
      0.06989608705043793
    ],
    [
      0.2847144305706024,
      0.30905482172966003,
      0.06498321890830994
    ],
    [
      0.7325282692909241,
      0.9856752157211304,
      0.07024356722831726
    ],
    [
      0.2674717605113983,
      0.48567521572113037,
      0.19130243360996246
    ],
    [
      0.71528559923172,
      0.8090548515319824,
      0.1965627819299698
    ],
    [
      0.2676282227039337,
      0.1333615928888321,
      0.19165091216564178
    ]
  ],
  "lattice": [
    [
      4.118252277374268,
      0.0,
      0.0
    ],
    [
      0.0,
      10.171597480773926,
      0.0
    ],
    [
      0.0,
      0.0,
      25.16213035583496
    ]
  ],
  "properties": {
    "deltaG_H": 0.021904992640018463,
    "thermo_stability": -0.710527938604355,
    "synth_score": 0.19449610872108222
  }
}