{
  "id": "JVASP-9572",
  "atomic_numbers": [
    15,
    15,
    15,
    15
  ],
  "frac_coords": [
    [
      0.0,
      0.08666639029979706,
      0.20913594961166382
    ],
    [
      0.5,
      0.41333362460136414,
      0.20913594961166382
    ],
    [
      0.5,
      0.5866664052009583,
      0.13975204527378082
    ],
    [
      0.0,
      0.9133335947990417,
      0.13975204527378082
    ]
  ],
  "lattice": [
    [
      3.3224709033966064,
      0.0,
      0.0
    ],
    [
      0.0,
      4.578597068786621,
      0.0
    ],
    [
      0.0,
      0.0,
      30.716646194458008
    ]
  ],
  "properties": {
    "deltaG_H": 0.01031916242837906,
    "thermo_stability": 0.385212285319964,
    "synth_score": 0.6836127297347552
  }
}