{
  "id": "JVASP-27733",
  "atomic_numbers": [
    22,
    22,
    17,
    17,
    8,
    8
  ],
  "frac_coords": [
    [
      0.2556949853897095,
      0.5327860116958618,
      0.17082953453063965
    ],
    [
      0.7556949853897095,
      0.03278600051999092,
      0.12019146233797073
    ],
    [
      0.7556949853897095,
      0.5327860116958618,
      0.2343124896287918
    ],
    [
      0.2556949853897095,
      0.03278600051999092,
      0.05670850723981857
    ],
    [
      0.2556949853897095,
      0.03278600051999092,
      0.1663268357515335
    ],
    [
      0.7556949853897095,
      0.5327860116958618,
      0.12469416111707687
    ]
  ],
  "lattice": [
    [
      3.2505247592926025,
      -0.0,
      0.0
    ],
    [
      0.0,
      4.011059761047363,
      0.0
    ],
    [
      0.0,
      0.0,
      28.209571838378906
    ]
  ],
  "properties": {
    "deltaG_H": 0.003305550614992779,
    "thermo_stability": -1.2850664973258974,
    "synth_score": 0.07108552163123172
  }
}