{
  "id": "JVASP-6979",
  "atomic_numbers": [
    32,
    83,
    83,
    52,
    52,
    52,
    52
  ],
  "frac_coords": [
    [
      0.6666669845581055,
      0.33333298563957214,
      0.44512999057769775
    ],
    [
      0.33333298563957214,
      0.6666669845581055,
      0.3290828466415405
    ],
    [
      0.0,
      0.0,
      0.5611791610717773
    ],
    [
      0.6666669845581055,
      0.33333298563957214,
      0.27553048729896545
    ],
    [
      0.0,
      0.0,
      0.3937094211578369
    ],
    [
      0.33333298563957214,
      0.6666669845581055,
      0.49655258655548096
    ],
    [
      0.6666669845581055,
      0.33333298563957214,
      0.6147305369377136
    ]
  ],
  "lattice": [
    [
      4.3701276779174805,
      0.0,
      0.0
    ],
    [
      -2.1850638389587402,
      3.784641981124878,
      0.0
    ],
    [
      0.0,
      0.0,
      32.79743957519531
    ]
  ],
  "properties": {
    "deltaG_H": 0.020198172109467644,
    "thermo_stability": -2.0,
    "synth_score": 0.01798620996209156
  }
}