{
  "id": "JVASP-60456",
  "atomic_numbers": [
    48,
    35,
    35
  ],
  "frac_coords": [
    [
      0.0,
      0.0,
      0.06771299988031387
    ],
    [
      0.6666659712791443,
      0.3333339989185333,
      0.13626840710639954
    ],
    [
      0.3333339989185333,
      0.6666659712791443,
      -0.0008424133411608636
    ]
  ],
  "lattice": [
    [
      2.006277084350586,
      -3.474973678588867,
      0.0
    ],
    [
      2.006277084350586,
      3.474973678588867,
      0.0
    ],
    [
      0.0,
      0.0,
      23.132787704467773
    ]
  ],
  "properties": {
    "deltaG_H": 0.02507386634747187,
    "thermo_stability": -0.725919422507286,
    "synth_score": 0.1897187272910088
  }
}