{
  "id": "JVASP-13560",
  "atomic_numbers": [
    40,
    7
  ],
  "frac_coords": [
    [
      0.33333033323287964,
      0.6666691303253174,
      0.102714903652668
    ],
    [
      0.6666696667671204,
      0.333330899477005,
      0.0885280966758728
    ]
  ],
  "lattice": [
    [
      3.5011792182922363,
      -2.8293767172726803e-05,
      0.0
    ],
    [
      -1.7506141662597656,
      3.032100200653076,
      0.0
    ],
    [
      0.0,
      0.0,
      25.584096908569336
    ]
  ],
  "properties": {
    "deltaG_H": 0.0017917939126491562,
    "thermo_stability": 0.9777868509292602,
    "synth_score": 0.8760531265384432
  }
}