{
  "id": "JVASP-60593",
  "atomic_numbers": [
    27,
    8,
    8
  ],
  "frac_coords": [
    [
      0.003714832477271557,
      0.5032219290733337,
      0.0430329293012619
    ],
    [
      0.6834181547164917,
      0.8223516941070557,
      0.00033534891554154456
    ],
    [
      0.3240109980106354,
      0.18409036099910736,
      0.08573172241449356
    ]
  ],
  "lattice": [
    [
      -2.8117470741271973,
      -0.0004086778499186039,
      -0.17058399319648743
    ],
    [
      1.400049090385437,
      2.438095808029175,
      0.175587996840477
    ],
    [
      0.0,
      0.0,
      -21.938888549804688
    ]
  ],
  "properties": {
    "deltaG_H": -0.0025279331703980754,
    "thermo_stability": 0.15182379186153405,
    "synth_score": 0.5753339559247795
  }
}