{
  "id": "JVASP-6238",
  "atomic_numbers": [
    73,
    73,
    52,
    52,
    52,
    52,
    52,
    52,
    52,
    52,
    77,
    77
  ],
  "frac_coords": [
    [
      0.0,
      0.2700115740299225,
      0.274885356426239
    ],
    [
      0.5,
      0.9486819505691528,
      0.28248441219329834
    ],
    [
      0.5,
      0.3225620985031128,
      0.1983105093240738
    ],
    [
      0.5,
      0.8066201210021973,
      0.2032421976327896
    ],
    [
      0.0,
      0.06562705338001251,
      0.2192727029323578
    ],
    [
      0.0,
      0.5648075938224792,
      0.22410215437412262
    ],
    [
      0.5,
      0.6538859009742737,
      0.33327463269233704
    ],
    [
      0.5,
      0.15306894481182098,
      0.33809441328048706
    ],
    [
      0.0,
      0.4120643436908722,
      0.35413146018981934
    ],
    [
      0.0,
      0.8961438536643982,
      0.3590609133243561
    ],
    [
      0.0,
      0.754093587398529,
      0.2770988643169403
    ],
    [
      0.5,
      0.46459898352622986,
      0.28027641773223877
    ]
  ],
  "lattice": [
    [
      3.810620069503784,
      0.0,
      0.0
    ],
    [
      0.0,
      12.564985275268555,
      0.0
    ],
    [
      0.0,
      0.0,
      25.04698371887207
    ]
  ],
  "properties": {
    "deltaG_H": 0.011839181284109754,
    "thermo_stability": -1.0829196294148766,
    "synth_score": 0.1028603531103731
  }
}