{
  "id": "JVASP-762",
  "atomic_numbers": [
    50,
    34,
    34
  ],
  "frac_coords": [
    [
      0.0,
      0.0,
      0.14894700050354004
    ],
    [
      0.6666669845581055,
      0.33333298563957214,
      0.20076796412467957
    ],
    [
      0.33333298563957214,
      0.6666669845581055,
      0.09712503105401993
    ]
  ],
  "lattice": [
    [
      1.9305373430252075,
      -3.3437888622283936,
      0.0
    ],
    [
      1.9305373430252075,
      3.3437888622283936,
      0.0
    ],
    [
      0.0,
      0.0,
      30.90474510192871
    ]
  ],
  "properties": {
    "deltaG_H": 0.019490567992130912,
    "thermo_stability": -0.16812363465627045,
    "synth_score": 0.41672134724573906
  }
}