{
  "id": "JVASP-60317",
  "atomic_numbers": [
    73,
    73,
    73,
    73,
    27,
    27,
    27,
    27,
    52,
    52,
    52,
    52,
    52,
    52,
    52,
    52
  ],
  "frac_coords": [
    [
      0.9779444336891174,
      0.3025028705596924,
      0.08987953513860703
    ],
    [
      0.022055553272366524,
      0.6974971294403076,
      0.09923746436834335
    ],
    [
      0.5220555663108826,
      0.8025028705596924,
      0.08987953513860703
    ],
    [
      0.47794443368911743,
      0.1974971443414688,
      0.09923746436834335
    ],
    [
      0.15049949288368225,
      0.007401133421808481,
      0.06360644847154617
    ],
    [
      0.8495004773139954,
      0.9925988912582397,
      0.1255105584859848
    ],
    [
      0.34950050711631775,
      0.5074011087417603,
      0.06360644847154617
    ],
    [
      0.6504995226860046,
      0.49259886145591736,
      0.1255105584859848
    ],
    [
      0.7459221482276917,
      0.5315667390823364,
      0.023864300921559334
    ],
    [
      0.24592217803001404,
      0.9684332609176636,
      0.1652517020702362
    ],
    [
      0.25407782196998596,
      0.4684332609176636,
      0.1652517020702362
    ],
    [
      0.24971330165863037,
      0.7517032623291016,
      0.9999098777770996
    ],
    [
      0.7497133016586304,
      0.7482967376708984,
      0.18920710682868958
    ],
    [
      0.7540778517723083,
      0.03156672418117523,
      0.023864300921559334
    ],
    [
      0.7502866983413696,
      0.24829672276973724,
      0.18920710682868958
    ],
    [
      0.25028669834136963,
      0.25170329213142395,
      0.9999098777770996
    ]
  ],
  "lattice": [
    [
      -6.328101634979248,
      0.0,
      0.0
    ],
    [
      0.0,
      -7.756437301635742,
      -0.3485429883003235
    ],
    [
      0.0,
      0.0,
      24.664464950561523
    ]
  ],
  "properties": {
    "deltaG_H": -0.0105790650844574,
    "thermo_stability": -2.0,
    "synth_score": 0.01798620996209156
  }
}