{
  "id": "JVASP-76334",
  "atomic_numbers": [
    41,
    16,
    16
  ],
  "frac_coords": [
    [
      0.922429621219635,
      0.8448593020439148,
      0.06777799874544144
    ],
    [
      0.25576016306877136,
      0.5115203261375427,
      0.13566072285175323
    ],
    [
      0.25576016306877136,
      0.5115203261375427,
      -0.00010572801693342626
    ]
  ],
  "lattice": [
    [
      3.3622560501098633,
      -8.813842988786291e-10,
      0.0
    ],
    [
      -1.6811285018920898,
      2.911864757537842,
      0.0
    ],
    [
      0.0,
      0.0,
      23.1362361907959
    ]
  ],
  "properties": {
    "deltaG_H": 0.008891141812006632,
    "thermo_stability": -0.5800663724541664,
    "synth_score": 0.23864316555211745
  }
}