{
  "id": "JVASP-60530",
  "atomic_numbers": [
    39,
    39,
    32,
    53,
    53
  ],
  "frac_coords": [
    [
      0.3333339989185333,
      0.6666659712791443,
      0.18946154415607452
    ],
    [
      0.6666659712791443,
      0.3333339989185333,
      0.07435045391321182
    ],
    [
      0.0,
      0.0,
      0.13190600275993347
    ],
    [
      0.6666659712791443,
      0.3333339989185333,
      0.263101726770401
    ],
    [
      0.3333339989185333,
      0.6666659712791443,
      0.0007112876046448946
    ]
  ],
  "lattice": [
    [
      2.1066033840179443,
      -3.6487443447113037,
      0.0
    ],
    [
      2.1066033840179443,
      3.6487443447113037,
      0.0
    ],
    [
      0.0,
      0.0,
      27.167007446289062
    ]
  ],
  "properties": {
    "deltaG_H": 0.020586249113082888,
    "thermo_stability": -2.0,
    "synth_score": 0.01798620996209156
  }
}