{
  "id": "JVASP-27958",
  "atomic_numbers": [
    12,
    1,
    1,
    8,
    8
  ],
  "frac_coords": [
    [
      0.0,
      0.0,
      0.5
    ],
    [
      0.6666669845581055,
      0.33333298563957214,
      0.41639813780784607
    ],
    [
      0.33333298563957214,
      0.6666669845581055,
      0.5836018323898315
    ],
    [
      0.6666669845581055,
      0.33333298563957214,
      0.4567103683948517
    ],
    [
      0.33333298563957214,
      0.6666669845581055,
      0.5432896614074707
    ]
  ],
  "lattice": [
    [
      3.1540334224700928,
      -1.2540951610517936e-09,
      0.0
    ],
    [
      -1.5770162343978882,
      2.7314720153808594,
      0.0
    ],
    [
      0.0,
      0.0,
      24.02899169921875
    ]
  ],
  "properties": {
    "deltaG_H": -0.01597085726261139,
    "thermo_stability": -1.7008318076531097,
    "synth_score": 0.032243513049439856
  }
}