{
  "id": "JVASP-76318",
  "atomic_numbers": [
    22,
    22,
    17,
    17,
    17,
    17,
    17,
    17
  ],
  "frac_coords": [
    [
      0.6666659712791443,
      0.3333339989185333,
      0.061645399779081345
    ],
    [
      0.3333339989185333,
      0.6666659712791443,
      0.06165359914302826
    ],
    [
      0.6566815972328186,
      0.6566776633262634,
      7.122846000129357e-05
    ],
    [
      -1.9477806745271664e-06,
      0.3433184027671814,
      7.122846000129357e-05
    ],
    [
      0.6566776633262634,
      -1.9477822661428945e-06,
      0.12322777509689331
    ],
    [
      1.9477806745271664e-06,
      0.6566815972328186,
      0.12322777509689331
    ],
    [
      0.3433184027671814,
      0.3433223366737366,
      0.12322777509689331
    ],
    [
      0.3433223366737366,
      1.9477822661428945e-06,
      7.122846000129357e-05
    ]
  ],
  "lattice": [
    [
      3.003988742828369,
      -5.203063488006592,
      0.0
    ],
    [
      3.003990411758423,
      5.203062534332275,
      0.0
    ],
    [
      0.0,
      0.0,
      22.812795639038086
    ]
  ],
  "properties": {
    "deltaG_H": 0.019731106758117678,
    "thermo_stability": -0.4135455111662547,
    "synth_score": 0.30426050930717463
  }
}