{
  "id": "JVASP-6211",
  "atomic_numbers": [
    75,
    47,
    47,
    17,
    17,
    17,
    17,
    17,
    17
  ],
  "frac_coords": [
    [
      0.33333298563957214,
      0.6666669845581055,
      0.10726899653673172
    ],
    [
      0.6666669845581055,
      0.33333298563957214,
      0.08571425080299377
    ],
    [
      0.0,
      0.0,
      0.12882374227046967
    ],
    [
      0.6416365504264832,
      0.7002667188644409,
      0.057917382568120956
    ],
    [
      0.05863014608621597,
      0.35836344957351685,
      0.057917382568120956
    ],
    [
      0.29973331093788147,
      0.9413698315620422,
      0.057917382568120956
    ],
    [
      0.025029441341757774,
      0.6330662965774536,
      0.15662062168121338
    ],
    [
      0.3669337034225464,
      0.3919641375541687,
      0.15662062168121338
    ],
    [
      0.6080358624458313,
      0.9749705791473389,
      0.15662062168121338
    ]
  ],
  "lattice": [
    [
      6.6212005615234375,
      7.317793659922245e-08,
      0.0
    ],
    [
      -3.3105998039245605,
      5.734127044677734,
      0.0
    ],
    [
      0.0,
      0.0,
      28.059406280517578
    ]
  ],
  "properties": {
    "deltaG_H": 0.017358116904894513,
    "thermo_stability": -0.09685073494911212,
    "synth_score": 0.4517254776053238
  }
}