{
  "id": "JVASP-6601",
  "atomic_numbers": [
    79,
    34,
    34
  ],
  "frac_coords": [
    [
      0.0,
      0.0,
      0.22684399783611298
    ],
    [
      0.6666669845581055,
      0.33333298563957214,
      0.17004433274269104
    ],
    [
      0.33333298563957214,
      0.6666669845581055,
      0.2836436629295349
    ]
  ],
  "lattice": [
    [
      3.766263008117676,
      5.1979437643012716e-08,
      0.0
    ],
    [
      -1.8831318616867065,
      3.2616794109344482,
      0.0
    ],
    [
      0.0,
      0.0,
      25.62641143798828
    ]
  ],
  "properties": {
    "deltaG_H": 0.011727939645449322,
    "thermo_stability": -0.33406358659267443,
    "synth_score": 0.3389163248100781
  }
}