{
  "id": "JVASP-60566",
  "atomic_numbers": [
    42,
    34,
    34
  ],
  "frac_coords": [
    [
      0.6666659712791443,
      0.3333339989185333,
      0.07165200263261795
    ],
    [
      0.3333339989185333,
      0.6666659712791443,
      0.1433272659778595
    ],
    [
      0.3333339989185333,
      0.6666659712791443,
      -1.926142613228876e-05
    ]
  ],
  "lattice": [
    [
      1.6617151498794556,
      -2.8781769275665283,
      0.0
    ],
    [
      1.6617151498794556,
      2.8781769275665283,
      0.0
    ],
    [
      0.0,
      0.0,
      23.34561538696289
    ]
  ],
  "properties": {
    "deltaG_H": 0.009716665248076121,
    "thermo_stability": -0.44219731589158395,
    "synth_score": 0.29226793166115617
  }
}