{
  "id": "JVASP-75071",
  "atomic_numbers": [
    71,
    82,
    82
  ],
  "frac_coords": [
    [
      0.0,
      0.0,
      0.5
    ],
    [
      0.5,
      0.5,
      0.5750629305839539
    ],
    [
      0.5,
      0.5,
      0.42493703961372375
    ]
  ],
  "lattice": [
    [
      3.7615838050842285,
      0.0,
      0.0
    ],
    [
      0.0,
      3.7615838050842285,
      0.0
    ],
    [
      0.0,
      0.0,
      23.779510498046875
    ]
  ],
  "properties": {
    "deltaG_H": 0.02606256663799286,
    "thermo_stability": -0.7576537425319354,
    "synth_score": 0.1801535557250187
  }
}