{
  "id": "JVASP-6172",
  "atomic_numbers": [
    21,
    21,
    6,
    17,
    17
  ],
  "frac_coords": [
    [
      0.6666669845581055,
      0.33333298563957214,
      0.13120847940444946
    ],
    [
      0.33333298563957214,
      0.6666669845581055,
      0.21587152779102325
    ],
    [
      0.0,
      0.0,
      0.17353999614715576
    ],
    [
      0.33333298563957214,
      0.6666669845581055,
      0.07395613193511963
    ],
    [
      0.6666669845581055,
      0.33333298563957214,
      0.2731228768825531
    ]
  ],
  "lattice": [
    [
      3.4335386753082275,
      -2.5875019904475494e-09,
      0.0
    ],
    [
      -1.7167688608169556,
      2.973531723022461,
      0.0
    ],
    [
      0.0,
      0.0,
      29.100013732910156
    ]
  ],
  "properties": {
    "deltaG_H": 0.01069501268863678,
    "thermo_stability": -1.641668843229612,
    "synth_score": 0.03614724908483228
  }
}