{
  "id": "JVASP-13548",
  "atomic_numbers": [
    51,
    51,
    51,
    82
  ],
  "frac_coords": [
    [
      0.6782138347625732,
      0.8391073942184448,
      0.056519001722335815
    ],
    [
      0.1608925759792328,
      0.8391073942184448,
      0.056519001722335815
    ],
    [
      0.1608925759792328,
      0.32178616523742676,
      0.056519001722335815
    ],
    [
      0.6666669845581055,
      0.33333298563957214,
      0.056519001722335815
    ]
  ],
  "lattice": [
    [
      6.417438983917236,
      -3.0117082161496e-08,
      0.0
    ],
    [
      -3.20871901512146,
      5.5576653480529785,
      0.0
    ],
    [
      0.0,
      0.0,
      25.8422908782959
    ]
  ],
  "properties": {
    "deltaG_H": 0.029701231956481933,
    "thermo_stability": 0.6456304073333741,
    "synth_score": 0.7843605186855991
  }
}