{
  "id": "JVASP-75225",
  "atomic_numbers": [
    73,
    73,
    73,
    52,
    52,
    52,
    52,
    52,
    52
  ],
  "frac_coords": [
    [
      0.6418038606643677,
      0.7111082673072815,
      0.5020532011985779
    ],
    [
      0.3538880944252014,
      0.2870177626609802,
      0.4979480803012848
    ],
    [
      0.9978430867195129,
      0.999039888381958,
      0.4999992549419403
    ],
    [
      0.5491517782211304,
      0.8964153528213501,
      0.41809219121932983
    ],
    [
      0.4465251863002777,
      0.10169494152069092,
      0.5819019675254822
    ],
    [
      0.2211747020483017,
      0.5524103045463562,
      0.43711158633232117
    ],
    [
      0.10634700208902359,
      0.7820318341255188,
      0.5837717056274414
    ],
    [
      0.8893478512763977,
      0.21607162058353424,
      0.41623368859291077
    ],
    [
      0.7744974493980408,
      0.4457070529460907,
      0.5628883838653564
    ]
  ],
  "lattice": [
    [
      3.6372878551483154,
      0.0005515488446690142,
      0.0
    ],
    [
      1.8171559572219849,
      9.636760711669922,
      0.0
    ],
    [
      0.0,
      0.0,
      24.05626106262207
    ]
  ],
  "properties": {
    "deltaG_H": 0.012234916488329566,
    "thermo_stability": -1.3380430310964586,
    "synth_score": 0.06439929742204431
  }
}