{
  "id": "JVASP-6712",
  "atomic_numbers": [
    83,
    78,
    78
  ],
  "frac_coords": [
    [
      0.0,
      0.0,
      0.2880510091781616
    ],
    [
      0.6666669845581055,
      0.33333298563957214,
      0.21975000202655792
    ],
    [
      0.33333298563957214,
      0.6666669845581055,
      0.3563520014286041
    ]
  ],
  "lattice": [
    [
      3.606506824493408,
      -3.501406098394e-08,
      0.0
    ],
    [
      -1.803252935409546,
      3.123326301574707,
      0.0
    ],
    [
      0.0,
      0.0,
      25.949678421020508
    ]
  ],
  "properties": {
    "deltaG_H": 0.010956103742122652,
    "thermo_stability": -0.7174414068460464,
    "synth_score": 0.19233902519562182
  }
}