{
  "id": "JVASP-60375",
  "atomic_numbers": [
    41,
    41,
    41,
    41,
    41,
    41,
    14,
    14,
    52,
    52,
    52,
    52,
    52,
    52,
    52,
    52,
    52,
    52,
    52,
    52
  ],
  "frac_coords": [
    [
      0.6973632574081421,
      0.9668582081794739,
      0.08032000064849854
    ],
    [
      0.19736310839653015,
      0.5331416130065918,
      0.08032000064849854
    ],
    [
      0.6664576530456543,
      0.6645734906196594,
      0.08032000064849854
    ],
    [
      0.9691717624664307,
      0.31227588653564453,
      0.08032000064849854
    ],
    [
      0.16645711660385132,
      0.835426390171051,
      0.08032000064849854
    ],
    [
      0.4691724181175232,
      0.18772408366203308,
      0.08032000064849854
    ],
    [
      0.07621624320745468,
      0.07466180622577667,
      0.08032000064849854
    ],
    [
      0.5762155652046204,
      0.4253382980823517,
      0.08032000064849854
    ],
    [
      0.3558110296726227,
      0.9971705079078674,
      0.0031782188452780247
    ],
    [
      0.3558110296726227,
      0.9971705079078674,
      0.15746177732944489
    ],
    [
      0.34890174865722656,
      0.6822391748428345,
      0.9996920824050903
    ],
    [
      0.8558107018470764,
      0.5028291344642639,
      0.15746110677719116
    ],
    [
      0.7961245775222778,
      0.15639379620552063,
      0.0010527920676395297
    ],
    [
      0.7961245775222778,
      0.15639379620552063,
      0.15958620607852936
    ],
    [
      0.34890174865722656,
      0.6822391748428345,
      0.16094689071178436
    ],
    [
      0.8489014506340027,
      0.8177602887153625,
      0.9996920824050903
    ],
    [
      0.2961244285106659,
      0.34360578656196594,
      0.15958616137504578
    ],
    [
      0.2961244285106659,
      0.34360578656196594,
      0.001052840263582766
    ],
    [
      0.8489014506340027,
      0.8177602887153625,
      0.16094689071178436
    ],
    [
      0.8558107018470764,
      0.5028291344642639,
      0.0031778900884091854
    ]
  ],
  "lattice": [
    [
      6.429447174072266,
      5.7005905773621635e-08,
      0.0
    ],
    [
      9.83078720651065e-08,
      11.637821197509766,
      0.0
    ],
    [
      0.0,
      0.0,
      23.827651977539062
    ]
  ],
  "properties": {
    "deltaG_H": -0.0029810082912445114,
    "thermo_stability": -2.0,
    "synth_score": 0.01798620996209156
  }
}