{
  "id": "JVASP-75300",
  "atomic_numbers": [
    5,
    5,
    51,
    51,
    8,
    8,
    8,
    8,
    8,
    8
  ],
  "frac_coords": [
    [
      0.11569210141897202,
      0.711029589176178,
      0.4475834369659424
    ],
    [
      0.5103798508644104,
      0.1058100089430809,
      0.5524155497550964
    ],
    [
      0.15473522245883942,
      0.4968654215335846,
      0.565317690372467
    ],
    [
      0.7246015667915344,
      0.06668137013912201,
      0.43468210101127625
    ],
    [
      0.2996383607387543,
      0.9063218235969543,
      0.5750415921211243
    ],
    [
      0.3151687979698181,
      0.9217422008514404,
      0.4249468147754669
    ],
    [
      0.1812751591205597,
      0.5086144208908081,
      0.48157042264938354
    ],
    [
      0.712766170501709,
      0.04019879549741745,
      0.518427848815918
    ],
    [
      0.5210299491882324,
      0.38190123438835144,
      0.5642976760864258
    ],
    [
      0.8396008610725403,
      0.7003921866416931,
      0.4357188045978546
    ]
  ],
  "lattice": [
    [
      4.9478230476379395,
      -0.024117449298501015,
      0.0
    ],
    [
      -1.0759342908859253,
      4.829182147979736,
      0.0
    ],
    [
      0.0,
      0.0,
      23.899574279785156
    ]
  ],
  "properties": {
    "deltaG_H": -0.009060172295570374,
    "thermo_stability": -1.2150564859310786,
    "synth_score": 0.08090506629370971
  }
}