{
  "id": "JVASP-7030",
  "atomic_numbers": [
    19,
    19,
    50,
    16,
    16
  ],
  "frac_coords": [
    [
      0.6666669845581055,
      0.33333298563957214,
      0.14074788987636566
    ],
    [
      0.33333298563957214,
      0.6666669845581055,
      0.35139694809913635
    ],
    [
      0.6666669845581055,
      0.33333298563957214,
      0.24953649938106537
    ],
    [
      0.33333298563957214,
      0.6666669845581055,
      0.19425635039806366
    ],
    [
      0.0,
      0.0,
      0.30170533061027527
    ]
  ],
  "lattice": [
    [
      4.3738813400268555,
      0.0,
      0.0
    ],
    [
      -2.1869406700134277,
      3.7878923416137695,
      0.0
    ],
    [
      0.0,
      0.0,
      30.663145065307617
    ]
  ],
  "properties": {
    "deltaG_H": 0.022773792326450347,
    "thermo_stability": -1.833040768404802,
    "synth_score": 0.024938651128552494
  }
}