{
  "id": "JVASP-77698",
  "atomic_numbers": [
    11,
    3,
    3,
    33
  ],
  "frac_coords": [
    [
      0.0,
      0.0,
      0.5
    ],
    [
      0.5,
      0.5,
      0.595475971698761
    ],
    [
      0.5,
      0.5,
      0.404524028301239
    ],
    [
      0.5,
      0.5,
      0.5
    ]
  ],
  "lattice": [
    [
      3.306034564971924,
      0.0,
      0.0
    ],
    [
      0.0,
      4.893420219421387,
      0.0
    ],
    [
      0.0,
      0.0,
      24.87177848815918
    ]
  ],
  "properties": {
    "deltaG_H": 0.0129241042137146,
    "thermo_stability": -1.3512823899586999,
    "synth_score": 0.06282218378945671
  }
}