{
  "id": "JVASP-76355",
  "atomic_numbers": [
    60,
    60,
    35,
    35,
    35,
    35,
    35,
    35
  ],
  "frac_coords": [
    [
      0.5,
      0.0,
      0.08457478135824203
    ],
    [
      0.0,
      0.5,
      0.0953812226653099
    ],
    [
      0.5,
      0.31628814339637756,
      0.03476787358522415
    ],
    [
      0.0,
      0.0,
      3.030518428204232e-06
    ],
    [
      0.5,
      0.6837118864059448,
      0.03476787358522415
    ],
    [
      0.0,
      0.18371185660362244,
      0.1451881229877472
    ],
    [
      0.0,
      0.8162881135940552,
      0.1451881229877472
    ],
    [
      0.5,
      0.5,
      0.1799529641866684
    ]
  ],
  "lattice": [
    [
      4.090713024139404,
      0.0,
      0.0
    ],
    [
      0.0,
      9.195440292358398,
      0.0
    ],
    [
      0.0,
      0.0,
      24.388933181762695
    ]
  ],
  "properties": {
    "deltaG_H": 0.028246995210647587,
    "thermo_stability": -1.4132759392261507,
    "synth_score": 0.05590611348244401
  }
}