{
  "id": "JVASP-6895",
  "atomic_numbers": [
    6,
    6,
    16,
    16,
    16,
    16
  ],
  "frac_coords": [
    [
      0.5,
      0.0,
      0.16500599682331085
    ],
    [
      0.0,
      0.5,
      0.16500599682331085
    ],
    [
      0.6717902421951294,
      0.0,
      0.11873006820678711
    ],
    [
      0.171790212392807,
      0.5,
      0.11873006820678711
    ],
    [
      0.328209787607193,
      0.0,
      0.2112819254398346
    ],
    [
      0.8282097578048706,
      0.5,
      0.2112819254398346
    ]
  ],
  "lattice": [
    [
      4.106980323791504,
      0.0,
      0.0
    ],
    [
      0.0,
      6.83899450302124,
      0.0
    ],
    [
      0.0,
      0.0,
      29.85125732421875
    ]
  ],
  "properties": {
    "deltaG_H": -0.004161561926205953,
    "thermo_stability": -0.0031705394387246955,
    "synth_score": 0.49841473559249605
  }
}