{
  "id": "JVASP-14419",
  "atomic_numbers": [
    27,
    53,
    53
  ],
  "frac_coords": [
    [
      0.3349420130252838,
      0.9772449731826782,
      0.1250009983778
    ],
    [
      0.668274998664856,
      0.6439120173454285,
      0.18314167857170105
    ],
    [
      0.0016090000281110406,
      0.31057798862457275,
      0.06686031818389893
    ]
  ],
  "lattice": [
    [
      3.915152072906494,
      3.4616589594804736e-09,
      0.0
    ],
    [
      -1.9575766324996948,
      3.3906211853027344,
      0.0
    ],
    [
      0.0,
      0.0,
      26.66672134399414
    ]
  ],
  "properties": {
    "deltaG_H": 0.02416172484556834,
    "thermo_stability": -0.3787629723548891,
    "synth_score": 0.3191836512311307
  }
}