{
  "id": "JVASP-75097",
  "atomic_numbers": [
    22,
    22,
    17,
    17,
    8,
    8
  ],
  "frac_coords": [
    [
      0.5,
      0.0,
      0.5283958911895752
    ],
    [
      0.0,
      0.5,
      0.4716041088104248
    ],
    [
      0.5,
      0.5,
      0.4006478786468506
    ],
    [
      0.0,
      0.0,
      0.5993521213531494
    ],
    [
      0.0,
      0.0,
      0.4767546057701111
    ],
    [
      0.5,
      0.5,
      0.5232453942298889
    ]
  ],
  "lattice": [
    [
      3.2495932579040527,
      0.0,
      0.0
    ],
    [
      0.0,
      4.009984016418457,
      0.0
    ],
    [
      0.0,
      0.0,
      25.236557006835938
    ]
  ],
  "properties": {
    "deltaG_H": 0.0028765980402628588,
    "thermo_stability": -1.6367373784383141,
    "synth_score": 0.03649245622642505
  }
}