{
  "id": "JVASP-27758",
  "atomic_numbers": [
    72,
    72,
    7,
    7,
    17,
    17
  ],
  "frac_coords": [
    [
      0.0,
      0.0,
      0.12520438432693481
    ],
    [
      0.6666669845581055,
      0.33333298563957214,
      0.22024261951446533
    ],
    [
      0.6666669845581055,
      0.33333298563957214,
      0.1415545493364334
    ],
    [
      0.0,
      0.0,
      0.20389243960380554
    ],
    [
      0.33333298563957214,
      0.6666669845581055,
      0.059461258351802826
    ],
    [
      0.33333298563957214,
      0.6666669845581055,
      0.2859857380390167
    ]
  ],
  "lattice": [
    [
      3.5776894092559814,
      -1.8675330171191717e-09,
      0.0
    ],
    [
      -1.7888442277908325,
      3.098369836807251,
      0.0
    ],
    [
      0.0,
      0.0,
      27.516582489013672
    ]
  ],
  "properties": {
    "deltaG_H": 0.005082969506581624,
    "thermo_stability": -2.0,
    "synth_score": 0.01798620996209156
  }
}