{
  "id": "JVASP-75375",
  "atomic_numbers": [
    50,
    50,
    17,
    17,
    9,
    9
  ],
  "frac_coords": [
    [
      0.5,
      0.0,
      0.5603715777397156
    ],
    [
      0.0,
      0.5,
      0.43962839245796204
    ],
    [
      0.0,
      0.5,
      0.6059781312942505
    ],
    [
      0.5,
      0.0,
      0.3940218985080719
    ],
    [
      0.5,
      0.5,
      0.5
    ],
    [
      0.0,
      0.0,
      0.5
    ]
  ],
  "lattice": [
    [
      3.943143606185913,
      0.0,
      0.0
    ],
    [
      0.0,
      3.943143606185913,
      0.0
    ],
    [
      0.0,
      0.0,
      25.1453857421875
    ]
  ],
  "properties": {
    "deltaG_H": 0.02219348172346751,
    "thermo_stability": -1.8576038797696435,
    "synth_score": 0.02377153560307125
  }
}