{
  "id": "JVASP-5974",
  "atomic_numbers": [
    24,
    24,
    34,
    34
  ],
  "frac_coords": [
    [
      0.8951659798622131,
      0.8951659798622131,
      0.12006799876689911
    ],
    [
      0.3951660096645355,
      0.3951660096645355,
      0.12006799876689911
    ],
    [
      0.8951659798622131,
      0.3951660096645355,
      0.18405751883983612
    ],
    [
      0.3951660096645355,
      0.8951659798622131,
      0.05607948079705238
    ]
  ],
  "lattice": [
    [
      3.505244493484497,
      0.0,
      0.0
    ],
    [
      0.0,
      3.505244493484497,
      0.0
    ],
    [
      0.0,
      0.0,
      26.32051658630371
    ]
  ],
  "properties": {
    "deltaG_H": 0.006054225862026215,
    "thermo_stability": -0.457967288295428,
    "synth_score": 0.2857869760128611
  }
}