{
  "id": "JVASP-6382",
  "atomic_numbers": [
    41,
    41,
    41,
    52,
    17,
    17,
    17,
    17,
    17,
    17,
    17
  ],
  "frac_coords": [
    [
      0.9469132423400879,
      0.47345611453056335,
      0.12903070449829102
    ],
    [
      0.5265438556671143,
      0.47345611453056335,
      0.12903070449829102
    ],
    [
      0.5265438556671143,
      0.053086765110492706,
      0.12903070449829102
    ],
    [
      0.6666669845581055,
      0.33333298563957214,
      0.21258355677127838
    ],
    [
      0.8326077461242676,
      0.6652145385742188,
      0.0672672837972641
    ],
    [
      0.8326077461242676,
      0.16739223897457123,
      0.0672672837972641
    ],
    [
      0.33478546142578125,
      0.16739223897457123,
      0.0672672837972641
    ],
    [
      0.33333298563957214,
      0.6666669845581055,
      0.07549835741519928
    ],
    [
      0.16613247990608215,
      0.8338675498962402,
      0.1791703701019287
    ],
    [
      0.16613247990608215,
      0.3322649598121643,
      0.1791703701019287
    ],
    [
      0.6677350401878357,
      0.8338675498962402,
      0.1791703701019287
    ]
  ],
  "lattice": [
    [
      6.9388861656188965,
      3.879596643940886e-09,
      0.0
    ],
    [
      -3.4694435596466064,
      6.009252548217773,
      0.0
    ],
    [
      0.0,
      0.0,
      25.792089462280273
    ]
  ],
  "properties": {
    "deltaG_H": 0.01787141198461706,
    "thermo_stability": -0.7888385325670242,
    "synth_score": 0.17112471787036249
  }
}