{
  "id": "JVASP-75178",
  "atomic_numbers": [
    48,
    48,
    51,
    51,
    16,
    16,
    16,
    16,
    17,
    17
  ],
  "frac_coords": [
    [
      0.5,
      -0.013130130246281624,
      0.5059146285057068
    ],
    [
      0.5,
      0.4868698716163635,
      0.4940854012966156
    ],
    [
      0.0,
      0.2092815637588501,
      0.42183077335357666
    ],
    [
      0.0,
      0.7092815637588501,
      0.5781692266464233
    ],
    [
      0.5,
      0.24629302322864532,
      0.4881897568702698
    ],
    [
      0.0,
      0.5003875494003296,
      0.567782998085022
    ],
    [
      0.0,
      0.00038756057620048523,
      0.432217001914978
    ],
    [
      0.5,
      0.7462930083274841,
      0.5118102431297302
    ],
    [
      0.0,
      0.0022289790213108063,
      0.5770791172981262
    ],
    [
      0.0,
      0.5022289752960205,
      0.4229208827018738
    ]
  ],
  "lattice": [
    [
      3.7450661659240723,
      0.0,
      0.0
    ],
    [
      0.0,
      11.49271011352539,
      0.0
    ],
    [
      0.0,
      0.0,
      25.525211334228516
    ]
  ],
  "properties": {
    "deltaG_H": 0.01158026828765869,
    "thermo_stability": -0.9831615954637527,
    "synth_score": 0.12278436095605147
  }
}