{
  "id": "JVASP-8999",
  "atomic_numbers": [
    11,
    11,
    30,
    30,
    15,
    15
  ],
  "frac_coords": [
    [
      0.3512279987335205,
      0.8512279987335205,
      0.2195797860622406
    ],
    [
      0.8512279987335205,
      0.3512279987335205,
      0.03771420940756798
    ],
    [
      0.8512279987335205,
      0.8512279987335205,
      0.12864699959754944
    ],
    [
      0.3512279987335205,
      0.3512279987335205,
      0.12864699959754944
    ],
    [
      0.8512279987335205,
      0.3512279987335205,
      0.1851043403148651
    ],
    [
      0.3512279987335205,
      0.8512279987335205,
      0.07218965888023376
    ]
  ],
  "lattice": [
    [
      4.0061259269714355,
      0.0,
      0.0
    ],
    [
      0.0,
      4.0061259269714355,
      0.0
    ],
    [
      0.0,
      0.0,
      26.928569793701172
    ]
  ],
  "properties": {
    "deltaG_H": 0.010656305789947508,
    "thermo_stability": -1.3560928821563722,
    "synth_score": 0.062258119823826605
  }
}