{
  "id": "JVASP-76562",
  "atomic_numbers": [
    52,
    52,
    1,
    1,
    1,
    1,
    8,
    8,
    8,
    8,
    8,
    8,
    8,
    8
  ],
  "frac_coords": [
    [
      0.2501692473888397,
      0.47261446714401245,
      0.08666941523551941
    ],
    [
      0.7498307824134827,
      0.9726144671440125,
      0.08666941523551941
    ],
    [
      0.03496949374675751,
      0.6752920150756836,
      0.17118117213249207
    ],
    [
      0.4765223264694214,
      0.5717220306396484,
      0.000612011062912643
    ],
    [
      0.5234776735305786,
      0.07172203063964844,
      0.000612011062912643
    ],
    [
      0.9650304913520813,
      0.17529204487800598,
      0.17118117213249207
    ],
    [
      0.10482603311538696,
      0.4999822974205017,
      0.16183681786060333
    ],
    [
      0.3952845633029938,
      0.4100346267223358,
      0.011956945061683655
    ],
    [
      0.9370805621147156,
      0.2671801447868347,
      0.06072350591421127
    ],
    [
      0.43291959166526794,
      0.17495237290859222,
      0.11202012747526169
    ],
    [
      0.5670804381370544,
      0.6749523878097534,
      0.11202012747526169
    ],
    [
      0.06291944533586502,
      0.7671801447868347,
      0.06072350591421127
    ],
    [
      0.6047154664993286,
      0.9100346565246582,
      0.011956945061683655
    ],
    [
      0.895173966884613,
      -1.769053233147133e-05,
      0.16183681786060333
    ]
  ],
  "lattice": [
    [
      -4.9060750007629395,
      0.0,
      0.0
    ],
    [
      0.0,
      -5.253178119659424,
      -0.35298699140548706
    ],
    [
      0.0,
      0.0,
      24.194826126098633
    ]
  ],
  "properties": {
    "deltaG_H": -0.01708088896104268,
    "thermo_stability": -2.0,
    "synth_score": 0.01798620996209156
  }
}