{
  "id": "JVASP-28006",
  "atomic_numbers": [
    90,
    90,
    90,
    90,
    52,
    52,
    52,
    52,
    52,
    52,
    52,
    52,
    53,
    53,
    53,
    53,
    53,
    53,
    53,
    53
  ],
  "frac_coords": [
    [
      0.0,
      0.14314815402030945,
      0.5
    ],
    [
      0.0,
      0.8568518161773682,
      0.5
    ],
    [
      0.5,
      0.35685184597969055,
      0.5
    ],
    [
      0.5,
      0.6431481838226318,
      0.5
    ],
    [
      0.16147272288799286,
      0.5,
      0.4668542742729187
    ],
    [
      0.838527262210846,
      0.5,
      0.5331457257270813
    ],
    [
      0.37224796414375305,
      0.5,
      0.40016525983810425
    ],
    [
      0.6277520656585693,
      0.5,
      0.5998347401618958
    ],
    [
      0.33852729201316833,
      0.0,
      0.5331457257270813
    ],
    [
      0.12775205075740814,
      0.0,
      0.5998347401618958
    ],
    [
      0.8722479343414307,
      0.0,
      0.40016525983810425
    ],
    [
      0.661472737789154,
      0.0,
      0.4668542742729187
    ],
    [
      0.23214782774448395,
      0.7918174862861633,
      0.42419546842575073
    ],
    [
      0.7678521871566772,
      0.20818251371383667,
      0.5758045315742493
    ],
    [
      0.23214782774448395,
      0.20818251371383667,
      0.42419546842575073
    ],
    [
      0.7321478128433228,
      0.29181748628616333,
      0.42419546842575073
    ],
    [
      0.26785215735435486,
      0.29181748628616333,
      0.5758045315742493
    ],
    [
      0.26785215735435486,
      0.7081825137138367,
      0.5758045315742493
    ],
    [
      0.7321478128433228,
      0.7081825137138367,
      0.42419546842575073
    ],
    [
      0.7678521871566772,
      0.7918174862861633,
      0.5758045315742493
    ]
  ],
  "lattice": [
    [
      7.295685291290283,
      0.0,
      -2.562235116958618
    ],
    [
      0.0,
      14.325222969055176,
      0.0
    ],
    [
      0.0,
      0.0,
      26.434289932250977
    ]
  ],
  "properties": {
    "deltaG_H": 0.020389534473419187,
    "thermo_stability": -1.8161584605773293,
    "synth_score": 0.025772999562051743
  }
}