{
  "id": "JVASP-75086",
  "atomic_numbers": [
    3,
    3,
    26,
    26,
    15,
    15
  ],
  "frac_coords": [
    [
      0.5,
      0.0,
      0.5827144980430603
    ],
    [
      0.0,
      0.5,
      0.4172855019569397
    ],
    [
      0.0,
      0.0,
      0.5
    ],
    [
      0.5,
      0.5,
      0.5
    ],
    [
      0.0,
      0.5,
      0.5523006916046143
    ],
    [
      0.5,
      0.0,
      0.44769930839538574
    ]
  ],
  "lattice": [
    [
      3.6544086933135986,
      0.0,
      0.0
    ],
    [
      0.0,
      3.6544086933135986,
      0.0
    ],
    [
      0.0,
      0.0,
      24.08282470703125
    ]
  ],
  "properties": {
    "deltaG_H": 0.005076724529266358,
    "thermo_stability": -1.082149934768677,
    "synth_score": 0.10300249498027209
  }
}