{
  "id": "JVASP-750",
  "atomic_numbers": [
    50,
    8,
    8
  ],
  "frac_coords": [
    [
      0.0019756013061851263,
      0.991662859916687,
      0.18937551975250244
    ],
    [
      0.3353339731693268,
      0.6590097546577454,
      0.22026193141937256
    ],
    [
      0.6686204075813293,
      0.3243134021759033,
      0.15845255553722382
    ]
  ],
  "lattice": [
    [
      -3.229794979095459,
      -6.988691893639043e-05,
      0.0
    ],
    [
      1.6147865056991577,
      2.797078847885132,
      0.0
    ],
    [
      -0.033023402094841,
      -0.06126708164811134,
      -32.567935943603516
    ]
  ],
  "properties": {
    "deltaG_H": 0.007804761032263437,
    "thermo_stability": 0.5283670206864675,
    "synth_score": 0.7420659218337089
  }
}