{
  "id": "JVASP-76659",
  "atomic_numbers": [
    50,
    50,
    34,
    34
  ],
  "frac_coords": [
    [
      0.5,
      0.0,
      -0.0018709745490923524
    ],
    [
      0.0,
      0.5,
      0.12273397296667099
    ],
    [
      0.5,
      0.0,
      0.11766643077135086
    ],
    [
      0.0,
      0.5,
      0.0031965665984898806
    ]
  ],
  "lattice": [
    [
      4.308428764343262,
      -0.0,
      0.0
    ],
    [
      0.0,
      4.308428764343262,
      0.0
    ],
    [
      0.0,
      0.0,
      22.74958610534668
    ]
  ],
  "properties": {
    "deltaG_H": 0.019396428912878037,
    "thermo_stability": -0.4017491310834884,
    "synth_score": 0.3092777044194699
  }
}