{
  "id": "JVASP-6523",
  "atomic_numbers": [
    51,
    51,
    51,
    51,
    16,
    16,
    16,
    16,
    16,
    16
  ],
  "frac_coords": [
    [
      0.25,
      0.9642503261566162,
      0.29892635345458984
    ],
    [
      0.75,
      0.03574967384338379,
      0.1653706282377243
    ],
    [
      0.75,
      0.6579902768135071,
      0.2531142234802246
    ],
    [
      0.25,
      0.34200969338417053,
      0.21118277311325073
    ],
    [
      0.25,
      0.5377329587936401,
      0.29539111256599426
    ],
    [
      0.75,
      0.4622670114040375,
      0.16890589892864227
    ],
    [
      0.25,
      0.86629319190979,
      0.21380439400672913
    ],
    [
      0.75,
      0.13370682299137115,
      0.2504926025867462
    ],
    [
      0.25,
      0.18756668269634247,
      0.13336282968521118
    ],
    [
      0.75,
      0.8124333024024963,
      0.33093518018722534
    ]
  ],
  "lattice": [
    [
      3.8602235317230225,
      0.0,
      0.0
    ],
    [
      0.0,
      10.748641967773438,
      0.0
    ],
    [
      0.0,
      0.0,
      26.13389778137207
    ]
  ],
  "properties": {
    "deltaG_H": 0.011071785259246826,
    "thermo_stability": -1.77907081147035,
    "synth_score": 0.027702433815768306
  }
}