{
  "id": "JVASP-6127",
  "atomic_numbers": [
    44,
    44,
    35,
    35,
    35,
    35,
    35,
    35
  ],
  "frac_coords": [
    [
      0.7499989867210388,
      0.25399404764175415,
      0.2264070063829422
    ],
    [
      0.25000104308128357,
      0.25399404764175415,
      0.2264070063829422
    ],
    [
      0.5,
      0.09636212885379791,
      0.1617736518383026
    ],
    [
      0.0,
      0.41162145137786865,
      0.16177405416965485
    ],
    [
      0.0,
      0.9364853501319885,
      0.2264070063829422
    ],
    [
      0.5,
      0.5715084671974182,
      0.2264070063829422
    ],
    [
      0.0,
      0.41162145137786865,
      0.29103994369506836
    ],
    [
      0.5,
      0.09636212885379791,
      0.2910403311252594
    ]
  ],
  "lattice": [
    [
      5.876579761505127,
      0.0,
      0.0
    ],
    [
      0.0,
      6.402523040771484,
      0.0
    ],
    [
      0.0,
      0.0,
      27.41300392150879
    ]
  ],
  "properties": {
    "deltaG_H": 0.02132804036140442,
    "thermo_stability": -0.5636621435483298,
    "synth_score": 0.2446552322068505
  }
}