{
  "id": "JVASP-27890",
  "atomic_numbers": [
    22,
    22,
    35,
    35,
    8,
    8
  ],
  "frac_coords": [
    [
      0.0,
      0.5,
      0.4743887484073639
    ],
    [
      0.5,
      0.0,
      0.5256112813949585
    ],
    [
      0.5,
      0.5,
      0.3967510461807251
    ],
    [
      0.0,
      0.0,
      0.6032489538192749
    ],
    [
      0.0,
      0.0,
      0.4786473214626312
    ],
    [
      0.5,
      0.5,
      0.5213527083396912
    ]
  ],
  "lattice": [
    [
      3.3776025772094727,
      0.0,
      0.0
    ],
    [
      0.0,
      4.042665004730225,
      0.0
    ],
    [
      0.0,
      0.0,
      25.23836326599121
    ]
  ],
  "properties": {
    "deltaG_H": 0.0030204693476359058,
    "thermo_stability": -1.7666317939758303,
    "synth_score": 0.028380455586146942
  }
}