{
  "id": "JVASP-60367",
  "atomic_numbers": [
    60,
    60,
    52,
    52,
    52,
    52,
    34,
    34
  ],
  "frac_coords": [
    [
      0.0,
      0.0,
      0.21860268712043762
    ],
    [
      0.5,
      0.5,
      0.09191431105136871
    ],
    [
      0.5,
      0.0,
      0.3099868595600128
    ],
    [
      0.0,
      0.5,
      0.30998578667640686
    ],
    [
      0.0,
      0.5,
      0.0005291530978865921
    ],
    [
      0.5,
      0.0,
      0.000531226338353008
    ],
    [
      0.5,
      0.5,
      0.19524386525154114
    ],
    [
      0.0,
      0.0,
      0.11527213454246521
    ]
  ],
  "lattice": [
    [
      4.309787750244141,
      0.0,
      0.0
    ],
    [
      0.0,
      4.310224533081055,
      0.0
    ],
    [
      0.0,
      0.0,
      29.007205963134766
    ]
  ],
  "properties": {
    "deltaG_H": 0.016256877183914185,
    "thermo_stability": -2.0,
    "synth_score": 0.01798620996209156
  }
}