{
  "id": "JVASP-78021",
  "atomic_numbers": [
    25,
    13,
    13,
    16,
    16,
    16,
    16
  ],
  "frac_coords": [
    [
      0.0,
      0.0,
      0.6263887882232666
    ],
    [
      0.6666669845581055,
      0.6666669845581055,
      0.500968337059021
    ],
    [
      0.33333298563957214,
      0.33333298563957214,
      0.3767012059688568
    ],
    [
      0.0,
      0.0,
      0.5411842465400696
    ],
    [
      0.6666669845581055,
      0.6666669845581055,
      0.34429341554641724
    ],
    [
      0.6666669845581055,
      0.6666669845581055,
      0.6576802134513855
    ],
    [
      0.33333298563957214,
      0.33333298563957214,
      0.45278483629226685
    ]
  ],
  "lattice": [
    [
      3.64298152923584,
      -2.7276012559696028e-09,
      0.0
    ],
    [
      1.8214917182922363,
      3.154914617538452,
      0.0
    ],
    [
      0.0,
      0.0,
      29.143014907836914
    ]
  ],
  "properties": {
    "deltaG_H": 0.0030783915519714353,
    "thermo_stability": -2.0,
    "synth_score": 0.01798620996209156
  }
}