{
  "id": "JVASP-7012",
  "atomic_numbers": [
    13,
    7
  ],
  "frac_coords": [
    [
      0.6666669845581055,
      0.33333298563957214,
      0.09191498160362244
    ],
    [
      0.33333298563957214,
      0.6666669845581055,
      0.09191001951694489
    ]
  ],
  "lattice": [
    [
      3.1312577724456787,
      0.0,
      0.0
    ],
    [
      -1.5656288862228394,
      2.7117490768432617,
      0.0
    ],
    [
      0.0,
      0.0,
      24.01695442199707
    ]
  ],
  "properties": {
    "deltaG_H": 0.004656626641750336,
    "thermo_stability": 0.9777788788080215,
    "synth_score": 0.8760513952377038
  }
}