{
  "id": "JVASP-6556",
  "atomic_numbers": [
    57,
    35,
    35
  ],
  "frac_coords": [
    [
      0.0,
      0.0,
      0.15116000175476074
    ],
    [
      0.33333298563957214,
      0.6666669845581055,
      0.07465013116598129
    ],
    [
      0.33333298563957214,
      0.6666669845581055,
      0.22767086327075958
    ]
  ],
  "lattice": [
    [
      4.092441082000732,
      7.809890512078255e-09,
      0.0
    ],
    [
      -2.0462210178375244,
      3.5441579818725586,
      0.0
    ],
    [
      0.0,
      0.0,
      25.29343032836914
    ]
  ],
  "properties": {
    "deltaG_H": 0.029688719908396402,
    "thermo_stability": -0.8676298379898071,
    "synth_score": 0.14991604523063654
  }
}