{
  "id": "JVASP-6097",
  "atomic_numbers": [
    23,
    23,
    17,
    17,
    17,
    17,
    17,
    17
  ],
  "frac_coords": [
    [
      0.33333298563957214,
      0.6666669845581055,
      0.2553505003452301
    ],
    [
      0.0,
      0.0,
      0.2553505003452301
    ],
    [
      0.6666607856750488,
      0.6855292320251465,
      0.20217113196849823
    ],
    [
      0.01886845752596855,
      0.33333921432495117,
      0.20217113196849823
    ],
    [
      0.31447073817253113,
      0.9811315536499023,
      0.20217113196849823
    ],
    [
      0.018862256780266762,
      0.6855354309082031,
      0.3085298538208008
    ],
    [
      0.3144645392894745,
      0.3333267867565155,
      0.3085298538208008
    ],
    [
      0.6666731834411621,
      0.981137752532959,
      0.3085298538208008
    ]
  ],
  "lattice": [
    [
      6.015368938446045,
      1.5229143457418104e-07,
      0.0
    ],
    [
      -3.0076849460601807,
      5.209461688995361,
      0.0
    ],
    [
      0.0,
      0.0,
      25.646682739257812
    ]
  ],
  "properties": {
    "deltaG_H": 0.019229050576686862,
    "thermo_stability": -0.3023581127325694,
    "synth_score": 0.3532654384172963
  }
}