{
  "id": "JVASP-6196",
  "atomic_numbers": [
    68,
    68,
    16,
    16,
    17,
    17
  ],
  "frac_coords": [
    [
      0.5254979729652405,
      0.2613680064678192,
      0.18510353565216064
    ],
    [
      0.025498000904917717,
      0.7613679766654968,
      0.10361046344041824
    ],
    [
      0.5254979729652405,
      0.7613679766654968,
      0.1707768738269806
    ],
    [
      0.025498000904917717,
      0.2613680064678192,
      0.1179361343383789
    ],
    [
      0.025498000904917717,
      0.2613680064678192,
      0.24771784245967865
    ],
    [
      0.5254979729652405,
      0.7613679766654968,
      0.04099516198039055
    ]
  ],
  "lattice": [
    [
      3.921443462371826,
      0.0,
      0.0
    ],
    [
      0.0,
      5.305423259735107,
      0.0
    ],
    [
      0.0,
      0.0,
      28.118061065673828
    ]
  ],
  "properties": {
    "deltaG_H": 0.015235598484675091,
    "thermo_stability": -1.7703778341412546,
    "synth_score": 0.028174589802602082
  }
}