{
  "id": "JVASP-6625",
  "atomic_numbers": [
    38,
    38,
    38,
    14,
    14
  ],
  "frac_coords": [
    [
      0.6666669845581055,
      0.33333298563957214,
      0.047225721180438995
    ],
    [
      0.0,
      0.0,
      0.13703200221061707
    ],
    [
      0.33333298563957214,
      0.6666669845581055,
      0.22683827579021454
    ],
    [
      0.33333298563957214,
      0.6666669845581055,
      0.08737505972385406
    ],
    [
      0.6666669845581055,
      0.33333298563957214,
      0.18668894469738007
    ]
  ],
  "lattice": [
    [
      5.087597370147705,
      0.0,
      0.0
    ],
    [
      -2.5437986850738525,
      4.405988693237305,
      0.0
    ],
    [
      0.0,
      0.0,
      27.5506534576416
    ]
  ],
  "properties": {
    "deltaG_H": 0.029181825518608095,
    "thermo_stability": -1.31576554675897,
    "synth_score": 0.06713649587024191
  }
}