{
  "id": "JVASP-60595",
  "atomic_numbers": [
    31,
    31,
    32,
    32,
    52,
    52
  ],
  "frac_coords": [
    [
      0.6666659712791443,
      0.3333339989185333,
      0.2479085773229599
    ],
    [
      0.3333339989185333,
      0.6666659712791443,
      0.04510841891169548
    ],
    [
      0.6666659712791443,
      0.3333339989185333,
      0.1608223170042038
    ],
    [
      0.3333339989185333,
      0.6666659712791443,
      0.13219468295574188
    ],
    [
      0.0,
      0.0,
      0.2929982841014862
    ],
    [
      0.0,
      0.0,
      1.8728866052697413e-05
    ]
  ],
  "lattice": [
    [
      2.0531859397888184,
      -3.5562219619750977,
      0.0
    ],
    [
      2.0531859397888184,
      3.5562219619750977,
      0.0
    ],
    [
      0.0,
      0.0,
      28.289209365844727
    ]
  ],
  "properties": {
    "deltaG_H": 0.011745768984158834,
    "thermo_stability": -2.0,
    "synth_score": 0.01798620996209156
  }
}