{
  "id": "JVASP-60365",
  "atomic_numbers": [
    24,
    24,
    14,
    14,
    52,
    52,
    52,
    52,
    52,
    52
  ],
  "frac_coords": [
    [
      0.0,
      0.0,
      0.07350743561983109
    ],
    [
      0.6666669845581055,
      0.33333298563957214,
      0.0734705850481987
    ],
    [
      0.33333298563957214,
      0.6666669845581055,
      0.12256762385368347
    ],
    [
      0.33333298563957214,
      0.6666669845581055,
      0.024731561541557312
    ],
    [
      0.9694330096244812,
      0.6666265726089478,
      0.14747987687587738
    ],
    [
      0.6971935629844666,
      0.030567018315196037,
      0.14747987687587738
    ],
    [
      0.33337345719337463,
      0.30280643701553345,
      0.14747987687587738
    ],
    [
      0.33329495787620544,
      0.030348075553774834,
      0.9996240735054016
    ],
    [
      0.9696519374847412,
      0.30294787883758545,
      0.9996240735054016
    ],
    [
      0.6970521211624146,
      0.6667050719261169,
      0.9996240735054016
    ]
  ],
  "lattice": [
    [
      3.413750171661377,
      -5.912787437438965,
      0.0
    ],
    [
      3.4137494564056396,
      5.912787437438965,
      0.0
    ],
    [
      0.0,
      0.0,
      23.449378967285156
    ]
  ],
  "properties": {
    "deltaG_H": -0.009613951206207276,
    "thermo_stability": -2.0,
    "synth_score": 0.01798620996209156
  }
}