{
  "id": "JVASP-5956",
  "atomic_numbers": [
    73,
    34,
    34
  ],
  "frac_coords": [
    [
      0.5375760197639465,
      0.12558400630950928,
      0.1271660029888153
    ],
    [
      0.8709089756011963,
      0.7922509908676147,
      0.188641756772995
    ],
    [
      0.204243004322052,
      0.4589169919490814,
      0.06569024175405502
    ]
  ],
  "lattice": [
    [
      3.506697654724121,
      0.0,
      0.0
    ],
    [
      -1.7533488273620605,
      3.036888599395752,
      0.0
    ],
    [
      0.0,
      0.0,
      26.82159996032715
    ]
  ],
  "properties": {
    "deltaG_H": 0.011429339895645778,
    "thermo_stability": -0.4899322162071864,
    "synth_score": 0.2729186840592868
  }
}