{
  "id": "JVASP-777",
  "atomic_numbers": [
    22,
    34,
    34
  ],
  "frac_coords": [
    [
      0.0,
      0.0,
      0.14538900554180145
    ],
    [
      0.33333298563957214,
      0.6666669845581055,
      0.19573992490768433
    ],
    [
      0.6666669845581055,
      0.33333298563957214,
      0.09503807127475739
    ]
  ],
  "lattice": [
    [
      1.7679370641708374,
      -3.062156915664673,
      0.0
    ],
    [
      1.7679370641708374,
      3.062156915664673,
      0.0
    ],
    [
      0.0,
      0.0,
      30.693805694580078
    ]
  ],
  "properties": {
    "deltaG_H": 0.010861654977003733,
    "thermo_stability": -0.1191056440273921,
    "synth_score": 0.44072719764286306
  }
}