{
  "id": "JVASP-6424",
  "atomic_numbers": [
    60,
    53,
    53
  ],
  "frac_coords": [
    [
      0.01910099945962429,
      0.01910099945962429,
      0.08407200127840042
    ],
    [
      0.5191010236740112,
      0.5191010236740112,
      0.010401354171335697
    ],
    [
      0.5191010236740112,
      0.5191010236740112,
      0.15774264931678772
    ]
  ],
  "lattice": [
    [
      3.8662197589874268,
      0.0,
      0.0
    ],
    [
      0.0,
      3.8662197589874268,
      0.0
    ],
    [
      0.0,
      0.0,
      25.68178367614746
    ]
  ],
  "properties": {
    "deltaG_H": 0.03521335194508235,
    "thermo_stability": -0.7112439021468162,
    "synth_score": 0.19427187060056536
  }
}