{
  "id": "JVASP-60272",
  "atomic_numbers": [
    38,
    38,
    38,
    26,
    26,
    17,
    17,
    8,
    8,
    8,
    8,
    8
  ],
  "frac_coords": [
    [
      0.5,
      0.5,
      0.2905648946762085
    ],
    [
      0.5,
      0.5,
      0.16521799564361572
    ],
    [
      0.5,
      0.5,
      0.03987109288573265
    ],
    [
      0.0,
      0.0,
      0.22904455661773682
    ],
    [
      0.0,
      0.0,
      0.10139144212007523
    ],
    [
      0.0,
      0.0,
      0.3324356973171234
    ],
    [
      0.0,
      0.0,
      0.9980003237724304
    ],
    [
      0.5,
      0.0,
      0.23587395250797272
    ],
    [
      0.0,
      0.5,
      0.23587395250797272
    ],
    [
      0.0,
      0.0,
      0.16521799564361572
    ],
    [
      0.5,
      0.0,
      0.09456204622983932
    ],
    [
      0.0,
      0.5,
      0.09456204622983932
    ]
  ],
  "lattice": [
    [
      3.886228561401367,
      0.0,
      0.0
    ],
    [
      0.0,
      3.886228561401367,
      0.0
    ],
    [
      0.0,
      0.0,
      29.87018585205078
    ]
  ],
  "properties": {
    "deltaG_H": -0.013949029843012491,
    "thermo_stability": -2.0,
    "synth_score": 0.01798620996209156
  }
}