{
  "id": "JVASP-77697",
  "atomic_numbers": [
    56,
    50,
    50,
    50,
    50,
    8,
    8,
    8,
    8,
    8,
    8,
    8,
    8
  ],
  "frac_coords": [
    [
      0.0,
      0.0,
      0.5
    ],
    [
      0.33333298563957214,
      0.6666669845581055,
      0.5822979211807251
    ],
    [
      0.6666669845581055,
      0.33333298563957214,
      0.5822979211807251
    ],
    [
      0.33333298563957214,
      0.6666669845581055,
      0.4177020788192749
    ],
    [
      0.6666669845581055,
      0.33333298563957214,
      0.4177020788192749
    ],
    [
      5.3013149425851225e-15,
      0.32445836067199707,
      0.5931351184844971
    ],
    [
      0.32445836067199707,
      2.1800000566123308e-14,
      0.5931351184844971
    ],
    [
      0.6755416393280029,
      0.6755416393280029,
      0.5931351184844971
    ],
    [
      -5.2735593669694936e-15,
      0.6755416393280029,
      0.40686485171318054
    ],
    [
      0.32445836067199707,
      0.32445836067199707,
      0.40686485171318054
    ],
    [
      0.6755416393280029,
      -2.1800000566123308e-14,
      0.40686485171318054
    ],
    [
      0.33333298563957214,
      0.6666669845581055,
      0.5
    ],
    [
      0.6666669845581055,
      0.33333298563957214,
      0.5
    ]
  ],
  "lattice": [
    [
      5.967805862426758,
      -1.0765630609199661e-09,
      0.0
    ],
    [
      -2.983903408050537,
      5.168271541595459,
      0.0
    ],
    [
      0.0,
      0.0,
      24.409687042236328
    ]
  ],
  "properties": {
    "deltaG_H": 0.0033750025584147526,
    "thermo_stability": -1.47131203810374,
    "synth_score": 0.05008627833092729
  }
}