{
  "id": "JVASP-76622",
  "atomic_numbers": [
    41,
    34,
    34
  ],
  "frac_coords": [
    [
      0.6666659712791443,
      0.3333339989185333,
      0.07211409509181976
    ],
    [
      0.3333339989185333,
      0.6666659712791443,
      0.14418241381645203
    ],
    [
      0.3333339989185333,
      0.6666659712791443,
      4.6493012632708997e-05
    ]
  ],
  "lattice": [
    [
      1.7432795763015747,
      -3.0194478034973145,
      0.0
    ],
    [
      1.7432795763015747,
      3.0194478034973145,
      0.0
    ],
    [
      0.0,
      0.0,
      23.37000274658203
    ]
  ],
  "properties": {
    "deltaG_H": 0.011276209155718486,
    "thermo_stability": -0.45535379946231846,
    "synth_score": 0.28685506244753894
  }
}