{
  "id": "JVASP-75381",
  "atomic_numbers": [
    29,
    1,
    8,
    8
  ],
  "frac_coords": [
    [
      0.5,
      0.0,
      0.5
    ],
    [
      0.0,
      0.5,
      0.5
    ],
    [
      0.0,
      0.250948041677475,
      0.47712329030036926
    ],
    [
      0.0,
      0.7490519881248474,
      0.5228767395019531
    ]
  ],
  "lattice": [
    [
      2.768765687942505,
      0.0,
      0.0
    ],
    [
      0.0,
      4.435542106628418,
      0.0
    ],
    [
      0.0,
      0.0,
      21.010419845581055
    ]
  ],
  "properties": {
    "deltaG_H": -0.013070732951164246,
    "thermo_stability": 0.30560478121042234,
    "synth_score": 0.6482166702225339
  }
}