{
  "id": "JVASP-78030",
  "atomic_numbers": [
    51,
    51,
    52,
    34,
    34
  ],
  "frac_coords": [
    [
      0.3333333134651184,
      0.33333319425582886,
      0.4289588928222656
    ],
    [
      0.6666664481163025,
      0.6666665077209473,
      0.566559374332428
    ],
    [
      0.3333335518836975,
      0.33333367109298706,
      0.632919192314148
    ],
    [
      3.819927485437802e-08,
      6.390595785887854e-08,
      0.49821266531944275
    ],
    [
      0.6666666269302368,
      0.666666567325592,
      0.3733488619327545
    ]
  ],
  "lattice": [
    [
      4.142607688903809,
      1.0065447213492007e-06,
      0.0
    ],
    [
      2.071305274963379,
      3.5876026153564453,
      0.0
    ],
    [
      0.0,
      0.0,
      27.120304107666016
    ]
  ],
  "properties": {
    "deltaG_H": 0.01715928690433502,
    "thermo_stability": -2.0,
    "synth_score": 0.01798620996209156
  }
}