{
  "id": "JVASP-28280",
  "atomic_numbers": [
    47,
    47,
    83,
    83,
    8,
    8,
    8,
    8
  ],
  "frac_coords": [
    [
      0.42295029759407043,
      0.75,
      0.4526926279067993
    ],
    [
      0.577049732208252,
      0.25,
      0.5473073720932007
    ],
    [
      0.9092952013015747,
      0.25,
      0.4340752065181732
    ],
    [
      0.0907047688961029,
      0.75,
      0.5659248232841492
    ],
    [
      0.7012253999710083,
      0.75,
      0.4231005012989044
    ],
    [
      0.1330668032169342,
      0.75,
      0.47704756259918213
    ],
    [
      0.2987746298313141,
      0.25,
      0.5768994688987732
    ],
    [
      0.8669331669807434,
      0.25,
      0.5229524374008179
    ]
  ],
  "lattice": [
    [
      6.664806842803955,
      0.0,
      -0.688746988773346
    ],
    [
      0.0,
      3.5218257904052734,
      0.0
    ],
    [
      0.0,
      0.0,
      23.918970108032227
    ]
  ],
  "properties": {
    "deltaG_H": 0.001149153590202331,
    "thermo_stability": -1.0115546902020776,
    "synth_score": 0.11679785688618269
  }
}