{
  "id": "JVASP-75282",
  "atomic_numbers": [
    3,
    3,
    74,
    16,
    16,
    16,
    16
  ],
  "frac_coords": [
    [
      0.5,
      0.0,
      0.5
    ],
    [
      0.0,
      0.5,
      0.5
    ],
    [
      0.0,
      0.0,
      0.5
    ],
    [
      0.7834994792938232,
      0.21650049090385437,
      0.5552982091903687
    ],
    [
      0.21650049090385437,
      0.21650049090385437,
      0.44470179080963135
    ],
    [
      0.21650049090385437,
      0.7834994792938232,
      0.5552982091903687
    ],
    [
      0.7834994792938232,
      0.7834994792938232,
      0.44470179080963135
    ]
  ],
  "lattice": [
    [
      5.973114967346191,
      0.0,
      0.0
    ],
    [
      0.0,
      5.973114967346191,
      0.0
    ],
    [
      0.0,
      0.0,
      22.481056213378906
    ]
  ],
  "properties": {
    "deltaG_H": 0.0070151805877685545,
    "thermo_stability": -0.5127460926771166,
    "synth_score": 0.26395897091356557
  }
}