{
  "id": "JVASP-6079",
  "atomic_numbers": [
    49,
    49,
    34,
    34
  ],
  "frac_coords": [
    [
      0.6666669845581055,
      0.33333298563957214,
      0.3250255584716797
    ],
    [
      0.6666669845581055,
      0.33333298563957214,
      0.4258766174316406
    ],
    [
      0.33333298563957214,
      0.6666669845581055,
      0.27880364656448364
    ],
    [
      0.33333298563957214,
      0.6666669845581055,
      0.47214218974113464
    ]
  ],
  "lattice": [
    [
      4.056160926818848,
      -5.4550843842093855e-09,
      0.0
    ],
    [
      -2.0280799865722656,
      3.5127382278442383,
      0.0
    ],
    [
      0.0,
      0.0,
      27.889728546142578
    ]
  ],
  "properties": {
    "deltaG_H": 0.017097198367118836,
    "thermo_stability": -1.2445301741361616,
    "synth_score": 0.07662865756903244
  }
}