{
  "id": "JVASP-20005",
  "atomic_numbers": [
    51,
    51,
    17,
    17,
    17,
    17,
    17,
    17,
    17,
    17,
    17,
    17
  ],
  "frac_coords": [
    [
      0.6739039421081543,
      0.25000178813934326,
      0.09518067538738251
    ],
    [
      0.29547592997550964,
      0.7499966621398926,
      0.16174787282943726
    ],
    [
      0.294147253036499,
      0.048472676426172256,
      0.1610284149646759
    ],
    [
      0.31839266419410706,
      0.24999938905239105,
      0.048280756920576096
    ],
    [
      0.8580048680305481,
      0.25000038743019104,
      0.04826889559626579
    ],
    [
      0.8322302103042603,
      0.25000008940696716,
      0.1818588227033615
    ],
    [
      0.2941473722457886,
      0.4515310823917389,
      0.1610284447669983
    ],
    [
      0.6752339601516724,
      0.5484693050384521,
      0.09590061753988266
    ],
    [
      0.11137112975120544,
      0.7499994039535522,
      0.20865847170352936
    ],
    [
      0.6509816646575928,
      0.7500005960464478,
      0.2086486518383026
    ],
    [
      0.13715116679668427,
      0.7499999403953552,
      0.07507167011499405
    ],
    [
      0.6752339005470276,
      0.9515286684036255,
      0.09590070694684982
    ]
  ],
  "lattice": [
    [
      7.271808624267578,
      -1.0748387467174325e-05,
      0.0
    ],
    [
      -1.1951468877668958e-05,
      7.989477634429932,
      0.0
    ],
    [
      -13.284758567810059,
      1.9636068827821873e-05,
      27.0
    ]
  ],
  "properties": {
    "deltaG_H": 0.02133066387971242,
    "thermo_stability": -1.0835295587778093,
    "synth_score": 0.10274783894602396
  }
}