{
  "id": "JVASP-75138",
  "atomic_numbers": [
    83,
    83,
    83,
    83,
    83,
    83,
    83,
    83,
    34,
    34,
    34,
    34,
    8,
    8,
    8,
    8,
    8,
    8,
    8,
    8,
    8,
    8,
    8,
    8,
    8,
    8,
    8,
    8,
    8,
    8,
    8,
    8
  ],
  "frac_coords": [
    [
      0.2566465437412262,
      0.5,
      0.45613914728164673
    ],
    [
      0.7566465735435486,
      0.5,
      0.5438608527183533
    ],
    [
      0.7325923442840576,
      0.5,
      0.355402410030365
    ],
    [
      0.2325923591852188,
      0.5,
      0.644597589969635
    ],
    [
      0.07253000140190125,
      0.16926789283752441,
      0.5432599782943726
    ],
    [
      0.9032620787620544,
      0.8307321071624756,
      0.45674002170562744
    ],
    [
      0.5725299715995789,
      0.16926789283752441,
      0.45674002170562744
    ],
    [
      0.40326210856437683,
      0.8307321071624756,
      0.5432599782943726
    ],
    [
      0.8994870781898499,
      0.8276516795158386,
      0.637765645980835
    ],
    [
      0.07183538377285004,
      0.17234832048416138,
      0.36223435401916504
    ],
    [
      0.5718353986740112,
      0.17234832048416138,
      0.637765645980835
    ],
    [
      0.39948707818984985,
      0.8276516795158386,
      0.36223435401916504
    ],
    [
      0.8580726385116577,
      0.28850364685058594,
      0.6604927778244019
    ],
    [
      0.7635209560394287,
      1.401999989627395e-13,
      0.5
    ],
    [
      0.2635209858417511,
      1.401999989627395e-13,
      0.5
    ],
    [
      0.6576500535011292,
      0.10067273676395416,
      0.5883207321166992
    ],
    [
      0.5569773316383362,
      0.899327278137207,
      0.4116792678833008
    ],
    [
      0.15765006840229034,
      0.10067273676395416,
      0.4116792678833008
    ],
    [
      0.05697732791304588,
      0.899327278137207,
      0.5883207321166992
    ],
    [
      0.5695689916610718,
      0.7114963531494141,
      0.33950722217559814
    ],
    [
      0.1387048065662384,
      0.5,
      0.577454149723053
    ],
    [
      0.627829372882843,
      0.6865962743759155,
      0.6146255731582642
    ],
    [
      0.06236151233315468,
      0.6721117496490479,
      0.5023632645606995
    ],
    [
      0.39024972915649414,
      0.32788822054862976,
      0.49763673543930054
    ],
    [
      0.5623615384101868,
      0.6721117496490479,
      0.49763673543930054
    ],
    [
      0.8902497291564941,
      0.32788822054862976,
      0.5023632645606995
    ],
    [
      0.06956902146339417,
      0.7114963531494141,
      0.6604927778244019
    ],
    [
      0.9412330985069275,
      0.3134037256240845,
      0.38537442684173584
    ],
    [
      0.12782935798168182,
      0.6865962743759155,
      0.38537442684173584
    ],
    [
      0.4412330687046051,
      0.3134037256240845,
      0.6146255731582642
    ],
    [
      0.6387048363685608,
      0.5,
      0.42254582047462463
    ],
    [
      0.3580726683139801,
      0.28850364685058594,
      0.33950722217559814
    ]
  ],
  "lattice": [
    [
      5.508824348449707,
      6.962914134156506e-10,
      0.0
    ],
    [
      -2.7544116973876953,
      8.25266170501709,
      0.0
    ],
    [
      0.0,
      0.0,
      29.763914108276367
    ]
  ],
  "properties": {
    "deltaG_H": -0.006532191753387454,
    "thermo_stability": -2.0,
    "synth_score": 0.01798620996209156
  }
}