{
  "id": "JVASP-27755",
  "atomic_numbers": [
    82,
    9,
    9,
    9,
    9
  ],
  "frac_coords": [
    [
      0.5,
      0.5,
      0.14879000186920166
    ],
    [
      0.5,
      0.5,
      0.07902394235134125
    ],
    [
      0.0,
      0.5,
      0.14879000186920166
    ],
    [
      0.5,
      0.0,
      0.14879000186920166
    ],
    [
      0.5,
      0.5,
      0.21855606138706207
    ]
  ],
  "lattice": [
    [
      4.37418794631958,
      0.0,
      0.0
    ],
    [
      0.0,
      4.37418794631958,
      0.0
    ],
    [
      0.0,
      0.0,
      28.472999572753906
    ]
  ],
  "properties": {
    "deltaG_H": 0.014938337683677675,
    "thermo_stability": -0.4255353455742201,
    "synth_score": 0.2992083038663456
  }
}