{
  "id": "JVASP-77580",
  "atomic_numbers": [
    24,
    24,
    9,
    9,
    9,
    9
  ],
  "frac_coords": [
    [
      0.5,
      0.5,
      0.5
    ],
    [
      0.0,
      0.0,
      0.5
    ],
    [
      0.11892923712730408,
      0.31049400568008423,
      0.4582338333129883
    ],
    [
      0.6189292073249817,
      0.18950597941875458,
      0.5417661666870117
    ],
    [
      0.3810707628726959,
      0.8104940056800842,
      0.4582338333129883
    ],
    [
      0.8810707926750183,
      0.6895059943199158,
      0.5417661666870117
    ]
  ],
  "lattice": [
    [
      3.717865467071533,
      0.0,
      0.0
    ],
    [
      0.0,
      5.50635290145874,
      0.0
    ],
    [
      0.0,
      0.0,
      21.52680206298828
    ]
  ],
  "properties": {
    "deltaG_H": 0.009515475432078044,
    "thermo_stability": 0.07444193760553997,
    "synth_score": 0.5371523662666304
  }
}