{
  "id": "JVASP-75258",
  "atomic_numbers": [
    38,
    38,
    1,
    1,
    1,
    1,
    8,
    8,
    8,
    8,
    8,
    8
  ],
  "frac_coords": [
    [
      0.0,
      0.25148847699165344,
      0.45663920044898987
    ],
    [
      0.0,
      0.7512381076812744,
      0.5433613657951355
    ],
    [
      0.7871386408805847,
      0.2691859006881714,
      0.5925185680389404
    ],
    [
      0.21286135911941528,
      0.2691859006881714,
      0.5925185680389404
    ],
    [
      0.21286454796791077,
      0.7697057723999023,
      0.40748199820518494
    ],
    [
      0.7871354222297668,
      0.7697057723999023,
      0.40748199820518494
    ],
    [
      0.0,
      0.1651066541671753,
      0.5851619839668274
    ],
    [
      0.0,
      0.6655867099761963,
      0.41483843326568604
    ],
    [
      0.5,
      0.9875741600990295,
      0.4150089621543884
    ],
    [
      0.5,
      0.487099826335907,
      0.584989070892334
    ],
    [
      0.5,
      0.4922252893447876,
      0.5129562616348267
    ],
    [
      0.5,
      0.9923034310340881,
      0.4870416224002838
    ]
  ],
  "lattice": [
    [
      3.694650650024414,
      0.0,
      0.0
    ],
    [
      0.0,
      5.957547664642334,
      0.0014489999739453197
    ],
    [
      0.0,
      0.011556343175470829,
      21.11606216430664
    ]
  ],
  "properties": {
    "deltaG_H": -0.015930011868476868,
    "thermo_stability": -2.0,
    "synth_score": 0.01798620996209156
  }
}