{
  "id": "JVASP-60308",
  "atomic_numbers": [
    51,
    51,
    33,
    33,
    8,
    8,
    8,
    8,
    8,
    8
  ],
  "frac_coords": [
    [
      0.4839170277118683,
      0.6748450398445129,
      0.01712583377957344
    ],
    [
      -0.008399774320423603,
      0.1744571477174759,
      0.15403470396995544
    ],
    [
      0.9892349243164062,
      0.24117456376552582,
      0.9771043658256531
    ],
    [
      0.5012335181236267,
      0.7405967116355896,
      0.1940978318452835
    ],
    [
      0.06083955243229866,
      0.5507951378822327,
      0.008407111279666424
    ],
    [
      0.5927140116691589,
      0.3255554437637329,
      0.9821484088897705
    ],
    [
      0.5414097309112549,
      0.562075674533844,
      0.11492455005645752
    ],
    [
      0.038201503455638885,
      0.06194903329014778,
      0.056235771626234055
    ],
    [
      0.5694417953491211,
      0.05051923915743828,
      0.16288334131240845
    ],
    [
      0.10417268425226212,
      0.8250890374183655,
      0.1890970915555954
    ]
  ],
  "lattice": [
    [
      0.14275971055030823,
      -4.483199119567871,
      -0.056182000786066055
    ],
    [
      5.39357852935791,
      -0.17791858315467834,
      0.0
    ],
    [
      0.0,
      0.0,
      19.504737854003906
    ]
  ],
  "properties": {
    "deltaG_H": -0.017451307010650636,
    "thermo_stability": -2.0,
    "synth_score": 0.01798620996209156
  }
}