{
  "id": "JVASP-6706",
  "atomic_numbers": [
    82,
    53,
    53
  ],
  "frac_coords": [
    [
      0.26189500093460083,
      0.9237710237503052,
      0.13640500605106354
    ],
    [
      0.5952280163764954,
      0.5904380083084106,
      0.2057686150074005
    ],
    [
      0.9285619854927063,
      0.2571040093898773,
      0.06704238802194595
    ]
  ],
  "lattice": [
    [
      4.566920280456543,
      1.0000000168623835e-16,
      0.0
    ],
    [
      -2.2834601402282715,
      3.9550693035125732,
      0.0
    ],
    [
      0.0,
      0.0,
      27.50316047668457
    ]
  ],
  "properties": {
    "deltaG_H": 0.03898139158884684,
    "thermo_stability": -0.7528453985850017,
    "synth_score": 0.18157829504128917
  }
}