{
  "id": "JVASP-27901",
  "atomic_numbers": [
    21,
    21,
    1,
    1,
    17,
    17
  ],
  "frac_coords": [
    [
      0.6666669845581055,
      0.33333298563957214,
      0.4508261978626251
    ],
    [
      0.33333298563957214,
      0.6666669845581055,
      0.5491738319396973
    ],
    [
      0.6666669845581055,
      0.33333298563957214,
      0.5287351608276367
    ],
    [
      0.33333298563957214,
      0.6666669845581055,
      0.4712648093700409
    ],
    [
      0.0,
      0.0,
      0.3881804347038269
    ],
    [
      0.0,
      0.0,
      0.6118195652961731
    ]
  ],
  "lattice": [
    [
      3.4878361225128174,
      3.6597342933930577e-09,
      0.0
    ],
    [
      -1.7439186573028564,
      3.020554780960083,
      0.0
    ],
    [
      0.0,
      0.0,
      25.7431640625
    ]
  ],
  "properties": {
    "deltaG_H": 0.003973012765248618,
    "thermo_stability": -2.0,
    "synth_score": 0.01798620996209156
  }
}