{
  "id": "JVASP-680",
  "atomic_numbers": [
    23,
    34,
    34
  ],
  "frac_coords": [
    [
      0.0,
      0.0,
      0.15556299686431885
    ],
    [
      0.6666669845581055,
      0.33333298563957214,
      0.10309194028377533
    ],
    [
      0.33333298563957214,
      0.6666669845581055,
      0.20803405344486237
    ]
  ],
  "lattice": [
    [
      1.6751625537872314,
      -2.9014666080474854,
      0.0
    ],
    [
      1.6751625537872314,
      2.9014666080474854,
      0.0
    ],
    [
      0.0,
      0.0,
      30.00042724609375
    ]
  ],
  "properties": {
    "deltaG_H": 0.009445725480715433,
    "thermo_stability": -0.18977663616339369,
    "synth_score": 0.4062346468654441
  }
}