{
  "id": "JVASP-28095",
  "atomic_numbers": [
    82,
    82,
    82,
    82,
    8,
    8,
    8,
    8,
    8,
    8
  ],
  "frac_coords": [
    [
      0.750001072883606,
      0.75,
      0.4999995231628418
    ],
    [
      0.24999891221523285,
      0.25,
      0.5000004768371582
    ],
    [
      0.7431243658065796,
      0.25,
      0.39279451966285706
    ],
    [
      0.2568756639957428,
      0.75,
      0.6072055101394653
    ],
    [
      0.7449223399162292,
      0.75,
      0.4206007421016693
    ],
    [
      0.7491853833198547,
      0.25,
      0.48749008774757385
    ],
    [
      0.25081464648246765,
      0.75,
      0.5125099420547485
    ],
    [
      0.755085289478302,
      0.75,
      0.5793963670730591
    ],
    [
      0.25507768988609314,
      0.25,
      0.5793992877006531
    ],
    [
      0.2449146807193756,
      0.25,
      0.4206036329269409
    ]
  ],
  "lattice": [
    [
      4.775622367858887,
      0.0,
      -0.057117000222206116
    ],
    [
      0.0,
      4.775960922241211,
      0.0
    ],
    [
      0.0,
      0.0,
      25.528400421142578
    ]
  ],
  "properties": {
    "deltaG_H": 0.003246371865272522,
    "thermo_stability": -1.8947753106554353,
    "synth_score": 0.022106034447299947
  }
}