{
  "id": "JVASP-75078",
  "atomic_numbers": [
    81,
    81,
    81,
    81,
    14,
    14,
    34,
    34,
    34,
    34,
    34,
    34
  ],
  "frac_coords": [
    [
      0.49588099122047424,
      0.8773518204689026,
      0.43964269757270813
    ],
    [
      0.027651997283101082,
      0.941746175289154,
      0.5603572726249695
    ],
    [
      0.17924869060516357,
      0.3566206693649292,
      0.4107113182544708
    ],
    [
      0.3442833125591278,
      0.46247732639312744,
      0.5892887115478516
    ],
    [
      0.8248625993728638,
      0.5741522908210754,
      0.5140659213066101
    ],
    [
      0.69866943359375,
      0.2449456751346588,
      0.4859340488910675
    ],
    [
      0.8952980637550354,
      0.06307832896709442,
      0.44489413499832153
    ],
    [
      0.6282339096069336,
      0.756019651889801,
      0.5551058650016785
    ],
    [
      0.13648758828639984,
      0.6425710320472717,
      0.49393075704574585
    ],
    [
      0.38704541325569153,
      0.17652694880962372,
      0.5060692429542542
    ],
    [
      0.8353124260902405,
      0.34659942984580994,
      0.5665385723114014
    ],
    [
      0.6882196068763733,
      0.4724985659122467,
      0.433461457490921
    ]
  ],
  "lattice": [
    [
      6.719768047332764,
      0.21724136173725128,
      0.0
    ],
    [
      0.19127966463565826,
      8.700992584228516,
      0.0
    ],
    [
      0.0,
      0.0,
      24.355266571044922
    ]
  ],
  "properties": {
    "deltaG_H": 0.008761010766029358,
    "thermo_stability": -1.4238762279351556,
    "synth_score": 0.05479761197547692
  }
}