{
  "id": "JVASP-19510",
  "atomic_numbers": [
    41,
    34,
    34
  ],
  "frac_coords": [
    [
      0.5238739848136902,
      0.11555299907922745,
      0.13619500398635864
    ],
    [
      0.19054099917411804,
      0.4488860070705414,
      0.2037888616323471
    ],
    [
      0.8572070002555847,
      0.7822200059890747,
      0.06860213726758957
    ]
  ],
  "lattice": [
    [
      3.5018210411071777,
      -2.3657082959260833e-09,
      0.0
    ],
    [
      -1.750910997390747,
      3.032665967941284,
      0.0
    ],
    [
      0.0,
      0.0,
      24.738550186157227
    ]
  ],
  "properties": {
    "deltaG_H": 0.0114363960425059,
    "thermo_stability": -0.6938525706529617,
    "synth_score": 0.19977437070166032
  }
}