{
  "id": "JVASP-14443",
  "atomic_numbers": [
    39,
    39,
    35,
    35,
    8,
    8
  ],
  "frac_coords": [
    [
      0.6666693687438965,
      0.3333306312561035,
      0.619531512260437
    ],
    [
      0.9999951720237732,
      4.801218892680481e-06,
      0.7138062119483948
    ],
    [
      0.3333353102207184,
      0.666664719581604,
      0.5560474991798401
    ],
    [
      0.33333614468574524,
      0.6666638255119324,
      0.77727872133255
    ],
    [
      8.950748053848656e-08,
      0.9999998807907104,
      0.6384027004241943
    ],
    [
      0.6666638851165771,
      0.33333611488342285,
      0.6949333548545837
    ]
  ],
  "lattice": [
    [
      3.8334622383117676,
      -2.1237521650618874e-05,
      0.0
    ],
    [
      -1.9167495965957642,
      3.3198652267456055,
      0.0
    ],
    [
      0.0,
      0.0,
      30.308700561523438
    ]
  ],
  "properties": {
    "deltaG_H": 0.007948681513468425,
    "thermo_stability": -2.0,
    "synth_score": 0.01798620996209156
  }
}