{
  "id": "JVASP-75043",
  "atomic_numbers": [
    40,
    7,
    7
  ],
  "frac_coords": [
    [
      0.0,
      0.0,
      0.5
    ],
    [
      0.666671097278595,
      0.666671097278595,
      0.4562625288963318
    ],
    [
      0.33332890272140503,
      0.33332890272140503,
      0.5437374711036682
    ]
  ],
  "lattice": [
    [
      3.394657850265503,
      0.0004044052620884031,
      0.0
    ],
    [
      1.697124719619751,
      2.9399776458740234,
      0.0
    ],
    [
      0.0,
      0.0,
      21.95050621032715
    ]
  ],
  "properties": {
    "deltaG_H": 0.0048989014625549325,
    "thermo_stability": 0.1013337155183156,
    "synth_score": 0.5504941425569058
  }
}