{
  "id": "JVASP-6670",
  "atomic_numbers": [
    78,
    78,
    82
  ],
  "frac_coords": [
    [
      0.6666669845581055,
      0.33333298563957214,
      0.18830277025699615
    ],
    [
      0.33333298563957214,
      0.6666669845581055,
      0.40283623337745667
    ],
    [
      0.0,
      0.0,
      0.2955699861049652
    ]
  ],
  "lattice": [
    [
      2.913097620010376,
      -1.2821824668662885e-07,
      0.0
    ],
    [
      -1.4565485715866089,
      2.5228164196014404,
      0.0
    ],
    [
      0.0,
      0.0,
      24.45821762084961
    ]
  ],
  "properties": {
    "deltaG_H": 0.018036448657512666,
    "thermo_stability": -2.0,
    "synth_score": 0.01798620996209156
  }
}