{
  "id": "JVASP-75350",
  "atomic_numbers": [
    3,
    26,
    9,
    9,
    9,
    9
  ],
  "frac_coords": [
    [
      0.0,
      0.0,
      0.5
    ],
    [
      0.5,
      0.5,
      0.5
    ],
    [
      0.25463318824768066,
      0.7455476522445679,
      0.5424470901489258
    ],
    [
      0.7453678250312805,
      0.25445231795310974,
      0.5424470901489258
    ],
    [
      0.25445231795310974,
      0.25463318824768066,
      0.4575529098510742
    ],
    [
      0.7455476522445679,
      0.7453678250312805,
      0.4575529098510742
    ]
  ],
  "lattice": [
    [
      4.585680961608887,
      1.571366858854617e-08,
      0.0
    ],
    [
      -1.571366858854617e-08,
      4.585680961608887,
      0.0
    ],
    [
      0.0,
      0.0,
      21.57829475402832
    ]
  ],
  "properties": {
    "deltaG_H": 0.009199358622233074,
    "thermo_stability": 0.13621194461981445,
    "synth_score": 0.5676878691921909
  }
}