{
  "id": "JVASP-5950",
  "atomic_numbers": [
    21,
    21,
    6
  ],
  "frac_coords": [
    [
      0.6666669845581055,
      0.33333298563957214,
      0.05639796331524849
    ],
    [
      0.33333298563957214,
      0.6666669845581055,
      0.14132103323936462
    ],
    [
      0.0,
      0.0,
      0.098860003054142
    ]
  ],
  "lattice": [
    [
      3.3031678199768066,
      0.0,
      0.0
    ],
    [
      -1.6515839099884033,
      2.860626697540283,
      0.0
    ],
    [
      0.0,
      0.0,
      28.66827392578125
    ]
  ],
  "properties": {
    "deltaG_H": 0.0035508337616920477,
    "thermo_stability": 0.14387402236461633,
    "synth_score": 0.5714447278285423
  }
}