{
  "id": "JVASP-19584",
  "atomic_numbers": [
    81,
    81,
    50,
    33,
    33,
    16,
    16,
    16,
    16,
    16,
    16
  ],
  "frac_coords": [
    [
      0.20653299987316132,
      0.30589398741722107,
      0.23670020699501038
    ],
    [
      0.5398669838905334,
      0.9725599884986877,
      0.0357917957007885
    ],
    [
      0.873199999332428,
      0.6392269730567932,
      0.136245995759964
    ],
    [
      0.20653299987316132,
      0.30589398741722107,
      0.11711769551038742
    ],
    [
      0.5398669838905334,
      0.9725599884986877,
      0.15537430346012115
    ],
    [
      0.10463346540927887,
      0.5356389880180359,
      0.07563704252243042
    ],
    [
      0.9767880439758301,
      0.974248468875885,
      0.07563704252243042
    ],
    [
      0.20822148025035858,
      0.8706604838371277,
      0.19685496389865875
    ],
    [
      0.5381785035133362,
      0.4077935218811035,
      0.07563704252243042
    ],
    [
      0.7696119546890259,
      0.3042055070400238,
      0.19685496389865875
    ],
    [
      0.6417665481567383,
      0.7428150177001953,
      0.19685496389865875
    ]
  ],
  "lattice": [
    [
      6.706553936004639,
      3.4691293393507294e-08,
      0.0
    ],
    [
      -3.3532769680023193,
      5.808045864105225,
      0.0
    ],
    [
      0.0,
      0.0,
      27.491107940673828
    ]
  ],
  "properties": {
    "deltaG_H": 0.00829179004647515,
    "thermo_stability": -1.8094848513603212,
    "synth_score": 0.02611026128913646
  }
}