{
  "id": "JVASP-76349",
  "atomic_numbers": [
    92,
    92,
    53,
    53,
    7,
    7
  ],
  "frac_coords": [
    [
      0.0,
      0.5,
      0.16217048466205597
    ],
    [
      0.5,
      0.0,
      0.07521750777959824
    ],
    [
      0.0,
      0.5,
      3.5350055895833066e-06
    ],
    [
      0.5,
      0.0,
      0.23738446831703186
    ],
    [
      0.5,
      0.5,
      0.1186939999461174
    ],
    [
      0.0,
      0.0,
      0.1186939999461174
    ]
  ],
  "lattice": [
    [
      3.9102675914764404,
      -0.0,
      0.0
    ],
    [
      -0.0,
      3.9102675914764404,
      0.0
    ],
    [
      0.0,
      0.0,
      26.22565460205078
    ]
  ],
  "properties": {
    "deltaG_H": 0.00785204722483953,
    "thermo_stability": -2.0,
    "synth_score": 0.01798620996209156
  }
}