{
  "id": "JVASP-75222",
  "atomic_numbers": [
    52,
    52,
    46,
    46,
    53,
    53,
    53,
    53
  ],
  "frac_coords": [
    [
      0.7337198257446289,
      0.4184685945510864,
      0.5472730994224548
    ],
    [
      0.2662802040576935,
      0.5815314054489136,
      0.4527268707752228
    ],
    [
      0.7478427290916443,
      0.75076824426651,
      0.505859911441803
    ],
    [
      0.2521573007106781,
      0.2492317408323288,
      0.4941401183605194
    ],
    [
      0.7707656025886536,
      0.046221259981393814,
      0.44000008702278137
    ],
    [
      0.7980293035507202,
      0.4947768449783325,
      0.36640021204948425
    ],
    [
      0.22923441231250763,
      0.9537787437438965,
      0.559999942779541
    ],
    [
      0.20197167992591858,
      0.5052231550216675,
      0.6335997581481934
    ]
  ],
  "lattice": [
    [
      4.03631591796875,
      -0.24509458243846893,
      0.10320299863815308
    ],
    [
      0.4335608184337616,
      7.018139839172363,
      -0.11860000342130661
    ],
    [
      0.6857297420501709,
      -0.5598480701446533,
      27.63292121887207
    ]
  ],
  "properties": {
    "deltaG_H": 0.017415441870689392,
    "thermo_stability": -2.0,
    "synth_score": 0.01798620996209156
  }
}