{
  "id": "JVASP-27834",
  "atomic_numbers": [
    31,
    31
  ],
  "frac_coords": [
    [
      0.5,
      0.75,
      0.44196194410324097
    ],
    [
      0.5,
      0.25,
      0.558038055896759
    ]
  ],
  "lattice": [
    [
      2.6381099224090576,
      0.0,
      0.0
    ],
    [
      0.0,
      2.719930648803711,
      0.0
    ],
    [
      0.0,
      0.0,
      22.343900680541992
    ]
  ],
  "properties": {
    "deltaG_H": 0.026248881816864012,
    "thermo_stability": 0.05289813677469879,
    "synth_score": 0.5264244259276967
  }
}