{
  "id": "JVASP-5968",
  "atomic_numbers": [
    51,
    51,
    53,
    53,
    53,
    53,
    53,
    53
  ],
  "frac_coords": [
    [
      0.6666669845581055,
      0.33333298563957214,
      0.12351654469966888
    ],
    [
      0.0,
      0.0,
      0.12353645265102386
    ],
    [
      0.9952622056007385,
      0.32859697937965393,
      0.06536297500133514
    ],
    [
      0.6714029908180237,
      0.6666651964187622,
      0.06536297500133514
    ],
    [
      0.3333347737789154,
      0.00473780045285821,
      0.06536297500133514
    ],
    [
      0.9952639937400818,
      0.6666677594184875,
      0.1816900223493576
    ],
    [
      0.33333221077919006,
      0.32859620451927185,
      0.1816900223493576
    ],
    [
      0.6714038252830505,
      0.004736017435789108,
      0.1816900223493576
    ]
  ],
  "lattice": [
    [
      7.460473537445068,
      -7.598276674514182e-09,
      0.0
    ],
    [
      -3.730236768722534,
      6.460959434509277,
      0.0
    ],
    [
      0.0,
      0.0,
      30.907033920288086
    ]
  ],
  "properties": {
    "deltaG_H": 0.03550727653503418,
    "thermo_stability": -0.49037624597549456,
    "synth_score": 0.2727424983272475
  }
}