{
  "id": "JVASP-741",
  "atomic_numbers": [
    78,
    16,
    16
  ],
  "frac_coords": [
    [
      0.0,
      0.0,
      0.13775600492954254
    ],
    [
      0.6666669845581055,
      0.33333298563957214,
      0.179185152053833
    ],
    [
      0.33333298563957214,
      0.6666669845581055,
      0.09632685035467148
    ]
  ],
  "lattice": [
    [
      1.7780011892318726,
      -3.0795884132385254,
      0.0
    ],
    [
      1.7780011892318726,
      3.0795884132385254,
      0.0
    ],
    [
      0.0,
      0.0,
      30.25086784362793
    ]
  ],
  "properties": {
    "deltaG_H": 0.008116557250420252,
    "thermo_stability": 0.17828688820203142,
    "synth_score": 0.5882107896517759
  }
}