{
  "id": "JVASP-13536",
  "atomic_numbers": [
    51,
    51,
    51,
    51,
    51,
    51,
    52,
    52,
    52,
    52,
    52,
    52
  ],
  "frac_coords": [
    [
      0.0,
      0.0,
      0.07078490406274796
    ],
    [
      0.6666669845581055,
      0.33333298563957214,
      0.16068172454833984
    ],
    [
      0.33333298563957214,
      0.6666669845581055,
      0.2576712965965271
    ],
    [
      0.6666669845581055,
      0.33333298563957214,
      0.29281169176101685
    ],
    [
      0.33333298563957214,
      0.6666669845581055,
      0.3898012936115265
    ],
    [
      0.0,
      0.0,
      0.4796980917453766
    ],
    [
      0.6666669845581055,
      0.33333298563957214,
      0.032661277800798416
    ],
    [
      0.33333298563957214,
      0.6666669845581055,
      0.11592425405979156
    ],
    [
      0.0,
      0.0,
      0.1994955688714981
    ],
    [
      0.0,
      0.0,
      0.3509884476661682
    ],
    [
      0.6666669845581055,
      0.33333298563957214,
      0.43455973267555237
    ],
    [
      0.33333298563957214,
      0.6666669845581055,
      0.517821729183197
    ]
  ],
  "lattice": [
    [
      4.338723182678223,
      -1.0000000168623835e-16,
      0.0
    ],
    [
      -2.1693615913391113,
      3.7574450969696045,
      0.0
    ],
    [
      0.0,
      0.0,
      44.49222946166992
    ]
  ],
  "properties": {
    "deltaG_H": 0.015353774189949036,
    "thermo_stability": -2.0,
    "synth_score": 0.01798620996209156
  }
}