{
  "id": "JVASP-75159",
  "atomic_numbers": [
    23,
    17,
    17,
    8
  ],
  "frac_coords": [
    [
      0.0,
      0.0,
      0.5
    ],
    [
      0.5,
      0.0,
      0.42848798632621765
    ],
    [
      0.5,
      0.0,
      0.57151198387146
    ],
    [
      0.0,
      0.5,
      0.5
    ]
  ],
  "lattice": [
    [
      3.4405810832977295,
      0.0,
      0.0
    ],
    [
      0.0,
      3.608368396759033,
      0.0
    ],
    [
      0.0,
      0.0,
      23.33089828491211
    ]
  ],
  "properties": {
    "deltaG_H": 0.003223204016685486,
    "thermo_stability": -0.6306082924207053,
    "synth_score": 0.22076453500868212
  }
}