{
  "id": "JVASP-60356",
  "atomic_numbers": [
    50,
    15,
    15,
    15,
    15,
    15,
    15,
    15,
    79,
    79,
    79
  ],
  "frac_coords": [
    [
      0.5039248466491699,
      0.05727938562631607,
      0.11993071436882019
    ],
    [
      0.06817369908094406,
      0.7384475469589233,
      0.13227368891239166
    ],
    [
      0.6186522841453552,
      0.7881774306297302,
      0.21288272738456726
    ],
    [
      0.7493883967399597,
      0.7718163728713989,
      0.06718166917562485
    ],
    [
      0.4005904197692871,
      0.9960430860519409,
      0.26044386625289917
    ],
    [
      0.02197696641087532,
      0.9736543893814087,
      0.20056568086147308
    ],
    [
      0.20705455541610718,
      0.2957097589969635,
      0.04627075791358948
    ],
    [
      0.9035710692405701,
      0.027195211499929428,
      0.005387307144701481
    ],
    [
      0.5576120018959045,
      0.3862653076648712,
      0.23310984671115875
    ],
    [
      0.7083448171615601,
      0.3736364543437958,
      0.029634565114974976
    ],
    [
      0.008371859788894653,
      0.35413601994514465,
      0.16723217070102692
    ]
  ],
  "lattice": [
    [
      -0.40622764825820923,
      -5.0153679847717285,
      -0.5972340106964111
    ],
    [
      5.7138752937316895,
      0.4708413779735565,
      0.0
    ],
    [
      0.0,
      0.0,
      25.980304718017578
    ]
  ],
  "properties": {
    "deltaG_H": 0.00232563042640686,
    "thermo_stability": -2.0,
    "synth_score": 0.01798620996209156
  }
}