{
  "id": "JVASP-75253",
  "atomic_numbers": [
    38,
    38,
    38,
    38,
    26,
    26,
    17,
    17,
    8,
    8,
    8,
    8,
    8,
    8
  ],
  "frac_coords": [
    [
      0.5,
      0.0,
      0.34554508328437805
    ],
    [
      0.5,
      0.0,
      0.45704030990600586
    ],
    [
      0.0,
      0.5,
      0.5429596900939941
    ],
    [
      0.0,
      0.5,
      0.6544548869132996
    ],
    [
      0.0,
      0.5,
      0.406354159116745
    ],
    [
      0.5,
      0.0,
      0.5936458706855774
    ],
    [
      0.0,
      0.5,
      0.3067050874233246
    ],
    [
      0.5,
      0.0,
      0.6932949423789978
    ],
    [
      0.0,
      0.0,
      0.3969695270061493
    ],
    [
      0.5,
      0.0,
      0.533656120300293
    ],
    [
      0.0,
      0.0,
      0.6030304431915283
    ],
    [
      0.5,
      0.5,
      0.3969695270061493
    ],
    [
      0.5,
      0.5,
      0.6030304431915283
    ],
    [
      0.0,
      0.5,
      0.46634384989738464
    ]
  ],
  "lattice": [
    [
      3.883437395095825,
      0.0,
      0.0
    ],
    [
      0.0,
      3.883437395095825,
      0.0
    ],
    [
      0.0,
      0.0,
      32.304603576660156
    ]
  ],
  "properties": {
    "deltaG_H": -0.001830075553485325,
    "thermo_stability": -2.0,
    "synth_score": 0.01798620996209156
  }
}