{
  "id": "JVASP-76536",
  "atomic_numbers": [
    22,
    22,
    17,
    17,
    17,
    17,
    17,
    17
  ],
  "frac_coords": [
    [
      0.6565535068511963,
      0.9783571362495422,
      0.06348083168268204
    ],
    [
      0.9783675074577332,
      0.6565631031990051,
      0.06348313391208649
    ],
    [
      0.6597844362258911,
      0.6597737669944763,
      0.12693430483341217
    ],
    [
      0.9723918437957764,
      0.3154894709587097,
      0.12388439476490021
    ],
    [
      0.9753000736236572,
      0.9753099083900452,
      8.657192665850744e-05
    ],
    [
      0.6624802947044373,
      0.31945016980171204,
      0.0031021172180771828
    ],
    [
      0.3154982030391693,
      0.972395658493042,
      0.12388414144515991
    ],
    [
      0.31944212317466736,
      0.6624757647514343,
      0.0031025069765746593
    ]
  ],
  "lattice": [
    [
      5.183435440063477,
      3.0116827487945557,
      0.011331000365316868
    ],
    [
      -5.183412075042725,
      3.0116429328918457,
      0.011331000365316868
    ],
    [
      0.0,
      0.0,
      22.905941009521484
    ]
  ],
  "properties": {
    "deltaG_H": 0.019314785301685334,
    "thermo_stability": -0.4698825796445212,
    "synth_score": 0.28094778175359425
  }
}