{
  "id": "JVASP-75164",
  "atomic_numbers": [
    48,
    48,
    83,
    83,
    17,
    17,
    8,
    8,
    8,
    8
  ],
  "frac_coords": [
    [
      0.25,
      0.894454300403595,
      0.4662643373012543
    ],
    [
      0.75,
      0.63905268907547,
      0.5337356925010681
    ],
    [
      0.75,
      0.16158480942249298,
      0.5496482253074646
    ],
    [
      0.25,
      0.37192219495773315,
      0.4503517746925354
    ],
    [
      0.75,
      0.4959399104118347,
      0.6200993657112122
    ],
    [
      0.25,
      0.03756709396839142,
      0.37990060448646545
    ],
    [
      0.75,
      0.9154912829399109,
      0.5037857890129089
    ],
    [
      0.25,
      0.6180157661437988,
      0.49621421098709106
    ],
    [
      0.25,
      0.17987783253192902,
      0.5164552927017212
    ],
    [
      0.75,
      0.3536291718482971,
      0.4835447072982788
    ]
  ],
  "lattice": [
    [
      4.269952774047852,
      0.0,
      0.0
    ],
    [
      0.0,
      7.54477596282959,
      -0.03880099952220917
    ],
    [
      0.0,
      -0.15206581354141235,
      25.124401092529297
    ]
  ],
  "properties": {
    "deltaG_H": 0.0050810320615768435,
    "thermo_stability": -2.0,
    "synth_score": 0.01798620996209156
  }
}