{
  "id": "JVASP-60579",
  "atomic_numbers": [
    39,
    39,
    35,
    35,
    8,
    8
  ],
  "frac_coords": [
    [
      0.0,
      0.5,
      0.1545698493719101
    ],
    [
      0.5,
      0.0,
      0.06546715646982193
    ],
    [
      0.5,
      0.0,
      0.21914052963256836
    ],
    [
      0.0,
      0.5,
      0.0008954746299423277
    ],
    [
      0.0,
      0.0,
      0.11001800000667572
    ],
    [
      0.5,
      0.5,
      0.11001800000667572
    ]
  ],
  "lattice": [
    [
      3.8329780101776123,
      0.0,
      0.0
    ],
    [
      0.0,
      3.8329780101776123,
      0.0
    ],
    [
      0.0,
      0.0,
      25.6422119140625
    ]
  ],
  "properties": {
    "deltaG_H": 0.006924482385317485,
    "thermo_stability": -1.9624176541964218,
    "synth_score": 0.019363057412272962
  }
}