{
  "id": "JVASP-6436",
  "atomic_numbers": [
    13,
    13,
    13,
    13,
    13,
    13,
    13,
    13,
    52,
    52,
    52,
    52,
    52,
    52,
    52,
    52,
    52,
    52,
    52,
    52
  ],
  "frac_coords": [
    [
      0.9319536685943604,
      0.4084722101688385,
      0.1112058237195015
    ],
    [
      0.4319734573364258,
      0.9298974275588989,
      0.11121959239244461
    ],
    [
      0.41802653670310974,
      0.24929851293563843,
      0.11362621188163757
    ],
    [
      0.9180148839950562,
      0.08905390650033951,
      0.11363690346479416
    ],
    [
      0.08198513090610504,
      0.5890539288520813,
      0.18892909586429596
    ],
    [
      0.5819734334945679,
      0.7492985129356384,
      0.18893977999687195
    ],
    [
      0.5680265426635742,
      0.4298974275588989,
      0.1913464069366455
    ],
    [
      0.06804630905389786,
      0.9084722399711609,
      0.19136017560958862
    ],
    [
      0.9084708094596863,
      0.08317829668521881,
      0.21516720950603485
    ],
    [
      0.42449265718460083,
      0.9303414821624756,
      0.21799910068511963
    ],
    [
      0.4084590971469879,
      0.25518998503685,
      0.21515774726867676
    ],
    [
      0.9244728684425354,
      0.4080199897289276,
      0.21798525750637054
    ],
    [
      0.07552716135978699,
      0.9080199599266052,
      0.08458074927330017
    ],
    [
      0.5893362760543823,
      0.09260568022727966,
      0.06291597336530685
    ],
    [
      0.5755073428153992,
      0.430341511964798,
      0.08456788957118988
    ],
    [
      0.09152919799089432,
      0.5831782817840576,
      0.08739879727363586
    ],
    [
      0.4106637239456177,
      0.5926056504249573,
      0.23965002596378326
    ],
    [
      0.08932079374790192,
      0.24574147164821625,
      0.06292153149843216
    ],
    [
      0.5915408730506897,
      0.7551899552345276,
      0.08740825206041336
    ],
    [
      0.9106792211532593,
      0.7457414865493774,
      0.23964446783065796
    ]
  ],
  "lattice": [
    [
      7.260165691375732,
      0.0,
      -0.006773000117391348
    ],
    [
      0.0,
      12.794095039367676,
      0.0
    ],
    [
      0.0,
      0.0,
      25.32495880126953
    ]
  ],
  "properties": {
    "deltaG_H": 0.014932260632514955,
    "thermo_stability": -1.5081954419612886,
    "synth_score": 0.04669085666631112
  }
}