{
  "id": "JVASP-6583",
  "atomic_numbers": [
    51,
    51,
    51,
    51,
    51,
    51,
    51,
    51,
    16,
    16,
    16,
    16,
    16,
    16,
    16,
    16,
    16,
    16,
    17,
    17,
    17,
    17
  ],
  "frac_coords": [
    [
      0.4698351323604584,
      0.766311526298523,
      0.16370336711406708
    ],
    [
      0.03016485460102558,
      0.766311526298523,
      0.16370336711406708
    ],
    [
      0.75,
      0.5318047404289246,
      0.2220781445503235
    ],
    [
      0.75,
      0.9514570832252502,
      0.24127547442913055
    ],
    [
      0.25,
      0.048542894423007965,
      0.23996151983737946
    ],
    [
      0.25,
      0.46819525957107544,
      0.25915786623954773
    ],
    [
      0.9698351621627808,
      0.23368845880031586,
      0.31753262877464294
    ],
    [
      0.5301648378372192,
      0.23368845880031586,
      0.31753262877464294
    ],
    [
      0.06105886399745941,
      0.016580730676651,
      0.3098676800727844
    ],
    [
      0.4389411211013794,
      0.016580730676651,
      0.3098676800727844
    ],
    [
      0.75,
      0.18744653463363647,
      0.25508496165275574
    ],
    [
      0.5537106394767761,
      0.6772838234901428,
      0.2489970475435257
    ],
    [
      0.9462893605232239,
      0.6772838234901428,
      0.2489970475435257
    ],
    [
      0.25,
      0.8125534653663635,
      0.22615104913711548
    ],
    [
      0.44628939032554626,
      0.3227161467075348,
      0.23223896324634552
    ],
    [
      0.9389411211013794,
      0.9834192395210266,
      0.1713683158159256
    ],
    [
      0.5610588788986206,
      0.9834192395210266,
      0.1713683158159256
    ],
    [
      0.05371061712503433,
      0.3227161467075348,
      0.23223896324634552
    ],
    [
      0.75,
      0.47775450348854065,
      0.3209177255630493
    ],
    [
      0.75,
      0.6707156300544739,
      0.1263897716999054
    ],
    [
      0.25,
      0.5222455263137817,
      0.1603182554244995
    ],
    [
      0.25,
      0.3292843997478485,
      0.3548472225666046
    ]
  ],
  "lattice": [
    [
      9.385979652404785,
      0.0,
      0.0
    ],
    [
      0.0,
      10.664260864257812,
      0.0
    ],
    [
      0.0,
      0.0,
      25.059579849243164
    ]
  ],
  "properties": {
    "deltaG_H": 0.013240173773332075,
    "thermo_stability": -2.0,
    "synth_score": 0.01798620996209156
  }
}