{
  "id": "JVASP-77684",
  "atomic_numbers": [
    14,
    14,
    14,
    14,
    14,
    14,
    14,
    14
  ],
  "frac_coords": [
    [
      5.551115123125783e-17,
      0.5,
      0.44681593775749207
    ],
    [
      0.4101652204990387,
      0.5898347496986389,
      0.5541225075721741
    ],
    [
      0.4101652204990387,
      0.5898347496986389,
      0.4458775222301483
    ],
    [
      0.5,
      -2.7755575615628914e-17,
      0.5531840324401855
    ],
    [
      0.5,
      -2.7755575615628914e-17,
      0.44681593775749207
    ],
    [
      5.551115123125783e-17,
      0.5,
      0.5531840324401855
    ],
    [
      0.5898347496986389,
      0.4101652204990387,
      0.5541225075721741
    ],
    [
      0.5898347496986389,
      0.4101652204990387,
      0.4458775222301483
    ]
  ],
  "lattice": [
    [
      6.6011223793029785,
      -2.4696669578552246,
      0.0
    ],
    [
      -3.162917375564575,
      6.298414707183838,
      0.0
    ],
    [
      0.0,
      0.0,
      22.476621627807617
    ]
  ],
  "properties": {
    "deltaG_H": 0.014991520047187807,
    "thermo_stability": -0.013184502224127481,
    "synth_score": 0.49340813084079654
  }
}