{
  "id": "JVASP-76313",
  "atomic_numbers": [
    39,
    39,
    6,
    6,
    53,
    53
  ],
  "frac_coords": [
    [
      0.14505168795585632,
      0.29010337591171265,
      0.18098844587802887
    ],
    [
      0.8549483418464661,
      0.7098966240882874,
      0.07814155519008636
    ],
    [
      0.5762279629707336,
      0.1524558812379837,
      0.11747981607913971
    ],
    [
      0.42377206683158875,
      0.8475441336631775,
      0.14165018498897552
    ],
    [
      0.8256981372833252,
      0.6513962745666504,
      0.25869306921958923
    ],
    [
      0.1743018478155136,
      0.3486036956310272,
      0.0004359186568763107
    ]
  ],
  "lattice": [
    [
      -3.8981220722198486,
      -3.723750419126759e-09,
      0.0
    ],
    [
      1.9490615129470825,
      -3.633458137512207,
      -0.22535599768161774
    ],
    [
      0.0,
      0.0,
      26.995256423950195
    ]
  ],
  "properties": {
    "deltaG_H": -0.010392936865488686,
    "thermo_stability": -2.0,
    "synth_score": 0.01798620996209156
  }
}