{
  "id": "JVASP-27891",
  "atomic_numbers": [
    40,
    40,
    53,
    53,
    7,
    7
  ],
  "frac_coords": [
    [
      0.0,
      0.0,
      0.46738484501838684
    ],
    [
      0.5,
      0.5,
      0.5326151251792908
    ],
    [
      0.5,
      0.0,
      0.3798762261867523
    ],
    [
      0.0,
      0.5,
      0.6201238036155701
    ],
    [
      0.0,
      0.5,
      0.4909285306930542
    ],
    [
      0.5,
      0.0,
      0.5090714693069458
    ]
  ],
  "lattice": [
    [
      3.761096954345703,
      0.0,
      0.0
    ],
    [
      0.0,
      4.126657485961914,
      0.0
    ],
    [
      0.0,
      0.0,
      26.353899002075195
    ]
  ],
  "properties": {
    "deltaG_H": 0.005620398958524069,
    "thermo_stability": -2.0,
    "synth_score": 0.01798620996209156
  }
}