{
  "id": "JVASP-78013",
  "atomic_numbers": [
    29,
    29,
    53,
    53
  ],
  "frac_coords": [
    [
      0.5,
      0.5,
      0.5
    ],
    [
      0.0,
      0.0,
      0.5
    ],
    [
      0.0,
      0.5,
      0.4258750379085541
    ],
    [
      0.5,
      0.0,
      0.5741249918937683
    ]
  ],
  "lattice": [
    [
      4.0879082679748535,
      0.0,
      0.0
    ],
    [
      0.0,
      4.0879082679748535,
      0.0
    ],
    [
      0.0,
      0.0,
      23.396831512451172
    ]
  ],
  "properties": {
    "deltaG_H": 0.018146594166755677,
    "thermo_stability": -0.7958325664202373,
    "synth_score": 0.16914975336671356
  }
}