{
  "id": "JVASP-6847",
  "atomic_numbers": [
    26,
    52,
    52
  ],
  "frac_coords": [
    [
      0.0,
      0.0,
      0.2019360065460205
    ],
    [
      0.33333298563957214,
      0.6666669845581055,
      0.14069750905036926
    ],
    [
      0.6666669845581055,
      0.33333298563957214,
      0.26317450404167175
    ]
  ],
  "lattice": [
    [
      3.6274168491363525,
      6.439603339458699e-08,
      0.0
    ],
    [
      -1.813708782196045,
      3.141435146331787,
      0.0
    ],
    [
      0.0,
      0.0,
      25.162370681762695
    ]
  ],
  "properties": {
    "deltaG_H": 0.011218793789545694,
    "thermo_stability": -0.4820246666669845,
    "synth_score": 0.27606818382733744
  }
}