{
  "id": "JVASP-77663",
  "atomic_numbers": [
    11,
    11,
    1,
    1,
    8,
    8
  ],
  "frac_coords": [
    [
      0.8334593772888184,
      0.6814014315605164,
      0.5404176115989685
    ],
    [
      0.33345940709114075,
      0.18142955005168915,
      0.4595824182033539
    ],
    [
      0.8329354524612427,
      0.6814227104187012,
      0.4063167870044708
    ],
    [
      0.3329354524612427,
      0.18140830099582672,
      0.5936832427978516
    ],
    [
      0.8335661292076111,
      0.6814395189285278,
      0.4460442066192627
    ],
    [
      0.33356615900993347,
      0.18139149248600006,
      0.5539557933807373
    ]
  ],
  "lattice": [
    [
      3.385343551635742,
      0.0,
      0.0
    ],
    [
      0.0,
      3.385798931121826,
      0.0
    ],
    [
      0.0,
      0.0,
      24.49750518798828
    ]
  ],
  "properties": {
    "deltaG_H": -0.015949494640032452,
    "thermo_stability": -2.0,
    "synth_score": 0.01798620996209156
  }
}