{
  "id": "JVASP-75284",
  "atomic_numbers": [
    26,
    15,
    15,
    16,
    16,
    16,
    16,
    16,
    16
  ],
  "frac_coords": [
    [
      0.6666795015335083,
      0.3333204686641693,
      0.5
    ],
    [
      4.0592789446236566e-05,
      1.452780361432815e-05,
      0.5465784668922424
    ],
    [
      0.9999854564666748,
      0.999959409236908,
      0.45342156291007996
    ],
    [
      0.9683104753494263,
      0.3272484838962555,
      0.5665382146835327
    ],
    [
      0.9681439399719238,
      0.6410043239593506,
      0.4334157705307007
    ],
    [
      0.672870934009552,
      0.6410771012306213,
      0.5665705800056458
    ],
    [
      0.6727514863014221,
      0.03168952837586403,
      0.4334617853164673
    ],
    [
      0.3589228689670563,
      0.327129065990448,
      0.43342941999435425
    ],
    [
      0.358995646238327,
      0.03185604140162468,
      0.5665842294692993
    ]
  ],
  "lattice": [
    [
      5.801716327667236,
      -0.0037258039228618145,
      0.0
    ],
    [
      -2.89764666557312,
      5.0262885093688965,
      0.0
    ],
    [
      0.0,
      0.0,
      23.127065658569336
    ]
  ],
  "properties": {
    "deltaG_H": 0.002660250027974447,
    "thermo_stability": -0.9355514168739318,
    "synth_score": 0.13341416704454273
  }
}