{
  "id": "JVASP-60413",
  "atomic_numbers": [
    93,
    93,
    53,
    53,
    8,
    8
  ],
  "frac_coords": [
    [
      0.5,
      0.0,
      0.0711689442396164
    ],
    [
      0.0,
      0.5,
      0.1619720607995987
    ],
    [
      0.5,
      0.0,
      0.23323814570903778
    ],
    [
      0.0,
      0.5,
      -9.714573388919234e-05
    ],
    [
      0.5,
      0.5,
      0.11657100170850754
    ],
    [
      0.0,
      0.0,
      0.11657100170850754
    ]
  ],
  "lattice": [
    [
      3.980005979537964,
      -0.0,
      0.0
    ],
    [
      -0.0,
      3.980005979537964,
      0.0
    ],
    [
      0.0,
      0.0,
      26.08041763305664
    ]
  ],
  "properties": {
    "deltaG_H": 0.008312612573305766,
    "thermo_stability": -2.0,
    "synth_score": 0.01798620996209156
  }
}