{
  "id": "JVASP-6844",
  "atomic_numbers": [
    70,
    34
  ],
  "frac_coords": [
    [
      0.33333298563957214,
      0.6666669845581055,
      0.06148099899291992
    ],
    [
      0.6666669845581055,
      0.33333298563957214,
      0.06148099899291992
    ]
  ],
  "lattice": [
    [
      4.753244400024414,
      0.0,
      0.0
    ],
    [
      -2.376622200012207,
      4.116430282592773,
      0.0
    ],
    [
      0.0,
      0.0,
      23.870235443115234
    ]
  ],
  "properties": {
    "deltaG_H": 0.014885849952697752,
    "thermo_stability": 0.9777788788080215,
    "synth_score": 0.8760513952377038
  }
}