{
  "id": "JVASP-5914",
  "atomic_numbers": [
    75,
    75,
    75,
    75,
    34,
    34,
    34,
    34,
    34,
    34,
    34,
    34
  ],
  "frac_coords": [
    [
      0.9362699389457703,
      0.6847686767578125,
      0.1347636878490448
    ],
    [
      0.5127494931221008,
      0.7091783881187439,
      0.13308513164520264
    ],
    [
      0.48725053668022156,
      0.2908216118812561,
      0.1316208690404892
    ],
    [
      0.06373006105422974,
      0.3152313232421875,
      0.12994231283664703
    ],
    [
      0.7263262271881104,
      0.34397733211517334,
      0.06732651591300964
    ],
    [
      0.7777215838432312,
      0.8920345902442932,
      0.0766010507941246
    ],
    [
      0.2541876435279846,
      0.384854257106781,
      0.059009745717048645
    ],
    [
      0.24877125024795532,
      0.8654713034629822,
      0.08358100056648254
    ],
    [
      0.7512287497520447,
      0.13452869653701782,
      0.1811250001192093
    ],
    [
      0.7458123564720154,
      0.615145742893219,
      0.2056962549686432
    ],
    [
      0.2222784459590912,
      0.1079653799533844,
      0.18810394406318665
    ],
    [
      0.27367374300956726,
      0.6560226678848267,
      0.1973784863948822
    ]
  ],
  "lattice": [
    [
      6.462279796600342,
      -0.002247530734166503,
      -1.6303050518035889
    ],
    [
      -3.429962396621704,
      5.850530624389648,
      -0.21648399531841278
    ],
    [
      0.0,
      0.0,
      27.199981689453125
    ]
  ],
  "properties": {
    "deltaG_H": 0.007804329494635261,
    "thermo_stability": -0.849061401685079,
    "synth_score": 0.15471059681068178
  }
}