{
  "id": "JVASP-68932",
  "atomic_numbers": [
    74,
    74,
    74,
    74,
    16,
    16,
    16,
    16,
    16,
    16,
    16,
    16
  ],
  "frac_coords": [
    [
      0.2218117117881775,
      0.08965916931629181,
      0.12340997159481049
    ],
    [
      0.7781882882118225,
      0.04896683245897293,
      0.12918703258037567
    ],
    [
      0.2781916856765747,
      0.5489732027053833,
      0.12918750941753387
    ],
    [
      0.7218083143234253,
      0.5896538496017456,
      0.12340949475765228
    ],
    [
      0.3723679780960083,
      0.2575153112411499,
      0.053636834025382996
    ],
    [
      0.6276320219039917,
      0.881110668182373,
      0.19896116852760315
    ],
    [
      0.3802006244659424,
      0.7952604293823242,
      0.07107152789831161
    ],
    [
      0.6197993755340576,
      0.3433665633201599,
      0.18152546882629395
    ],
    [
      0.12763118743896484,
      0.3811156153678894,
      0.1989588588476181
    ],
    [
      0.8723688125610352,
      0.7575104236602783,
      0.05363813787698746
    ],
    [
      0.11979798227548599,
      0.843370795249939,
      0.18152667582035065
    ],
    [
      0.8802019953727722,
      0.29525524377822876,
      0.07107032090425491
    ]
  ],
  "lattice": [
    [
      5.549373149871826,
      -3.4789011478424072,
      0.18265600502490997
    ],
    [
      -0.03160708025097847,
      6.287869930267334,
      -1.8456720113754272
    ],
    [
      0.01734606921672821,
      -3.450803518295288,
      26.41699981689453
    ]
  ],
  "properties": {
    "deltaG_H": 0.0069195456306139595,
    "thermo_stability": -0.879070974389712,
    "synth_score": 0.14702320034648603
  }
}