{
  "id": "JVASP-28277",
  "atomic_numbers": [
    5,
    5,
    6,
    6,
    6,
    7,
    7,
    7,
    7,
    7,
    7
  ],
  "frac_coords": [
    [
      0.33333298563957214,
      0.6666669845581055,
      0.5000173449516296
    ],
    [
      0.0,
      0.0,
      0.49998265504837036
    ],
    [
      0.24144859611988068,
      0.33333298563957214,
      0.5
    ],
    [
      0.6666669845581055,
      0.9081156253814697,
      0.5
    ],
    [
      0.09188439697027206,
      0.7585514187812805,
      0.5
    ],
    [
      0.334648996591568,
      0.4984340965747833,
      0.5000209808349609
    ],
    [
      0.5015658736228943,
      0.8362159132957458,
      0.5000209808349609
    ],
    [
      0.16378410160541534,
      0.6653509736061096,
      0.5000209808349609
    ],
    [
      0.169548898935318,
      0.16823288798332214,
      0.4999789893627167
    ],
    [
      -0.0013160058297216892,
      0.8304511308670044,
      0.4999789893627167
    ],
    [
      0.8317670822143555,
      0.0013160057133063674,
      0.4999789893627167
    ]
  ],
  "lattice": [
    [
      8.470305442810059,
      2.3685265304607128e-08,
      0.0
    ],
    [
      -4.235151767730713,
      7.335498809814453,
      0.0
    ],
    [
      0.0,
      0.0,
      20.516403198242188
    ]
  ],
  "properties": {
    "deltaG_H": -0.007348267804492603,
    "thermo_stability": 0.08948046267032617,
    "synth_score": 0.5446212045311322
  }
}