{
  "id": "JVASP-14420",
  "atomic_numbers": [
    41,
    41,
    41,
    41,
    34,
    34,
    34,
    34,
    34,
    34,
    34,
    34,
    35,
    35,
    35,
    35,
    35,
    35,
    35,
    35
  ],
  "frac_coords": [
    [
      0.898930013179779,
      0.9483739137649536,
      0.1804800033569336
    ],
    [
      0.898930013179779,
      0.6957560777664185,
      0.1804800033569336
    ],
    [
      0.39893001317977905,
      0.19575607776641846,
      0.1804800033569336
    ],
    [
      0.39893001317977905,
      0.448373943567276,
      0.1804800033569336
    ],
    [
      0.5887618660926819,
      0.822064995765686,
      0.14730767905712128
    ],
    [
      0.08876185119152069,
      0.32206499576568604,
      0.14730767905712128
    ],
    [
      0.3554220199584961,
      0.32206499576568604,
      0.09922092407941818
    ],
    [
      0.8554220199584961,
      0.822064995765686,
      0.09922092407941818
    ],
    [
      0.9424369931221008,
      0.822064995765686,
      0.2617390751838684
    ],
    [
      0.709097146987915,
      0.32206499576568604,
      0.2136523276567459
    ],
    [
      0.20909714698791504,
      0.822064995765686,
      0.2136523276567459
    ],
    [
      0.44243699312210083,
      0.32206499576568604,
      0.2617390751838684
    ],
    [
      0.6892017722129822,
      0.11439526081085205,
      0.12352447956800461
    ],
    [
      0.10865823179483414,
      0.52973473072052,
      0.23743551969528198
    ],
    [
      0.10865823179483414,
      0.11439526081085205,
      0.23743551969528198
    ],
    [
      0.6086582541465759,
      0.614395260810852,
      0.23743551969528198
    ],
    [
      0.6086582541465759,
      0.029734736308455467,
      0.23743551969528198
    ],
    [
      0.18920177221298218,
      0.614395260810852,
      0.12352447956800461
    ],
    [
      0.18920177221298218,
      0.029734736308455467,
      0.12352447956800461
    ],
    [
      0.6892017722129822,
      0.52973473072052,
      0.12352447956800461
    ]
  ],
  "lattice": [
    [
      6.695561408996582,
      0.0,
      0.0
    ],
    [
      0.0,
      11.774120330810547,
      0.0
    ],
    [
      -2.6198337078094482,
      0.0,
      27.130556106567383
    ]
  ],
  "properties": {
    "deltaG_H": 0.012033783435821531,
    "thermo_stability": -1.2119300583998363,
    "synth_score": 0.0813712451944375
  }
}