{
  "id": "JVASP-13627",
  "atomic_numbers": [
    60,
    60,
    52,
    52,
    52,
    52,
    34,
    34
  ],
  "frac_coords": [
    [
      0.0,
      0.75,
      0.15198905766010284
    ],
    [
      0.5,
      0.25,
      0.26863494515419006
    ],
    [
      0.5,
      0.75,
      0.06785095483064651
    ],
    [
      0.0,
      0.25,
      0.06785248965024948
    ],
    [
      0.0,
      0.25,
      0.352774053812027
    ],
    [
      0.5,
      0.75,
      0.3527725040912628
    ],
    [
      0.5,
      0.25,
      0.17347782850265503
    ],
    [
      0.0,
      0.75,
      0.24714617431163788
    ]
  ],
  "lattice": [
    [
      4.310171604156494,
      0.0,
      0.0
    ],
    [
      -3.0000001167615996e-16,
      4.310163974761963,
      0.0
    ],
    [
      0.0,
      0.0,
      31.495874404907227
    ]
  ],
  "properties": {
    "deltaG_H": 0.016742667555809023,
    "thermo_stability": -2.0,
    "synth_score": 0.01798620996209156
  }
}