{
  "id": "JVASP-6346",
  "atomic_numbers": [
    69,
    47,
    15,
    15,
    34,
    34,
    34,
    34,
    34,
    34
  ],
  "frac_coords": [
    [
      0.0,
      0.0,
      0.13928499817848206
    ],
    [
      0.6666669845581055,
      0.33333298563957214,
      0.13928499817848206
    ],
    [
      0.33333298563957214,
      0.6666669845581055,
      0.09712019562721252
    ],
    [
      0.33333298563957214,
      0.6666669845581055,
      0.18145079910755157
    ],
    [
      0.32098981738090515,
      0.9811047315597534,
      0.0726158544421196
    ],
    [
      0.6601158976554871,
      0.6790101528167725,
      0.0726158544421196
    ],
    [
      0.018895283341407776,
      0.33988410234451294,
      0.0726158544421196
    ],
    [
      0.32098981738090515,
      0.33988410234451294,
      0.2059551477432251
    ],
    [
      0.6601158976554871,
      0.9811047315597534,
      0.2059551477432251
    ],
    [
      0.018895283341407776,
      0.6790101528167725,
      0.2059551477432251
    ]
  ],
  "lattice": [
    [
      6.588018417358398,
      4.5127390713162185e-09,
      0.0
    ],
    [
      -3.2940096855163574,
      5.705391883850098,
      0.0
    ],
    [
      0.0,
      0.0,
      27.096683502197266
    ]
  ],
  "properties": {
    "deltaG_H": 0.005037346744537352,
    "thermo_stability": -0.6728313783804576,
    "synth_score": 0.20658036262117063
  }
}