{
  "id": "JVASP-6802",
  "atomic_numbers": [
    73,
    73,
    73,
    73,
    17,
    17,
    17,
    17,
    17,
    17,
    17,
    17,
    17,
    17,
    17,
    17,
    17,
    17,
    17,
    17
  ],
  "frac_coords": [
    [
      0.526424765586853,
      0.7163965702056885,
      0.09371831268072128
    ],
    [
      0.5264217853546143,
      0.27771392464637756,
      0.09371741116046906
    ],
    [
      0.026424596086144447,
      0.21639637649059296,
      0.09371764212846756
    ],
    [
      0.026421325281262398,
      0.7777136564254761,
      0.0937168076634407
    ],
    [
      0.10798288881778717,
      0.24176226556301117,
      0.022880008444190025
    ],
    [
      0.1079883724451065,
      0.7523539662361145,
      0.022881224751472473
    ],
    [
      0.37522053718566895,
      0.4970521926879883,
      0.05183990299701691
    ],
    [
      0.39509257674217224,
      0.9970526695251465,
      0.05757441371679306
    ],
    [
      0.6577534675598145,
      0.9970592856407166,
      0.1298627108335495
    ],
    [
      0.6776257157325745,
      0.4970588982105255,
      0.13559690117835999
    ],
    [
      0.9448610544204712,
      0.24176278710365295,
      0.16455547511577606
    ],
    [
      0.6079890131950378,
      0.2523542046546936,
      0.022881871089339256
    ],
    [
      0.8950920104980469,
      0.49705249071121216,
      0.057573992758989334
    ],
    [
      0.6079834699630737,
      0.7417625188827515,
      0.02288081683218479
    ],
    [
      0.15775340795516968,
      0.4970588982105255,
      0.1298619508743286
    ],
    [
      0.17762567102909088,
      0.997058629989624,
      0.13559609651565552
    ],
    [
      0.4448651671409607,
      0.2523551881313324,
      0.16455712914466858
    ],
    [
      0.44486063718795776,
      0.741763174533844,
      0.16455599665641785
    ],
    [
      0.9448655843734741,
      0.7523550987243652,
      0.16455678641796112
    ],
    [
      0.8752199411392212,
      0.9970520734786987,
      0.05183953419327736
    ]
  ],
  "lattice": [
    [
      11.833096504211426,
      -0.00010994986951118335,
      0.0
    ],
    [
      -6.605613452848047e-05,
      6.795466423034668,
      0.0
    ],
    [
      -5.092103481292725,
      4.731442095362581e-05,
      26.66594123840332
    ]
  ],
  "properties": {
    "deltaG_H": 0.018450737297534943,
    "thermo_stability": -0.8928673138221106,
    "synth_score": 0.1435964671505341
  }
}