{
  "id": "JVASP-6157",
  "atomic_numbers": [
    59,
    59,
    53,
    53,
    8,
    8
  ],
  "frac_coords": [
    [
      0.698947012424469,
      0.1989469975233078,
      0.20528995990753174
    ],
    [
      0.1989469975233078,
      0.698947012424469,
      0.12559303641319275
    ],
    [
      0.1989469975233078,
      0.698947012424469,
      0.2687455713748932
    ],
    [
      0.698947012424469,
      0.1989469975233078,
      0.0621374286711216
    ],
    [
      0.1989469975233078,
      0.1989469975233078,
      0.16544200479984283
    ],
    [
      0.698947012424469,
      0.698947012424469,
      0.16544200479984283
    ]
  ],
  "lattice": [
    [
      4.109421253204346,
      0.0,
      0.0
    ],
    [
      0.0,
      4.109421253204346,
      0.0
    ],
    [
      0.0,
      0.0,
      29.890151977539062
    ]
  ],
  "properties": {
    "deltaG_H": 0.0100338218609492,
    "thermo_stability": -1.7684691071510317,
    "synth_score": 0.02827930315852815
  }
}