{
  "id": "JVASP-77581",
  "atomic_numbers": [
    45,
    8,
    8
  ],
  "frac_coords": [
    [
      3.9896210779488683e-08,
      -1.0507825720651454e-08,
      2.6900758598458197e-07
    ],
    [
      0.33333346247673035,
      0.666666567325592,
      0.04245232790708542
    ],
    [
      0.6666665077209473,
      0.33333346247673035,
      0.9575474262237549
    ]
  ],
  "lattice": [
    [
      3.077561855316162,
      -5.5895361583679914e-06,
      0.0
    ],
    [
      -1.5387852191925049,
      2.6652445793151855,
      0.0
    ],
    [
      0.0,
      0.0,
      21.88707733154297
    ]
  ],
  "properties": {
    "deltaG_H": -0.01738210399945577,
    "thermo_stability": -2.0,
    "synth_score": 0.01798620996209156
  }
}