{
  "id": "JVASP-75069",
  "atomic_numbers": [
    7
  ],
  "frac_coords": [
    [
      0.0,
      0.0,
      0.5
    ]
  ],
  "lattice": [
    [
      3.770533561706543,
      0.0,
      0.0
    ],
    [
      0.0,
      3.770533561706543,
      0.0
    ],
    [
      0.0,
      0.0,
      20.0
    ]
  ],
  "properties": {
    "deltaG_H": 0.6,
    "thermo_stability": 0.7,
    "synth_score": 0.8021838885585817
  }
}