{
  "id": "JVASP-6508",
  "atomic_numbers": [
    46,
    46,
    46,
    46,
    46,
    46,
    16,
    16,
    16,
    16,
    16,
    16,
    17,
    17,
    17,
    17,
    17,
    17
  ],
  "frac_coords": [
    [
      0.5925126671791077,
      0.5547589063644409,
      0.059565264731645584
    ],
    [
      0.8948040008544922,
      0.9097938537597656,
      0.05934837833046913
    ],
    [
      0.14898286759853363,
      0.7934918403625488,
      0.11054699867963791
    ],
    [
      0.8459198474884033,
      0.43631917238235474,
      0.11054699867963791
    ],
    [
      0.8948040008544922,
      0.9097938537597656,
      0.16174562275409698
    ],
    [
      0.5925126671791077,
      0.5547589063644409,
      0.16152873635292053
    ],
    [
      0.8558307886123657,
      0.6795533299446106,
      0.20275509357452393
    ],
    [
      0.04252418875694275,
      0.5937486290931702,
      0.16515769064426422
    ],
    [
      0.5852053761482239,
      0.806431770324707,
      0.14817601442337036
    ],
    [
      0.5852053761482239,
      0.806431770324707,
      0.07291799038648605
    ],
    [
      0.04252418875694275,
      0.5937486290931702,
      0.055936310440301895
    ],
    [
      0.8558307886123657,
      0.6795533299446106,
      0.018339911475777626
    ],
    [
      0.6390538811683655,
      0.3067615032196045,
      0.04861912876367569
    ],
    [
      0.217656210064888,
      0.9881896376609802,
      0.049171555787324905
    ],
    [
      0.9178456664085388,
      0.12709569931030273,
      0.11054699867963791
    ],
    [
      0.33656033873558044,
      0.4404858946800232,
      0.11054699867963791
    ],
    [
      0.217656210064888,
      0.9881896376609802,
      0.1719234436750412
    ],
    [
      0.6390538811683655,
      0.3067615032196045,
      0.17247487604618073
    ]
  ],
  "lattice": [
    [
      7.810473442077637,
      0.08180797100067139,
      0.0
    ],
    [
      -3.136014223098755,
      8.401444435119629,
      0.0
    ],
    [
      0.0,
      0.0,
      28.683517456054688
    ]
  ],
  "properties": {
    "deltaG_H": 0.0060792447129885355,
    "thermo_stability": -1.5145070274670922,
    "synth_score": 0.04613219316831428
  }
}