{
  "id": "JVASP-60467",
  "atomic_numbers": [
    49,
    49,
    35,
    35,
    35,
    35,
    35,
    35
  ],
  "frac_coords": [
    [
      0.09774120897054672,
      0.6666905879974365,
      0.06891299784183502
    ],
    [
      0.7644327878952026,
      0.3333094120025635,
      0.06891299784183502
    ],
    [
      0.11285710334777832,
      4.156900084567594e-12,
      0.0007248515030369163
    ],
    [
      0.7493168711662292,
      -4.156900084567594e-12,
      0.13710114359855652
    ],
    [
      0.8069709539413452,
      0.6529527902603149,
      0.000735987676307559
    ],
    [
      0.4022502303123474,
      0.6529527902603149,
      0.13709001243114471
    ],
    [
      0.05520303547382355,
      0.34704720973968506,
      0.13709001243114471
    ],
    [
      0.45992374420166016,
      0.34704720973968506,
      0.000735987676307559
    ]
  ],
  "lattice": [
    [
      -2.295504764049383e-08,
      -6.732663154602051,
      0.8394389748573303
    ],
    [
      5.875825881958008,
      -3.3663320541381836,
      0.41971901059150696
    ],
    [
      0.0,
      0.0,
      23.189905166625977
    ]
  ],
  "properties": {
    "deltaG_H": 0.029083525538444517,
    "thermo_stability": -0.7436692386865615,
    "synth_score": 0.18432154350462238
  }
}