{
  "id": "JVASP-6364",
  "atomic_numbers": [
    33,
    33,
    17,
    17,
    17,
    17,
    17,
    17
  ],
  "frac_coords": [
    [
      0.49700164794921875,
      0.8025716543197632,
      0.10668493807315826
    ],
    [
      0.5029983520507812,
      0.3025716543197632,
      0.13571105897426605
    ],
    [
      0.7582756280899048,
      0.6269000172615051,
      0.06552360206842422
    ],
    [
      0.22211916744709015,
      0.30264461040496826,
      0.06020749360322952
    ],
    [
      0.7583221793174744,
      0.9781367182731628,
      0.0654623806476593
    ],
    [
      0.24167780578136444,
      0.47813674807548523,
      0.17693361639976501
    ],
    [
      0.777880847454071,
      0.8026446104049683,
      0.1821885108947754
    ],
    [
      0.24172435700893402,
      0.12690000236034393,
      0.1768724024295807
    ]
  ],
  "lattice": [
    [
      4.085303783416748,
      0.0,
      0.0
    ],
    [
      0.0,
      9.43420696258545,
      0.0
    ],
    [
      0.0,
      0.0,
      25.23253059387207
    ]
  ],
  "properties": {
    "deltaG_H": 0.01879087033867836,
    "thermo_stability": -0.3859506716330847,
    "synth_score": 0.31606795112405134
  }
}