{
  "id": "JVASP-6376",
  "atomic_numbers": [
    81,
    81,
    52,
    52,
    52,
    52,
    52,
    52,
    78,
    78,
    78,
    78
  ],
  "frac_coords": [
    [
      0.9257370233535767,
      0.10033699870109558,
      0.18894992768764496
    ],
    [
      0.2590709924697876,
      0.7670029997825623,
      0.043610069900751114
    ],
    [
      0.42342644929885864,
      0.6026475429534912,
      0.16961680352687836
    ],
    [
      0.42342644929885864,
      0.09571488946676254,
      0.16961680352687836
    ],
    [
      0.9303591251373291,
      0.6026475429534912,
      0.16961680352687836
    ],
    [
      0.25444889068603516,
      0.2646924555301666,
      0.06294219195842743
    ],
    [
      0.7613815665245056,
      0.2646924555301666,
      0.06294219195842743
    ],
    [
      0.7613815665245056,
      0.7716251015663147,
      0.06294219195842743
    ],
    [
      0.5924040079116821,
      0.4336700141429901,
      0.11627999693155289
    ],
    [
      0.5924040079116821,
      0.9336699843406677,
      0.11627999693155289
    ],
    [
      0.09240400046110153,
      0.4336700141429901,
      0.11627999693155289
    ],
    [
      0.09240400046110153,
      0.9336699843406677,
      0.11627999693155289
    ]
  ],
  "lattice": [
    [
      7.949037551879883,
      8.614319924049596e-09,
      0.0
    ],
    [
      -3.9745192527770996,
      6.884068489074707,
      0.0
    ],
    [
      0.0,
      0.0,
      26.060653686523438
    ]
  ],
  "properties": {
    "deltaG_H": 0.012981140315532685,
    "thermo_stability": -0.9402721544106805,
    "synth_score": 0.132326365618731
  }
}