{
  "id": "JVASP-13632",
  "atomic_numbers": [
    22,
    22,
    17,
    17,
    17,
    17,
    17,
    17
  ],
  "frac_coords": [
    [
      0.48252400755882263,
      0.9305819869041443,
      0.12049400061368942
    ],
    [
      0.1491899937391281,
      0.2639150023460388,
      0.12049400061368942
    ],
    [
      0.1592402458190918,
      0.9406312704086304,
      0.17381282150745392
    ],
    [
      0.47247377038002014,
      0.5972480177879333,
      0.17381282150745392
    ],
    [
      0.8158569931983948,
      0.25386476516723633,
      0.17381282150745392
    ],
    [
      0.47247377038002014,
      0.25386476516723633,
      0.06717518717050552
    ],
    [
      0.8158569931983948,
      0.9406312704086304,
      0.06717518717050552
    ],
    [
      0.1592402458190918,
      0.5972480177879333,
      0.06717518717050552
    ]
  ],
  "lattice": [
    [
      6.008378982543945,
      0.0,
      0.0
    ],
    [
      -3.0041894912719727,
      5.203409671783447,
      0.0
    ],
    [
      0.0,
      0.0,
      26.350038528442383
    ]
  ],
  "properties": {
    "deltaG_H": 0.020064212530851364,
    "thermo_stability": -0.24138246178627032,
    "synth_score": 0.38159944169793053
  }
}