{
  "id": "JVASP-60522",
  "atomic_numbers": [
    92,
    92,
    52,
    52,
    52,
    52,
    52,
    52,
    52,
    52,
    52,
    52
  ],
  "frac_coords": [
    [
      0.39153045415878296,
      0.24633418023586273,
      0.3686952590942383
    ],
    [
      0.608469545841217,
      0.7463341951370239,
      0.25554972887039185
    ],
    [
      0.17403866350650787,
      0.2528068721294403,
      0.47126495838165283
    ],
    [
      0.5353577733039856,
      0.4947318732738495,
      0.31118255853652954
    ],
    [
      0.4646422564983368,
      0.9947319030761719,
      0.3130614459514618
    ],
    [
      0.8934457302093506,
      0.06140762194991112,
      0.4153749346733093
    ],
    [
      0.8933469653129578,
      0.4392756521701813,
      0.41206681728363037
    ],
    [
      0.8843217492103577,
      0.25414377450942993,
      0.28830820322036743
    ],
    [
      0.11567822843790054,
      0.7541437745094299,
      0.3359358012676239
    ],
    [
      0.10665301233530045,
      0.9392756819725037,
      0.21217817068099976
    ],
    [
      0.1065542921423912,
      0.5614076256752014,
      0.2088690549135208
    ],
    [
      0.8259613513946533,
      0.7528069019317627,
      0.1529790461063385
    ]
  ],
  "lattice": [
    [
      4.220993995666504,
      0.0,
      0.0
    ],
    [
      0.0,
      10.333949089050293,
      0.0
    ],
    [
      0.0,
      0.0,
      29.448217391967773
    ]
  ],
  "properties": {
    "deltaG_H": 0.013620051344235738,
    "thermo_stability": -2.0,
    "synth_score": 0.01798620996209156
  }
}