{
  "id": "JVASP-6223",
  "atomic_numbers": [
    76,
    17,
    17,
    8
  ],
  "frac_coords": [
    [
      0.5,
      0.5,
      0.23758399486541748
    ],
    [
      0.0,
      0.5,
      0.17735689878463745
    ],
    [
      0.0,
      0.5,
      0.2978101074695587
    ],
    [
      0.5,
      0.0,
      0.23758399486541748
    ]
  ],
  "lattice": [
    [
      3.601381301879883,
      0.0,
      0.0
    ],
    [
      0.0,
      3.72570538520813,
      0.0
    ],
    [
      0.0,
      0.0,
      26.6751651763916
    ]
  ],
  "properties": {
    "deltaG_H": 0.004847989678382874,
    "thermo_stability": -0.2544284780820212,
    "synth_score": 0.3754615198925566
  }
}