{
  "id": "JVASP-28136",
  "atomic_numbers": [
    78,
    78,
    17,
    17,
    17,
    17
  ],
  "frac_coords": [
    [
      0.7850111722946167,
      0.7190747857093811,
      0.4709797203540802
    ],
    [
      0.2149738371372223,
      0.2809126377105713,
      0.5289865732192993
    ],
    [
      0.765172004699707,
      0.9010489583015442,
      0.39547526836395264
    ],
    [
      0.7436268925666809,
      0.4605569541454315,
      0.5432892441749573
    ],
    [
      0.25638875365257263,
      0.5394501090049744,
      0.456678569316864
    ],
    [
      0.23482733964920044,
      0.09895457327365875,
      0.6044926643371582
    ]
  ],
  "lattice": [
    [
      4.665675163269043,
      0.025839203968644142,
      -0.3477660119533539
    ],
    [
      -1.1785871982574463,
      4.1446332931518555,
      -1.0213940143585205
    ],
    [
      0.0,
      0.0,
      25.528175354003906
    ]
  ],
  "properties": {
    "deltaG_H": 0.012650503317515056,
    "thermo_stability": -1.885779392719269,
    "synth_score": 0.022498332872744674
  }
}