{
  "id": "JVASP-6004",
  "atomic_numbers": [
    5,
    35,
    35,
    35
  ],
  "frac_coords": [
    [
      0.33333298563957214,
      0.6666669845581055,
      0.08164100348949432
    ],
    [
      0.038906365633010864,
      0.37255191802978516,
      0.08164100348949432
    ],
    [
      0.6274480819702148,
      0.6663544178009033,
      0.08164100348949432
    ],
    [
      0.3336455523967743,
      0.9610936641693115,
      0.08164100348949432
    ]
  ],
  "lattice": [
    [
      6.469339370727539,
      4.365124368632678e-06,
      0.0
    ],
    [
      -3.234673500061035,
      5.602610111236572,
      0.0
    ],
    [
      0.0,
      0.0,
      25.24361801147461
    ]
  ],
  "properties": {
    "deltaG_H": 0.015574717521667482,
    "thermo_stability": 0.8670229196548462,
    "synth_score": 0.8499291961928268
  }
}