{
  "id": "JVASP-76637",
  "atomic_numbers": [
    27,
    52,
    8,
    8,
    8,
    8
  ],
  "frac_coords": [
    [
      0.5,
      0.5499910116195679,
      0.049991000443696976
    ],
    [
      0.0,
      0.049991000443696976,
      0.049991000443696976
    ],
    [
      0.0,
      0.7448833584785461,
      0.09113433212041855
    ],
    [
      0.0,
      0.3550986349582672,
      0.008847665973007679
    ],
    [
      0.5,
      0.2107650339603424,
      0.0993494763970375
    ],
    [
      0.5,
      0.889216959476471,
      0.0006325264694169164
    ]
  ],
  "lattice": [
    [
      3.093822479248047,
      0.0,
      0.0
    ],
    [
      0.0,
      5.407959938049316,
      -0.3833580017089844
    ],
    [
      0.0,
      0.0,
      21.92374610900879
    ]
  ],
  "properties": {
    "deltaG_H": 0.00014484529693921345,
    "thermo_stability": -0.08648908833662672,
    "synth_score": 0.45686296245515884
  }
}