{
  "id": "JVASP-6139",
  "atomic_numbers": [
    15,
    15,
    17,
    17,
    17,
    17,
    17,
    17
  ],
  "frac_coords": [
    [
      0.3954358994960785,
      0.5183452367782593,
      0.08374600112438202
    ],
    [
      0.10456409305334091,
      0.018345262855291367,
      0.08374600112438202
    ],
    [
      0.19057036936283112,
      0.5889407396316528,
      0.030386868864297867
    ],
    [
      0.3094296455383301,
      0.08894072473049164,
      0.030386868864297867
    ],
    [
      0.8690983653068542,
      0.21563228964805603,
      0.08374600112438202
    ],
    [
      0.6309016346931458,
      0.7156323194503784,
      0.08374600112438202
    ],
    [
      0.3094296455383301,
      0.08894072473049164,
      0.13710513710975647
    ],
    [
      0.19057036936283112,
      0.5889407396316528,
      0.13710513710975647
    ]
  ],
  "lattice": [
    [
      5.808103561401367,
      0.0,
      0.0
    ],
    [
      0.0,
      7.943295001983643,
      0.0
    ],
    [
      0.0,
      0.0,
      30.074485778808594
    ]
  ],
  "properties": {
    "deltaG_H": 0.016114963173866275,
    "thermo_stability": -0.10382234255472822,
    "synth_score": 0.4482745462204667
  }
}