{
  "id": "JVASP-6226",
  "atomic_numbers": [
    44,
    17,
    17,
    8
  ],
  "frac_coords": [
    [
      0.5,
      0.5,
      0.2377600073814392
    ],
    [
      0.0,
      0.5,
      0.1766374409198761
    ],
    [
      0.0,
      0.5,
      0.29888254404067993
    ],
    [
      0.5,
      0.0,
      0.2377600073814392
    ]
  ],
  "lattice": [
    [
      3.535916328430176,
      0.0,
      0.0
    ],
    [
      0.0,
      3.6740288734436035,
      0.0
    ],
    [
      0.0,
      0.0,
      26.693073272705078
    ]
  ],
  "properties": {
    "deltaG_H": 0.004295386672019959,
    "thermo_stability": -0.28429338534673065,
    "synth_score": 0.3615629840452117
  }
}