{
  "id": "JVASP-6745",
  "atomic_numbers": [
    6,
    35,
    7
  ],
  "frac_coords": [
    [
      0.5,
      0.4510681629180908,
      0.1309950053691864
    ],
    [
      0.5,
      0.13745033740997314,
      0.1309950053691864
    ],
    [
      0.5,
      0.6547715067863464,
      0.1309950053691864
    ]
  ],
  "lattice": [
    [
      3.9685003757476807,
      0.0,
      0.0
    ],
    [
      0.0,
      5.719503402709961,
      0.0
    ],
    [
      0.0,
      0.0,
      24.38990020751953
    ]
  ],
  "properties": {
    "deltaG_H": -0.004365027109781901,
    "thermo_stability": 0.5186378963291645,
    "synth_score": 0.7383240265224569
  }
}