{
  "id": "JVASP-60249",
  "atomic_numbers": [
    52,
    52,
    52,
    52,
    8,
    8,
    8,
    8,
    8,
    8,
    8,
    8
  ],
  "frac_coords": [
    [
      0.521235466003418,
      0.13171590864658356,
      0.025647299364209175
    ],
    [
      0.978764533996582,
      0.6317158937454224,
      0.025647299364209175
    ],
    [
      0.47876453399658203,
      0.8682841062545776,
      0.1453717052936554
    ],
    [
      0.021235479041934013,
      0.36828407645225525,
      0.1453717052936554
    ],
    [
      0.6899029016494751,
      0.43603700399398804,
      0.0018713583704084158
    ],
    [
      0.8100970983505249,
      0.936037003993988,
      0.0018713583704084158
    ],
    [
      0.6457493901252747,
      0.16776138544082642,
      0.1005726233124733
    ],
    [
      0.35425058007240295,
      0.8322386145591736,
      0.07044538110494614
    ],
    [
      0.14574940502643585,
      0.3322386145591736,
      0.07044538110494614
    ],
    [
      0.8542506098747253,
      0.6677613854408264,
      0.1005726233124733
    ],
    [
      0.1899028867483139,
      0.06396299600601196,
      0.16914664208889008
    ],
    [
      0.3100970983505249,
      0.563962996006012,
      0.16914664208889008
    ]
  ],
  "lattice": [
    [
      5.181491851806641,
      0.0,
      0.0
    ],
    [
      0.0,
      5.712790489196777,
      0.0
    ],
    [
      0.0,
      0.0,
      24.1259765625
    ]
  ],
  "properties": {
    "deltaG_H": 0.0002613908052444456,
    "thermo_stability": -1.316549943884214,
    "synth_score": 0.0670383102575011
  }
}