{
  "id": "JVASP-75293",
  "atomic_numbers": [
    67,
    67,
    83,
    83,
    8,
    8,
    8,
    8,
    8,
    8
  ],
  "frac_coords": [
    [
      0.6666669845581055,
      0.6666669845581055,
      0.5178951621055603
    ],
    [
      0.33333298563957214,
      0.33333298563957214,
      0.4821048080921173
    ],
    [
      0.6666669845581055,
      0.6666669845581055,
      0.3941483199596405
    ],
    [
      0.33333298563957214,
      0.33333298563957214,
      0.6058516502380371
    ],
    [
      0.42269253730773926,
      0.5448489785194397,
      0.5541666746139526
    ],
    [
      0.4551510214805603,
      0.967541515827179,
      0.44583332538604736
    ],
    [
      0.967541515827179,
      0.5773074626922607,
      0.44583332538604736
    ],
    [
      0.03245847299695015,
      0.42269253730773926,
      0.5541666746139526
    ],
    [
      0.5448489785194397,
      0.03245847299695015,
      0.5541666746139526
    ],
    [
      0.5773074626922607,
      0.4551510214805603,
      0.44583332538604736
    ]
  ],
  "lattice": [
    [
      6.071572780609131,
      3.3349155614814663e-07,
      0.0
    ],
    [
      3.035785675048828,
      5.25813627243042,
      0.0
    ],
    [
      0.0,
      0.0,
      25.183874130249023
    ]
  ],
  "properties": {
    "deltaG_H": 0.0008053519964218122,
    "thermo_stability": -1.7926662335793182,
    "synth_score": 0.026979378332020385
  }
}