{
  "id": "JVASP-6451",
  "atomic_numbers": [
    33,
    33,
    33,
    33,
    8,
    8,
    8,
    8,
    8,
    8
  ],
  "frac_coords": [
    [
      0.7912702560424805,
      0.6750168204307556,
      0.05302209034562111
    ],
    [
      0.3823946714401245,
      0.12189270555973053,
      0.07467204332351685
    ],
    [
      0.2912702262401581,
      0.8301911950111389,
      0.13844290375709534
    ],
    [
      0.8823946714401245,
      0.3833152949810028,
      0.11679195612668991
    ],
    [
      0.12294703722000122,
      0.7943788766860962,
      0.07253661751747131
    ],
    [
      0.9214094877243042,
      0.4728526473045349,
      0.05714981257915497
    ],
    [
      0.9967735409736633,
      0.1789141297340393,
      0.08291253447532654
    ],
    [
      0.6229470372200012,
      0.7108291387557983,
      0.11892838776111603
    ],
    [
      0.49677354097366333,
      0.32629385590553284,
      0.10855146497488022
    ],
    [
      0.4214095175266266,
      0.03235536441206932,
      0.13431519269943237
    ]
  ],
  "lattice": [
    [
      4.558196067810059,
      0.0,
      0.0
    ],
    [
      0.0,
      8.112918853759766,
      -1.6411099433898926
    ],
    [
      0.0,
      0.13694781064987183,
      25.901277542114258
    ]
  ],
  "properties": {
    "deltaG_H": 5.013124942779539e-05,
    "thermo_stability": 0.10258407195409136,
    "synth_score": 0.5511128663616061
  }
}