{
  "id": "JVASP-31368",
  "atomic_numbers": [
    42,
    42,
    8,
    8,
    8,
    8,
    8,
    8
  ],
  "frac_coords": [
    [
      0.25,
      0.4314357042312622,
      0.324004203081131
    ],
    [
      0.75,
      0.5685642957687378,
      0.21980978548526764
    ],
    [
      0.25,
      0.46691519021987915,
      0.3825911581516266
    ],
    [
      0.75,
      0.5330848097801208,
      0.16122183203697205
    ],
    [
      0.25,
      0.4977664649486542,
      0.23883290588855743
    ],
    [
      0.75,
      0.5022335052490234,
      0.3049800992012024
    ],
    [
      0.25,
      0.981866717338562,
      0.31566137075424194
    ],
    [
      0.75,
      0.018133291974663734,
      0.2281516194343567
    ]
  ],
  "lattice": [
    [
      3.6968815326690674,
      0.0,
      0.0
    ],
    [
      0.0,
      3.893860340118408,
      0.0
    ],
    [
      0.0,
      0.0,
      28.497100830078125
    ]
  ],
  "properties": {
    "deltaG_H": -0.008422094583511352,
    "thermo_stability": -1.999484007060528,
    "synth_score": 0.018004446695393337
  }
}