{
  "id": "JVASP-6796",
  "atomic_numbers": [
    73,
    73,
    73,
    34,
    53,
    53,
    53,
    53,
    53,
    53,
    53
  ],
  "frac_coords": [
    [
      0.2596982419490814,
      0.12984861433506012,
      0.13861529529094696
    ],
    [
      0.8701514005661011,
      0.740301787853241,
      0.13861529529094696
    ],
    [
      0.8701514005661011,
      0.12984861433506012,
      0.13861529529094696
    ],
    [
      0.0,
      0.0,
      0.20943967998027802
    ],
    [
      0.16875505447387695,
      0.831244945526123,
      0.06818512827157974
    ],
    [
      0.16875505447387695,
      0.3375101089477539,
      0.06818512827157974
    ],
    [
      0.6624898910522461,
      0.831244945526123,
      0.06818512827157974
    ],
    [
      0.6666669845581055,
      0.33333298563957214,
      0.08417962491512299
    ],
    [
      0.4974125623703003,
      0.9948251247406006,
      0.19592247903347015
    ],
    [
      0.4974125623703003,
      0.5025874376296997,
      0.19592247903347015
    ],
    [
      0.005174892023205757,
      0.5025874376296997,
      0.19592247903347015
    ]
  ],
  "lattice": [
    [
      7.6020283699035645,
      -3.156174432916714e-09,
      0.0
    ],
    [
      -3.801013708114624,
      6.5835490226745605,
      0.0
    ],
    [
      0.0,
      0.0,
      26.83594512939453
    ]
  ],
  "properties": {
    "deltaG_H": 0.020122746771032162,
    "thermo_stability": -1.0246364941199624,
    "synth_score": 0.11412586238747945
  }
}