{
  "id": "JVASP-655",
  "atomic_numbers": [
    41,
    34,
    34
  ],
  "frac_coords": [
    [
      0.0,
      0.0,
      0.30564799904823303
    ],
    [
      0.33333298563957214,
      0.6666669845581055,
      0.3555395007133484
    ],
    [
      0.33333298563957214,
      0.6666669845581055,
      0.2557564973831177
    ]
  ],
  "lattice": [
    [
      1.743345022201538,
      -3.019561529159546,
      0.0
    ],
    [
      1.743345022201538,
      3.019561529159546,
      0.0
    ],
    [
      0.0,
      0.0,
      33.75699996948242
    ]
  ],
  "properties": {
    "deltaG_H": 0.012164106766382854,
    "thermo_stability": 0.019665765762328924,
    "synth_score": 0.5098316154798391
  }
}