{
  "id": "JVASP-6922",
  "atomic_numbers": [
    25,
    8,
    8
  ],
  "frac_coords": [
    [
      0.3499470055103302,
      0.988228976726532,
      0.1001800000667572
    ],
    [
      0.6832799911499023,
      0.6548960208892822,
      0.13837428390979767
    ],
    [
      0.016613999381661415,
      0.3215630054473877,
      0.06198671832680702
    ]
  ],
  "lattice": [
    [
      2.875164031982422,
      1.0301038244620031e-08,
      0.0
    ],
    [
      -1.4375824928283691,
      2.4899659156799316,
      0.0
    ],
    [
      0.0,
      0.0,
      25.011281967163086
    ]
  ],
  "properties": {
    "deltaG_H": -0.001556755801041921,
    "thermo_stability": 0.28613458871841424,
    "synth_score": 0.6392866109568938
  }
}