{
  "id": "JVASP-76309",
  "atomic_numbers": [
    49,
    29,
    15,
    15,
    34,
    34,
    34,
    34,
    34,
    34
  ],
  "frac_coords": [
    [
      0.0,
      0.0,
      0.8507519960403442
    ],
    [
      0.3333339989185333,
      0.6666679978370667,
      0.8507519960403442
    ],
    [
      0.6666659712791443,
      0.33333200216293335,
      0.8021628260612488
    ],
    [
      0.6666659712791443,
      0.33333200216293335,
      0.8993412256240845
    ],
    [
      0.3410329222679138,
      0.34851449728012085,
      0.7771386504173279
    ],
    [
      0.007481561973690987,
      0.6589670777320862,
      0.7771386504173279
    ],
    [
      0.007481561973690987,
      0.34851449728012085,
      0.9243653416633606
    ],
    [
      0.6514855027198792,
      0.6589670777320862,
      0.9243653416633606
    ],
    [
      0.3410329222679138,
      0.992518424987793,
      0.9243653416633606
    ],
    [
      0.6514855027198792,
      0.992518424987793,
      0.7771386504173279
    ]
  ],
  "lattice": [
    [
      -6.4271392822265625,
      -0.0,
      0.0
    ],
    [
      3.2135696411132812,
      5.566066265106201,
      0.0
    ],
    [
      0.0,
      0.0,
      -23.432262420654297
    ]
  ],
  "properties": {
    "deltaG_H": 0.006397485637664795,
    "thermo_stability": -0.9742529610792796,
    "synth_score": 0.12471636357202427
  }
}