{
  "id": "JVASP-19996",
  "atomic_numbers": [
    19,
    6,
    7
  ],
  "frac_coords": [
    [
      0.9536222219467163,
      0.5082711577415466,
      0.3387906849384308
    ],
    [
      0.3801063299179077,
      0.0849122703075409,
      0.3386506140232086
    ],
    [
      0.5439154505729675,
      -0.09318342804908752,
      0.33920472860336304
    ]
  ],
  "lattice": [
    [
      4.481927871704102,
      -0.31588634848594666,
      0.0
    ],
    [
      -0.3170693814754486,
      4.599950790405273,
      0.0
    ],
    [
      0.0,
      0.0,
      25.229400634765625
    ]
  ],
  "properties": {
    "deltaG_H": -0.007483040452003476,
    "thermo_stability": 0.2938147217035292,
    "synth_score": 0.6428210452746327
  }
}