{
  "id": "JVASP-75290",
  "atomic_numbers": [
    39,
    39,
    53,
    53,
    8,
    8
  ],
  "frac_coords": [
    [
      0.0,
      0.0,
      0.5516822338104248
    ],
    [
      0.33333298563957214,
      0.33333298563957214,
      0.4483177959918976
    ],
    [
      0.6666669845581055,
      0.6666669845581055,
      0.36842554807662964
    ],
    [
      0.6666669845581055,
      0.6666669845581055,
      0.6315744519233704
    ],
    [
      0.0,
      0.0,
      0.4683712422847748
    ],
    [
      0.33333298563957214,
      0.33333298563957214,
      0.5316287875175476
    ]
  ],
  "lattice": [
    [
      3.9147047996520996,
      -1.1122762710868983e-09,
      0.0
    ],
    [
      1.957352876663208,
      3.3902342319488525,
      0.0
    ],
    [
      0.0,
      0.0,
      27.209693908691406
    ]
  ],
  "properties": {
    "deltaG_H": 0.006741022268931073,
    "thermo_stability": -2.0,
    "synth_score": 0.01798620996209156
  }
}