{
  "id": "JVASP-75058",
  "atomic_numbers": [
    5,
    5,
    16,
    16,
    8,
    8,
    8,
    8,
    8,
    8,
    8,
    8,
    8
  ],
  "frac_coords": [
    [
      0.8375436663627625,
      0.03180240839719772,
      0.45415759086608887
    ],
    [
      0.8057412505149841,
      0.9681975841522217,
      0.5458424091339111
    ],
    [
      0.5165955424308777,
      0.3871704936027527,
      0.41472429037094116
    ],
    [
      0.1294240802526474,
      0.6128295063972473,
      0.5852757096290588
    ],
    [
      0.6710790395736694,
      0.4160863757133484,
      0.3679368197917938
    ],
    [
      0.25499168038368225,
      0.5839136242866516,
      0.6320631504058838
    ],
    [
      0.5170708298683167,
      0.7070760130882263,
      0.43463313579559326
    ],
    [
      0.8099968433380127,
      0.2929239869117737,
      0.5653668642044067
    ],
    [
      0.702614963054657,
      0.2918286919593811,
      0.45547643303871155
    ],
    [
      0.4107872545719147,
      0.7081713080406189,
      0.5445235967636108
    ],
    [
      0.12068413197994232,
      0.1243889331817627,
      0.41480520367622375
    ],
    [
      -0.003704795613884926,
      0.8756110668182373,
      0.5851947665214539
    ],
    [
      0.960397481918335,
      0.0,
      0.5
    ]
  ],
  "lattice": [
    [
      4.192126750946045,
      0.0,
      0.0
    ],
    [
      -2.0960633754730225,
      3.9008948802948,
      0.0
    ],
    [
      0.0,
      0.0,
      27.24608612060547
    ]
  ],
  "properties": {
    "deltaG_H": -0.01184521551315601,
    "thermo_stability": -2.0,
    "synth_score": 0.01798620996209156
  }
}