{
  "id": "JVASP-75221",
  "atomic_numbers": [
    48,
    48,
    83,
    83,
    34,
    34,
    34,
    34,
    53,
    53
  ],
  "frac_coords": [
    [
      0.0,
      0.0,
      0.5
    ],
    [
      0.0,
      0.5,
      0.5
    ],
    [
      0.5,
      0.22429262101650238,
      0.4188678562641144
    ],
    [
      0.5,
      0.7757073640823364,
      0.581132173538208
    ],
    [
      0.5,
      0.0010249150218442082,
      0.4256783127784729
    ],
    [
      0.5,
      -0.0010249150218442082,
      0.5743216872215271
    ],
    [
      0.0,
      0.2586584985256195,
      0.49047061800956726
    ],
    [
      0.0,
      0.7413414716720581,
      0.5095294117927551
    ],
    [
      0.5,
      0.47043630480766296,
      0.5824856162071228
    ],
    [
      0.5,
      0.5295636653900146,
      0.4175143539905548
    ]
  ],
  "lattice": [
    [
      4.057201385498047,
      0.0,
      0.0
    ],
    [
      0.0,
      11.905899047851562,
      0.0
    ],
    [
      0.0,
      0.0,
      25.971921920776367
    ]
  ],
  "properties": {
    "deltaG_H": 0.01638219668865204,
    "thermo_stability": -1.1471563746531808,
    "synth_score": 0.09159507322537
  }
}