{
  "id": "JVASP-6703",
  "atomic_numbers": [
    25,
    25,
    83
  ],
  "frac_coords": [
    [
      0.33333298563957214,
      0.6666669845581055,
      0.17626075446605682
    ],
    [
      0.6666669845581055,
      0.33333298563957214,
      0.3806942403316498
    ],
    [
      0.0,
      0.0,
      0.2784779965877533
    ]
  ],
  "lattice": [
    [
      3.1720468997955322,
      1.3079163352358592e-07,
      0.0
    ],
    [
      -1.5860236883163452,
      2.747073173522949,
      0.0
    ],
    [
      0.0,
      0.0,
      24.828216552734375
    ]
  ],
  "properties": {
    "deltaG_H": 0.017504051268100743,
    "thermo_stability": -1.8479661812384927,
    "synth_score": 0.024222979181063534
  }
}