{
  "id": "JVASP-6910",
  "atomic_numbers": [
    38,
    38,
    1,
    1,
    1
  ],
  "frac_coords": [
    [
      0.6666669845581055,
      0.33333298563957214,
      0.05647999420762062
    ],
    [
      0.33333298563957214,
      0.6666669845581055,
      0.1564210057258606
    ],
    [
      0.33333298563957214,
      0.6666669845581055,
      0.06443653255701065
    ],
    [
      0.0,
      0.0,
      0.10645099729299545
    ],
    [
      0.6666669845581055,
      0.33333298563957214,
      0.14846447110176086
    ]
  ],
  "lattice": [
    [
      4.1665496826171875,
      0.0,
      0.0
    ],
    [
      -2.0832748413085938,
      3.6083381175994873,
      0.0
    ],
    [
      0.0,
      0.0,
      26.680280685424805
    ]
  ],
  "properties": {
    "deltaG_H": 0.016299419403076172,
    "thermo_stability": 0.012093318502108152,
    "synth_score": 0.5060463644969794
  }
}