{
  "id": "JVASP-6832",
  "atomic_numbers": [
    23,
    35,
    35,
    8
  ],
  "frac_coords": [
    [
      0.5,
      0.5,
      0.27146801352500916
    ],
    [
      0.5,
      0.0,
      0.20321354269981384
    ],
    [
      0.5,
      0.0,
      0.3397224545478821
    ],
    [
      0.0,
      0.5,
      0.27146801352500916
    ]
  ],
  "lattice": [
    [
      3.6192915439605713,
      0.0,
      0.0
    ],
    [
      0.0,
      3.632189989089966,
      0.0
    ],
    [
      0.0,
      0.0,
      26.25452423095703
    ]
  ],
  "properties": {
    "deltaG_H": 0.003462737202644348,
    "thermo_stability": -0.5220235308011374,
    "synth_score": 0.2603698658178225
  }
}