{
  "id": "JVASP-20035",
  "atomic_numbers": [
    37,
    37,
    37,
    42,
    42,
    17,
    17,
    17,
    17,
    17,
    17,
    17,
    17,
    17
  ],
  "frac_coords": [
    [
      0.6666669845581055,
      0.33333298563957214,
      0.05599268898367882
    ],
    [
      0.0,
      0.0,
      0.16021700203418732
    ],
    [
      0.6666669845581055,
      0.33333298563957214,
      0.2644423246383667
    ],
    [
      0.33333298563957214,
      0.6666669845581055,
      0.11012057214975357
    ],
    [
      0.33333298563957214,
      0.6666669845581055,
      0.21031442284584045
    ],
    [
      0.6581856608390808,
      0.829092800617218,
      0.06169513985514641
    ],
    [
      0.1709071844816208,
      0.829092800617218,
      0.06169513985514641
    ],
    [
      0.1709071844816208,
      0.3418143689632416,
      0.06169513985514641
    ],
    [
      0.5033103227615356,
      0.49668967723846436,
      0.16021700203418732
    ],
    [
      -0.006619662046432495,
      0.49668967723846436,
      0.16021700203418732
    ],
    [
      0.5033103227615356,
      0.006619662046432495,
      0.16021700203418732
    ],
    [
      0.6581856608390808,
      0.829092800617218,
      0.2587398588657379
    ],
    [
      0.1709071844816208,
      0.829092800617218,
      0.2587398588657379
    ],
    [
      0.1709071844816208,
      0.3418143689632416,
      0.2587398588657379
    ]
  ],
  "lattice": [
    [
      7.047747611999512,
      -2.345885441457085e-08,
      0.0
    ],
    [
      -3.5238733291625977,
      6.1035284996032715,
      0.0
    ],
    [
      0.0,
      0.0,
      27.84505271911621
    ]
  ],
  "properties": {
    "deltaG_H": 0.018072821157319206,
    "thermo_stability": -1.8538562873999282,
    "synth_score": 0.023946094487540526
  }
}