{
  "id": "JVASP-9044",
  "atomic_numbers": [
    56,
    56,
    56,
    56,
    16,
    16,
    16,
    16
  ],
  "frac_coords": [
    [
      0.9487102031707764,
      0.12502838671207428,
      0.11332058906555176
    ],
    [
      0.7264378070831299,
      0.8749716281890869,
      0.1740594059228897
    ],
    [
      0.44871020317077637,
      0.6250283718109131,
      0.11332058906555176
    ],
    [
      0.2264377772808075,
      0.3749715983867645,
      0.1740594059228897
    ],
    [
      0.4746462404727936,
      0.1249835267663002,
      0.17013952136039734
    ],
    [
      0.20050077140331268,
      0.875016450881958,
      0.11724047362804413
    ],
    [
      0.9746462106704712,
      0.624983549118042,
      0.17013952136039734
    ],
    [
      0.7005007863044739,
      0.3750164806842804,
      0.11724047362804413
    ]
  ],
  "lattice": [
    [
      13.224416732788086,
      2.1916277408599854,
      0.0
    ],
    [
      1.1736797094345093,
      5.0270094871521,
      0.0
    ],
    [
      -6.028433322906494,
      -0.9990673065185547,
      28.065454483032227
    ]
  ],
  "properties": {
    "deltaG_H": 0.0269637867808342,
    "thermo_stability": 0.5067183156808217,
    "synth_score": 0.733692164715157
  }
}