{
  "id": "JVASP-13587",
  "atomic_numbers": [
    71,
    71,
    1,
    1,
    17,
    17
  ],
  "frac_coords": [
    [
      0.0,
      0.0,
      0.1192651093006134
    ],
    [
      0.6666669845581055,
      0.33333298563957214,
      0.21406789124011993
    ],
    [
      0.6666669845581055,
      0.33333298563957214,
      0.13744747638702393
    ],
    [
      0.0,
      0.0,
      0.1958855241537094
    ],
    [
      0.33333298563957214,
      0.6666669845581055,
      0.05876574665307999
    ],
    [
      0.33333298563957214,
      0.6666669845581055,
      0.27456724643707275
    ]
  ],
  "lattice": [
    [
      3.6228325366973877,
      -4.9479180752598495e-09,
      0.0
    ],
    [
      -1.8114157915115356,
      3.137465000152588,
      0.0
    ],
    [
      0.0,
      0.0,
      27.703472137451172
    ]
  ],
  "properties": {
    "deltaG_H": 0.0064703347285588585,
    "thermo_stability": -2.0,
    "synth_score": 0.01798620996209156
  }
}