{
  "id": "JVASP-28252",
  "atomic_numbers": [
    12,
    12,
    14,
    8,
    8,
    8,
    8
  ],
  "frac_coords": [
    [
      0.5,
      0.5,
      0.37181252241134644
    ],
    [
      0.5,
      0.5,
      0.6281874775886536
    ],
    [
      0.5,
      0.5,
      0.5
    ],
    [
      0.5,
      0.5,
      0.43745315074920654
    ],
    [
      0.5,
      0.5,
      0.5625468492507935
    ],
    [
      0.5,
      0.0,
      0.5
    ],
    [
      0.0,
      0.5,
      0.5
    ]
  ],
  "lattice": [
    [
      3.4974653720855713,
      0.0,
      0.0
    ],
    [
      0.0,
      3.4974653720855713,
      0.0
    ],
    [
      0.0,
      0.0,
      27.510438919067383
    ]
  ],
  "properties": {
    "deltaG_H": -0.003570815495082311,
    "thermo_stability": -2.0,
    "synth_score": 0.01798620996209156
  }
}