{
  "id": "JVASP-5871",
  "atomic_numbers": [
    39,
    7
  ],
  "frac_coords": [
    [
      0.6666669845581055,
      0.33333298563957214,
      0.04576599970459938
    ],
    [
      0.33333298563957214,
      0.6666669845581055,
      0.04576599970459938
    ]
  ],
  "lattice": [
    [
      3.807192325592041,
      -3.3252813835815687e-08,
      0.0
    ],
    [
      -1.9035956859588623,
      3.2971253395080566,
      0.0
    ],
    [
      0.0,
      0.0,
      26.929834365844727
    ]
  ],
  "properties": {
    "deltaG_H": 0.004961758613586427,
    "thermo_stability": 0.9777788788080215,
    "synth_score": 0.8760513952377038
  }
}