{
  "id": "JVASP-13576",
  "atomic_numbers": [
    26,
    35,
    35
  ],
  "frac_coords": [
    [
      0.3873400092124939,
      0.015603999607264996,
      0.12346299737691879
    ],
    [
      0.7206730246543884,
      0.6822699904441833,
      0.18027247488498688
    ],
    [
      0.05400799959897995,
      0.3489370048046112,
      0.06665452569723129
    ]
  ],
  "lattice": [
    [
      3.69348406791687,
      5.324609197998598e-09,
      0.0
    ],
    [
      -1.8467426300048828,
      3.1986515522003174,
      0.0
    ],
    [
      0.0,
      0.0,
      26.55784034729004
    ]
  ],
  "properties": {
    "deltaG_H": 0.021637812207142514,
    "thermo_stability": -0.33437069952487963,
    "synth_score": 0.338778719865449
  }
}