{
  "id": "JVASP-19989",
  "atomic_numbers": [
    50,
    50,
    16,
    16
  ],
  "frac_coords": [
    [
      0.0,
      0.25,
      0.07803608477115631
    ],
    [
      0.5,
      0.75,
      0.17306891083717346
    ],
    [
      0.0,
      0.75,
      0.09835299104452133
    ],
    [
      0.5,
      0.25,
      0.15275301039218903
    ]
  ],
  "lattice": [
    [
      3.759833335876465,
      0.0,
      0.0
    ],
    [
      0.0,
      5.766505241394043,
      0.0
    ],
    [
      0.0,
      0.0,
      24.10658073425293
    ]
  ],
  "properties": {
    "deltaG_H": 0.017669341266155242,
    "thermo_stability": 0.09111956556638079,
    "synth_score": 0.545434109263645
  }
}