{
  "id": "JVASP-6370",
  "atomic_numbers": [
    21,
    47,
    15,
    15,
    16,
    16,
    16,
    16,
    16,
    16
  ],
  "frac_coords": [
    [
      0.0,
      0.0,
      0.14828699827194214
    ],
    [
      0.33333298563957214,
      0.6666669845581055,
      0.14828699827194214
    ],
    [
      0.6666669845581055,
      0.33333298563957214,
      0.10284584015607834
    ],
    [
      0.6666669845581055,
      0.33333298563957214,
      0.19372716546058655
    ],
    [
      0.33638668060302734,
      0.3052006661891937,
      0.07978793978691101
    ],
    [
      0.6947993040084839,
      0.031185995787382126,
      0.07978793978691101
    ],
    [
      0.9688140153884888,
      0.6636133193969727,
      0.07978793978691101
    ],
    [
      0.9688140153884888,
      0.3052006661891937,
      0.21678605675697327
    ],
    [
      0.6947993040084839,
      0.6636133193969727,
      0.21678605675697327
    ],
    [
      0.33638668060302734,
      0.031185995787382126,
      0.21678605675697327
    ]
  ],
  "lattice": [
    [
      6.186511993408203,
      3.302877082944633e-09,
      0.0
    ],
    [
      -3.0932564735412598,
      5.3576765060424805,
      0.0
    ],
    [
      0.0,
      0.0,
      24.578943252563477
    ]
  ],
  "properties": {
    "deltaG_H": 0.0015053555011749252,
    "thermo_stability": -0.7245297402143478,
    "synth_score": 0.19014635509448471
  }
}