{
  "id": "JVASP-6073",
  "atomic_numbers": [
    20,
    20,
    50,
    50
  ],
  "frac_coords": [
    [
      0.9547119736671448,
      0.75,
      0.4425993263721466
    ],
    [
      0.9547119736671448,
      0.25,
      0.5568036437034607
    ],
    [
      0.45471200346946716,
      0.75,
      0.5405458807945251
    ],
    [
      0.45471200346946716,
      0.25,
      0.45885711908340454
    ]
  ],
  "lattice": [
    [
      4.683404445648193,
      0.0,
      0.0
    ],
    [
      0.0,
      4.321438312530518,
      0.0
    ],
    [
      0.0,
      0.0,
      25.60089874267578
    ]
  ],
  "properties": {
    "deltaG_H": 0.027856637835502625,
    "thermo_stability": -0.22840525160233183,
    "synth_score": 0.3877427333484284
  }
}