{
  "id": "JVASP-76628",
  "atomic_numbers": [
    74,
    8,
    8,
    9,
    9
  ],
  "frac_coords": [
    [
      0.7010424137115479,
      0.7010362148284912,
      0.9207363128662109
    ],
    [
      0.7409697771072388,
      0.24575532972812653,
      0.9207308292388916
    ],
    [
      0.24575328826904297,
      0.7409728765487671,
      0.9207308888435364
    ],
    [
      0.7695682048797607,
      0.7695685029029846,
      -0.0019223198760300875
    ],
    [
      0.7695903182029724,
      0.7695910930633545,
      0.8433952927589417
    ]
  ],
  "lattice": [
    [
      -2.756049871444702,
      -2.7468276023864746,
      0.0
    ],
    [
      -2.756110668182373,
      2.7468879222869873,
      0.0
    ],
    [
      0.0,
      0.0,
      -23.767967224121094
    ]
  ],
  "properties": {
    "deltaG_H": -0.013895735502243042,
    "thermo_stability": -2.0,
    "synth_score": 0.01798620996209156
  }
}