{
  "id": "JVASP-60550",
  "atomic_numbers": [
    67,
    67,
    35,
    35,
    8,
    8
  ],
  "frac_coords": [
    [
      0.0,
      0.0,
      0.07927368581295013
    ],
    [
      0.5,
      0.5,
      0.15888631343841553
    ],
    [
      0.5,
      0.0,
      0.0005254968418739736
    ],
    [
      0.0,
      0.5,
      0.23763450980186462
    ],
    [
      0.5,
      0.0,
      0.1278558075428009
    ],
    [
      0.0,
      0.5,
      0.11030418425798416
    ]
  ],
  "lattice": [
    [
      3.8121559619903564,
      0.0,
      0.0
    ],
    [
      0.0,
      4.139829635620117,
      0.0
    ],
    [
      0.0,
      0.0,
      26.252246856689453
    ]
  ],
  "properties": {
    "deltaG_H": 0.006413378814856211,
    "thermo_stability": -2.0,
    "synth_score": 0.01798620996209156
  }
}