{
  "id": "JVASP-75257",
  "atomic_numbers": [
    56,
    56,
    1,
    1,
    1,
    1,
    8,
    8,
    8,
    8,
    8,
    8
  ],
  "frac_coords": [
    [
      -0.0003316087822895497,
      0.7319334149360657,
      0.45905864238739014
    ],
    [
      0.9995881915092468,
      0.2319362610578537,
      0.5409414172172546
    ],
    [
      0.2051628977060318,
      0.7053762674331665,
      0.575255274772644
    ],
    [
      0.7937798500061035,
      0.7053562998771667,
      0.5752488970756531
    ],
    [
      0.7940903902053833,
      0.20537948608398438,
      0.42474350333213806
    ],
    [
      0.20547690987586975,
      0.20535868406295776,
      0.42475152015686035
    ],
    [
      0.9994794130325317,
      0.8020170331001282,
      0.5695089101791382
    ],
    [
      -0.00022070955310482532,
      0.3020176887512207,
      0.4304901957511902
    ],
    [
      0.49969717860221863,
      0.01648436114192009,
      0.4288976490497589
    ],
    [
      0.4995628595352173,
      0.516477108001709,
      0.5711028575897217
    ],
    [
      0.49958986043930054,
      0.4914262592792511,
      0.5126364231109619
    ],
    [
      0.49966078996658325,
      0.9914240837097168,
      0.48736366629600525
    ]
  ],
  "lattice": [
    [
      3.913222551345825,
      -0.0004611275508068502,
      0.0
    ],
    [
      0.0007727824850007892,
      6.277487277984619,
      0.0
    ],
    [
      0.0,
      0.0,
      25.795251846313477
    ]
  ],
  "properties": {
    "deltaG_H": -0.015135303139686584,
    "thermo_stability": -1.7263699392477676,
    "synth_score": 0.03068725529044802
  }
}