{
  "id": "JVASP-76549",
  "atomic_numbers": [
    75,
    75,
    75,
    75,
    75,
    75,
    34,
    34,
    34,
    34,
    34,
    34,
    34,
    34,
    17,
    17
  ],
  "frac_coords": [
    [
      0.8214011788368225,
      0.34853798151016235,
      0.20722131431102753
    ],
    [
      0.6785998940467834,
      0.15146246552467346,
      0.07954469323158264
    ],
    [
      0.005110512021929026,
      0.29689040780067444,
      0.12332522869110107
    ],
    [
      0.49488958716392517,
      0.20311018824577332,
      0.16344068944454193
    ],
    [
      0.8417003750801086,
      0.9897626042366028,
      0.15417905151844025
    ],
    [
      0.6583002209663391,
      0.5102391242980957,
      0.13258738815784454
    ],
    [
      0.01685548946261406,
      0.9537903070449829,
      0.07477080076932907
    ],
    [
      0.15045104920864105,
      0.12597155570983887,
      0.19995369017124176
    ],
    [
      0.9944990873336792,
      0.6338386535644531,
      0.17481110990047455
    ],
    [
      0.5055010318756104,
      0.8661626577377319,
      0.11195608973503113
    ],
    [
      0.6648136377334595,
      0.044923558831214905,
      0.23365893959999084
    ],
    [
      0.48314547538757324,
      0.5462082624435425,
      0.21199584007263184
    ],
    [
      0.34955012798309326,
      0.37402787804603577,
      0.08681269735097885
    ],
    [
      0.8351852893829346,
      0.4550778567790985,
      0.05310731381177902
    ],
    [
      0.9122816324234009,
      0.47302111983299255,
      0.2858021855354309
    ],
    [
      0.5877154469490051,
      0.02697536163032055,
      0.0009649538551457226
    ]
  ],
  "lattice": [
    [
      -6.659163951873779,
      0.010075248777866364,
      -0.25727900862693787
    ],
    [
      -0.43411996960639954,
      -6.642543315887451,
      -0.7337669730186462
    ],
    [
      0.0,
      0.0,
      28.222509384155273
    ]
  ],
  "properties": {
    "deltaG_H": 0.0045003461837768545,
    "thermo_stability": -2.0,
    "synth_score": 0.01798620996209156
  }
}