{
  "id": "JVASP-8888",
  "atomic_numbers": [
    52,
    52,
    45,
    45,
    17,
    17
  ],
  "frac_coords": [
    [
      0.3995574116706848,
      0.0,
      0.06107126548886299
    ],
    [
      0.34129056334495544,
      0.5,
      0.1617247313261032
    ],
    [
      0.6252046227455139,
      0.5,
      0.11096689105033875
    ],
    [
      0.11564338952302933,
      0.0,
      0.11183010786771774
    ],
    [
      0.8974779844284058,
      0.5,
      0.060369931161403656
    ],
    [
      0.8433700203895569,
      0.0,
      0.16242706775665283
    ]
  ],
  "lattice": [
    [
      6.634815216064453,
      0.0,
      0.0
    ],
    [
      0.0,
      3.6903152465820312,
      0.0
    ],
    [
      -6.202756404876709,
      0.0,
      27.05592155456543
    ]
  ],
  "properties": {
    "deltaG_H": 0.01510241354505221,
    "thermo_stability": -0.10205310285091418,
    "synth_score": 0.4491498580854087
  }
}