{
  "id": "JVASP-8948",
  "atomic_numbers": [
    49,
    49,
    35,
    35,
    8,
    8
  ],
  "frac_coords": [
    [
      0.7214199900627136,
      0.5919510126113892,
      0.19705761969089508
    ],
    [
      0.22142000496387482,
      0.09194999933242798,
      0.12460537999868393
    ],
    [
      0.22142000496387482,
      0.5919510126113892,
      0.26732364296913147
    ],
    [
      0.7214199900627136,
      0.09194999933242798,
      0.05433934926986694
    ],
    [
      0.7214199900627136,
      0.09194999933242798,
      0.1725655198097229
    ],
    [
      0.22142000496387482,
      0.5919510126113892,
      0.1490974873304367
    ]
  ],
  "lattice": [
    [
      3.6692380905151367,
      0.0,
      0.0
    ],
    [
      0.0,
      4.0910844802856445,
      0.0
    ],
    [
      0.0,
      0.0,
      28.00969123840332
    ]
  ],
  "properties": {
    "deltaG_H": 0.010557157794634502,
    "thermo_stability": -1.8747394204139711,
    "synth_score": 0.022989072535216475
  }
}