{
  "id": "JVASP-13647",
  "atomic_numbers": [
    32,
    32,
    52
  ],
  "frac_coords": [
    [
      0.6666858196258545,
      0.3333141803741455,
      0.15472368896007538
    ],
    [
      0.33331409096717834,
      0.666685938835144,
      0.32624551653862
    ],
    [
      9.993204486136165e-08,
      -9.993175353883998e-08,
      0.2402588129043579
    ]
  ],
  "lattice": [
    [
      3.6851840019226074,
      -2.64308418991277e-05,
      0.0
    ],
    [
      -1.8426148891448975,
      3.1914501190185547,
      0.0
    ],
    [
      0.0,
      0.0,
      22.889598846435547
    ]
  ],
  "properties": {
    "deltaG_H": 0.022728891273339588,
    "thermo_stability": -1.2994805643955867,
    "synth_score": 0.0692053102619694
  }
}