{
  "id": "JVASP-27999",
  "atomic_numbers": [
    39,
    39,
    17,
    17
  ],
  "frac_coords": [
    [
      0.6666669845581055,
      0.33333298563957214,
      0.4469512701034546
    ],
    [
      0.0,
      0.0,
      0.5530487298965454
    ],
    [
      0.33333298563957214,
      0.6666669845581055,
      0.3810371160507202
    ],
    [
      0.33333298563957214,
      0.6666669845581055,
      0.6189628839492798
    ]
  ],
  "lattice": [
    [
      3.728762626647949,
      0.0,
      0.0
    ],
    [
      -1.8643813133239746,
      3.229203224182129,
      0.0
    ],
    [
      0.0,
      0.0,
      26.270801544189453
    ]
  ],
  "properties": {
    "deltaG_H": 0.017997426986694338,
    "thermo_stability": -2.0,
    "synth_score": 0.01798620996209156
  }
}