{
  "id": "JVASP-6229",
  "atomic_numbers": [
    83,
    52,
    53
  ],
  "frac_coords": [
    [
      0.3149470090866089,
      0.9626079797744751,
      0.16287927329540253
    ],
    [
      0.9816139936447144,
      0.29594099521636963,
      0.09950286149978638
    ],
    [
      0.6482800245285034,
      0.6292750239372253,
      0.23924286663532257
    ]
  ],
  "lattice": [
    [
      4.384303092956543,
      0.0,
      0.0
    ],
    [
      -2.1921515464782715,
      3.7969183921813965,
      0.0
    ],
    [
      0.0,
      0.0,
      27.37806510925293
    ]
  ],
  "properties": {
    "deltaG_H": 0.029249430040518443,
    "thermo_stability": -0.7697415024042129,
    "synth_score": 0.17661044323432265
  }
}