{
  "id": "JVASP-75119",
  "atomic_numbers": [
    92,
    92,
    35,
    35,
    7,
    7
  ],
  "frac_coords": [
    [
      0.5,
      0.0,
      0.5453945994377136
    ],
    [
      0.0,
      0.5,
      0.454605370759964
    ],
    [
      0.0,
      0.5,
      0.6130741834640503
    ],
    [
      0.5,
      0.0,
      0.3869258463382721
    ],
    [
      0.0,
      0.0,
      0.5
    ],
    [
      0.5,
      0.5,
      0.5
    ]
  ],
  "lattice": [
    [
      3.834958791732788,
      0.0,
      0.0
    ],
    [
      0.0,
      3.834958791732788,
      0.0
    ],
    [
      0.0,
      0.0,
      25.836978912353516
    ]
  ],
  "properties": {
    "deltaG_H": 0.007765129049619039,
    "thermo_stability": -2.0,
    "synth_score": 0.01798620996209156
  }
}