{
  "id": "JVASP-60558",
  "atomic_numbers": [
    39,
    39,
    35,
    35,
    35,
    35,
    35,
    35
  ],
  "frac_coords": [
    [
      0.23784981667995453,
      0.9044601917266846,
      0.07115499675273895
    ],
    [
      0.9044601917266846,
      0.23784981667995453,
      0.07115499675273895
    ],
    [
      0.9574273824691772,
      0.6056829690933228,
      0.14045558869838715
    ],
    [
      0.8885965347290039,
      0.8885965347290039,
      0.001825606101192534
    ],
    [
      0.2537134885787964,
      0.2537134885787964,
      0.14048439264297485
    ],
    [
      0.5366260409355164,
      0.18488159775733948,
      0.0018534156261011958
    ],
    [
      0.6056829690933228,
      0.9574273824691772,
      0.14045558869838715
    ],
    [
      0.18488159775733948,
      0.5366260409355164,
      0.0018534156261011958
    ]
  ],
  "lattice": [
    [
      6.140407085418701,
      3.505683660507202,
      -0.5365210175514221
    ],
    [
      -6.140407085418701,
      3.505683660507202,
      -0.5365210175514221
    ],
    [
      0.0,
      0.0,
      23.31585693359375
    ]
  ],
  "properties": {
    "deltaG_H": 0.026999835371971134,
    "thermo_stability": -0.9166309406359994,
    "synth_score": 0.13785014864299772
  }
}