{
  "id": "JVASP-6352",
  "atomic_numbers": [
    21,
    47,
    15,
    15,
    34,
    34,
    34,
    34,
    34,
    34
  ],
  "frac_coords": [
    [
      0.0,
      0.0,
      0.13957999646663666
    ],
    [
      0.6666669845581055,
      0.33333298563957214,
      0.13957999646663666
    ],
    [
      0.33333298563957214,
      0.6666669845581055,
      0.0979650616645813
    ],
    [
      0.33333298563957214,
      0.6666669845581055,
      0.18119493126869202
    ],
    [
      0.30592840909957886,
      0.9791802167892456,
      0.0742485299706459
    ],
    [
      0.020819755271077156,
      0.32674816250801086,
      0.0742485299706459
    ],
    [
      0.6732518672943115,
      0.6940715909004211,
      0.0742485299706459
    ],
    [
      0.6732518672943115,
      0.9791802167892456,
      0.204911470413208
    ],
    [
      0.020819755271077156,
      0.6940715909004211,
      0.204911470413208
    ],
    [
      0.30592840909957886,
      0.32674816250801086,
      0.204911470413208
    ]
  ],
  "lattice": [
    [
      6.493406772613525,
      0.0,
      0.0
    ],
    [
      -3.2467033863067627,
      5.62345552444458,
      0.0
    ],
    [
      0.0,
      0.0,
      27.168922424316406
    ]
  ],
  "properties": {
    "deltaG_H": 0.005175583624839781,
    "thermo_stability": -0.6445256789525351,
    "synth_score": 0.21601342162036755
  }
}