{
  "id": "JVASP-6316",
  "atomic_numbers": [
    15,
    15,
    15,
    15,
    46,
    46,
    46,
    46,
    34,
    34,
    34,
    34
  ],
  "frac_coords": [
    [
      0.12518033385276794,
      0.28667864203453064,
      0.22079779207706451
    ],
    [
      0.8748196363449097,
      0.7866786122322083,
      0.22079779207706451
    ],
    [
      0.12518033385276794,
      0.21332137286663055,
      0.2962031960487366
    ],
    [
      0.8748196363449097,
      0.7133213877677917,
      0.2962031960487366
    ],
    [
      0.7566213607788086,
      0.15567849576473236,
      0.20686939358711243
    ],
    [
      0.2433786392211914,
      0.6556785106658936,
      0.20686939358711243
    ],
    [
      0.7566213607788086,
      0.34432151913642883,
      0.31013259291648865
    ],
    [
      0.2433786392211914,
      0.8443214893341064,
      0.31013259291648865
    ],
    [
      0.6357865929603577,
      0.5401198267936707,
      0.18213839828968048
    ],
    [
      0.36421340703964233,
      0.04011983796954155,
      0.18213839828968048
    ],
    [
      0.36421340703964233,
      0.45988017320632935,
      0.3348636031150818
    ],
    [
      0.6357865929603577,
      0.9598801732063293,
      0.3348636031150818
    ]
  ],
  "lattice": [
    [
      5.8447723388671875,
      0.0,
      0.0
    ],
    [
      0.0,
      5.910146713256836,
      0.0
    ],
    [
      0.0,
      0.0,
      28.985614776611328
    ]
  ],
  "properties": {
    "deltaG_H": 0.003843968053658802,
    "thermo_stability": -1.0230431377887728,
    "synth_score": 0.11444843909202852
  }
}