{
  "id": "JVASP-20053",
  "atomic_numbers": [
    41,
    41,
    41,
    41,
    27,
    27,
    27,
    27,
    52,
    52,
    52,
    52,
    52,
    52,
    52,
    52
  ],
  "frac_coords": [
    [
      0.20560425519943237,
      0.5,
      0.30274099111557007
    ],
    [
      0.2943957448005676,
      0.0,
      0.30274099111557007
    ],
    [
      0.7943957448005676,
      0.5,
      0.30274099111557007
    ],
    [
      0.7056042551994324,
      0.0,
      0.30274099111557007
    ],
    [
      0.5,
      0.6435889601707458,
      0.2697383761405945
    ],
    [
      0.0,
      0.8564110398292542,
      0.2697383761405945
    ],
    [
      0.0,
      0.14358897507190704,
      0.33574363589286804
    ],
    [
      0.5,
      0.35641103982925415,
      0.33574363589286804
    ],
    [
      0.75,
      0.75,
      0.2095935046672821
    ],
    [
      0.25,
      0.75,
      0.2095935046672821
    ],
    [
      0.0,
      0.24754568934440613,
      0.23560962080955505
    ],
    [
      0.5,
      0.25245431065559387,
      0.23560962080955505
    ],
    [
      0.75,
      0.25,
      0.3958894908428192
    ],
    [
      0.25,
      0.25,
      0.3958894908428192
    ],
    [
      0.5,
      0.7475457191467285,
      0.36987239122390747
    ],
    [
      0.0,
      0.7524542808532715,
      0.36987239122390747
    ]
  ],
  "lattice": [
    [
      7.762814998626709,
      0.0,
      0.0
    ],
    [
      0.0,
      6.356692790985107,
      0.0
    ],
    [
      0.0,
      0.0,
      25.347400665283203
    ]
  ],
  "properties": {
    "deltaG_H": 0.005798182487487792,
    "thermo_stability": -1.5832772274812066,
    "synth_score": 0.0404439193286864
  }
}