{
  "id": "JVASP-27887",
  "atomic_numbers": [
    59,
    59,
    59,
    59,
    53,
    53,
    53,
    53,
    53,
    53,
    53,
    53,
    53,
    53
  ],
  "frac_coords": [
    [
      0.3923378586769104,
      0.75,
      0.4292135536670685
    ],
    [
      0.6076621413230896,
      0.25,
      0.5707864165306091
    ],
    [
      0.9971318244934082,
      0.25,
      0.35364699363708496
    ],
    [
      0.002868177369236946,
      0.75,
      0.646353006362915
    ],
    [
      0.623696506023407,
      0.25,
      0.3940218985080719
    ],
    [
      0.6936203241348267,
      0.75,
      0.5022214651107788
    ],
    [
      0.3063797056674957,
      0.25,
      0.4977785646915436
    ],
    [
      0.013824578374624252,
      0.75,
      0.42658719420433044
    ],
    [
      0.26555824279785156,
      0.75,
      0.3319469094276428
    ],
    [
      0.2005123347043991,
      0.25,
      0.7001327872276306
    ],
    [
      0.7994876503944397,
      0.75,
      0.2998672425746918
    ],
    [
      0.37630346417427063,
      0.75,
      0.6059781312942505
    ],
    [
      0.9861754179000854,
      0.25,
      0.5734127759933472
    ],
    [
      0.7344417572021484,
      0.25,
      0.6680530905723572
    ]
  ],
  "lattice": [
    [
      8.510087013244629,
      0.0,
      -0.7672529816627502
    ],
    [
      0.0,
      4.273011207580566,
      0.0
    ],
    [
      0.0,
      0.0,
      32.93499755859375
    ]
  ],
  "properties": {
    "deltaG_H": 0.02815035777432578,
    "thermo_stability": -2.0,
    "synth_score": 0.01798620996209156
  }
}