{
  "id": "JVASP-76604",
  "atomic_numbers": [
    83,
    83,
    83,
    83,
    35,
    35,
    35,
    35,
    35,
    35,
    35,
    35,
    35,
    35,
    35,
    35
  ],
  "frac_coords": [
    [
      0.9238163232803345,
      0.6666510105133057,
      0.9233940839767456
    ],
    [
      0.4238163232803345,
      0.8333489894866943,
      0.9233940839767456
    ],
    [
      0.9231336712837219,
      0.33334895968437195,
      0.9235559105873108
    ],
    [
      0.4231336712837219,
      0.16665102541446686,
      0.9235559105873108
    ],
    [
      0.7199805974960327,
      0.8292052745819092,
      0.8512086868286133
    ],
    [
      0.7321578860282898,
      0.49998652935028076,
      0.8512414693832397
    ],
    [
      0.6277694702148438,
      0.6709489822387695,
      0.9956241250038147
    ],
    [
      0.21998059749603271,
      0.6707947254180908,
      0.8512086868286133
    ],
    [
      0.12776948511600494,
      0.8290510177612305,
      0.9956241250038147
    ],
    [
      0.11479213088750839,
      0.5000134706497192,
      0.9957085251808167
    ],
    [
      0.6147921085357666,
      -1.3456096894515213e-05,
      0.9957085251808167
    ],
    [
      0.2321578711271286,
      1.3456096894515213e-05,
      0.8512414693832397
    ],
    [
      0.7191805243492126,
      0.17094898223876953,
      0.8513258695602417
    ],
    [
      0.6269693970680237,
      0.32920628786087036,
      -0.004258663859218359
    ],
    [
      0.21918052434921265,
      0.32905101776123047,
      0.8513258695602417
    ],
    [
      0.12696939706802368,
      0.17079471051692963,
      -0.004258663859218359
    ]
  ],
  "lattice": [
    [
      0.0,
      7.102385520935059,
      -1.0056790113449097
    ],
    [
      -12.42676830291748,
      0.0,
      0.0
    ],
    [
      0.0,
      0.0,
      23.44584846496582
    ]
  ],
  "properties": {
    "deltaG_H": 0.014669042110443115,
    "thermo_stability": -2.0,
    "synth_score": 0.01798620996209156
  }
}