{
  "id": "JVASP-28250",
  "atomic_numbers": [
    22,
    22,
    32,
    32,
    8,
    8,
    8,
    8,
    8,
    8
  ],
  "frac_coords": [
    [
      0.6666669845581055,
      0.33333298563957214,
      0.5043860077857971
    ],
    [
      0.0,
      0.0,
      0.4956139922142029
    ],
    [
      0.33333298563957214,
      0.6666669845581055,
      0.5855901837348938
    ],
    [
      0.33333298563957214,
      0.6666669845581055,
      0.4144098162651062
    ],
    [
      0.9923557043075562,
      0.6677663326263428,
      0.5444393157958984
    ],
    [
      0.6754116415977478,
      0.007644320372492075,
      0.5444393157958984
    ],
    [
      0.3322336673736572,
      0.3245883584022522,
      0.5444393157958984
    ],
    [
      0.33443334698677063,
      0.008744653314352036,
      0.45556068420410156
    ],
    [
      0.9912553429603577,
      0.3256886899471283,
      0.45556068420410156
    ],
    [
      0.6743113398551941,
      0.6655666828155518,
      0.45556068420410156
    ]
  ],
  "lattice": [
    [
      5.025951385498047,
      -1.4412886173431616e-07,
      0.0
    ],
    [
      -2.5129761695861816,
      4.352602005004883,
      0.0
    ],
    [
      0.0,
      0.0,
      24.121625900268555
    ]
  ],
  "properties": {
    "deltaG_H": -0.001021796226501465,
    "thermo_stability": -1.3923526972532274,
    "synth_score": 0.05815628516394351
  }
}