{
  "id": "JVASP-75120",
  "atomic_numbers": [
    6,
    53,
    53
  ],
  "frac_coords": [
    [
      -3.4191646136605414e-07,
      1.0000003576278687,
      -2.7205093733329022e-09
    ],
    [
      0.6666672229766846,
      0.3333328068256378,
      0.0722360759973526
    ],
    [
      0.666667103767395,
      0.3333328068256378,
      0.9277639389038086
    ]
  ],
  "lattice": [
    [
      3.668001413345337,
      -1.43498857596569e-06,
      0.0
    ],
    [
      -1.8340024948120117,
      3.176581859588623,
      0.0
    ],
    [
      0.0,
      0.0,
      23.83799934387207
    ]
  ],
  "properties": {
    "deltaG_H": 0.01270033041636149,
    "thermo_stability": -2.0,
    "synth_score": 0.01798620996209156
  }
}