{
  "id": "JVASP-60552",
  "atomic_numbers": [
    20,
    82,
    53,
    53,
    53,
    53
  ],
  "frac_coords": [
    [
      0.4985344707965851,
      0.5022009611129761,
      0.07784540951251984
    ],
    [
      -0.0013099436182528734,
      0.0022052032873034477,
      0.07786574214696884
    ],
    [
      0.4963226318359375,
      0.18123695254325867,
      0.15625718235969543
    ],
    [
      0.99635910987854,
      0.6602073311805725,
      0.15374647080898285
    ],
    [
      0.5008258819580078,
      0.8231687545776367,
      0.9994490742683411
    ],
    [
      0.0007348241633735597,
      0.34416675567626953,
      0.001939091831445694
    ]
  ],
  "lattice": [
    [
      4.512664794921875,
      -0.0010097334161400795,
      0.024612000212073326
    ],
    [
      0.0020070774480700493,
      7.897586345672607,
      0.0005660000024363399
    ],
    [
      0.0,
      0.0,
      23.662185668945312
    ]
  ],
  "properties": {
    "deltaG_H": 0.019536611239115396,
    "thermo_stability": -2.0,
    "synth_score": 0.01798620996209156
  }
}