{
  "id": "JVASP-77592",
  "atomic_numbers": [
    24,
    24,
    24,
    52,
    52,
    52,
    52
  ],
  "frac_coords": [
    [
      0.0,
      0.0,
      0.5
    ],
    [
      2.633653457451146e-05,
      0.9999736547470093,
      0.6123728156089783
    ],
    [
      0.9999736547470093,
      2.633653457451146e-05,
      0.38762718439102173
    ],
    [
      0.3333585560321808,
      0.6666414737701416,
      0.660631537437439
    ],
    [
      0.3333200216293335,
      0.6666799783706665,
      0.4450584053993225
    ],
    [
      0.6666414737701416,
      0.3333585560321808,
      0.3393684923648834
    ],
    [
      0.6666799783706665,
      0.3333200216293335,
      0.5549415946006775
    ]
  ],
  "lattice": [
    [
      3.9905030727386475,
      0.00019608084403444082,
      0.0
    ],
    [
      -1.9954346418380737,
      3.455770492553711,
      0.0
    ],
    [
      0.0,
      0.0,
      29.269662857055664
    ]
  ],
  "properties": {
    "deltaG_H": 0.008337944490568978,
    "thermo_stability": -2.0,
    "synth_score": 0.01798620996209156
  }
}