{
  "id": "JVASP-6295",
  "atomic_numbers": [
    72,
    72,
    17,
    17,
    17,
    17,
    17,
    17,
    17,
    17
  ],
  "frac_coords": [
    [
      0.75,
      0.665022075176239,
      0.12847399711608887
    ],
    [
      0.25,
      0.334977924823761,
      0.12847399711608887
    ],
    [
      0.5226841568946838,
      0.8662622570991516,
      0.06835433840751648
    ],
    [
      0.5062998533248901,
      0.39021074771881104,
      0.07532690465450287
    ],
    [
      0.022684182971715927,
      0.1337377279996872,
      0.06835433840751648
    ],
    [
      0.00629988219588995,
      0.609789252281189,
      0.07532690465450287
    ],
    [
      0.9937001466751099,
      0.39021074771881104,
      0.18162210285663605
    ],
    [
      0.9773158431053162,
      0.8662622570991516,
      0.18859465420246124
    ],
    [
      0.4937001168727875,
      0.609789252281189,
      0.18162210285663605
    ],
    [
      0.4773158133029938,
      0.1337377279996872,
      0.18859465420246124
    ]
  ],
  "lattice": [
    [
      5.895018100738525,
      0.0,
      -1.9467229843139648
    ],
    [
      0.0,
      7.32438325881958,
      0.0
    ],
    [
      0.0,
      0.0,
      26.916051864624023
    ]
  ],
  "properties": {
    "deltaG_H": 0.018857162296772007,
    "thermo_stability": -0.5582654396692912,
    "synth_score": 0.24665533665306574
  }
}