{
  "id": "JVASP-6280",
  "atomic_numbers": [
    90,
    90,
    35,
    35,
    7,
    7
  ],
  "frac_coords": [
    [
      0.570264995098114,
      0.07026500254869461,
      0.17998604476451874
    ],
    [
      0.07026500254869461,
      0.570264995098114,
      0.1032259538769722
    ],
    [
      0.07026500254869461,
      0.570264995098114,
      0.23694123327732086
    ],
    [
      0.570264995098114,
      0.07026500254869461,
      0.046270765364170074
    ],
    [
      0.07026500254869461,
      0.07026500254869461,
      0.14160600304603577
    ],
    [
      0.570264995098114,
      0.570264995098114,
      0.14160600304603577
    ]
  ],
  "lattice": [
    [
      4.048656463623047,
      0.0,
      0.0
    ],
    [
      0.0,
      4.048656463623047,
      0.0
    ],
    [
      0.0,
      0.0,
      30.692487716674805
    ]
  ],
  "properties": {
    "deltaG_H": 0.010362379988034567,
    "thermo_stability": -1.5028410077095034,
    "synth_score": 0.047169837792728396
  }
}