{
  "id": "JVASP-6259",
  "atomic_numbers": [
    69,
    69,
    53,
    53,
    8,
    8
  ],
  "frac_coords": [
    [
      0.7738040089607239,
      0.2738040089607239,
      0.2015329897403717
    ],
    [
      0.2738040089607239,
      0.7738040089607239,
      0.1297450214624405
    ],
    [
      0.2738040089607239,
      0.7738040089607239,
      0.2649523615837097
    ],
    [
      0.7738040089607239,
      0.2738040089607239,
      0.06632564961910248
    ],
    [
      0.7738040089607239,
      0.7738040089607239,
      0.1656389981508255
    ],
    [
      0.2738040089607239,
      0.2738040089607239,
      0.1656389981508255
    ]
  ],
  "lattice": [
    [
      3.8685622215270996,
      0.0,
      0.0
    ],
    [
      0.0,
      3.8685622215270996,
      0.0
    ],
    [
      0.0,
      0.0,
      29.90778350830078
    ]
  ],
  "properties": {
    "deltaG_H": 0.0069382978479067495,
    "thermo_stability": -1.6354451994101211,
    "synth_score": 0.036583433139527506
  }
}