{
  "id": "JVASP-60477",
  "atomic_numbers": [
    44,
    44,
    17,
    17,
    17,
    17,
    17,
    17
  ],
  "frac_coords": [
    [
      0.444538414478302,
      0.8890764117240906,
      0.9408782124519348
    ],
    [
      0.7779119610786438,
      0.5558231472969055,
      0.9408793449401855
    ],
    [
      0.11122888326644897,
      0.875820517539978,
      0.8812227845191956
    ],
    [
      0.4578714966773987,
      0.22245243191719055,
      0.000525699055287987
    ],
    [
      0.7645432949066162,
      0.8757803440093994,
      0.0005548240151256323
    ],
    [
      0.11122409999370575,
      0.5691279172897339,
      0.0005537332035601139
    ],
    [
      0.45786526799201965,
      0.5690802335739136,
      0.8812221884727478
    ],
    [
      0.7646235227584839,
      0.22245295345783234,
      0.8812502026557922
    ]
  ],
  "lattice": [
    [
      -5.961578845977783,
      3.772364652832039e-05,
      0.0
    ],
    [
      2.980757236480713,
      5.163440227508545,
      0.0
    ],
    [
      0.0,
      0.0,
      -22.681594848632812
    ]
  ],
  "properties": {
    "deltaG_H": 0.0023913049697875987,
    "thermo_stability": -2.0,
    "synth_score": 0.01798620996209156
  }
}