{
  "id": "JVASP-28112",
  "atomic_numbers": [
    48,
    49,
    31,
    16,
    16,
    16,
    16
  ],
  "frac_coords": [
    [
      0.0,
      0.0,
      0.4931095540523529
    ],
    [
      0.6666669845581055,
      0.33333298563957214,
      0.6229658722877502
    ],
    [
      0.33333298563957214,
      0.6666669845581055,
      0.3697763681411743
    ],
    [
      0.6666669845581055,
      0.33333298563957214,
      0.5418223738670349
    ],
    [
      0.33333298563957214,
      0.6666669845581055,
      0.444559246301651
    ],
    [
      0.6666669845581055,
      0.33333298563957214,
      0.3379288613796234
    ],
    [
      0.33333298563957214,
      0.6666669845581055,
      0.6624876856803894
    ]
  ],
  "lattice": [
    [
      3.8872663974761963,
      -0.0,
      0.0
    ],
    [
      -1.9436331987380981,
      3.3664708137512207,
      0.0
    ],
    [
      0.0,
      0.0,
      29.56010627746582
    ]
  ],
  "properties": {
    "deltaG_H": 0.002720621228218079,
    "thermo_stability": -2.0,
    "synth_score": 0.01798620996209156
  }
}