{
  "id": "JVASP-19990",
  "atomic_numbers": [
    72,
    72,
    14,
    14,
    52,
    52
  ],
  "frac_coords": [
    [
      0.4071739912033081,
      0.9071739912033081,
      0.2659192979335785
    ],
    [
      0.9071739912033081,
      0.4071739912033081,
      0.11162569373846054
    ],
    [
      0.9071739912033081,
      0.9071739912033081,
      0.18877199292182922
    ],
    [
      0.4071739912033081,
      0.4071739912033081,
      0.18877199292182922
    ],
    [
      0.9071739912033081,
      0.4071739912033081,
      0.3170533776283264
    ],
    [
      0.4071739912033081,
      0.9071739912033081,
      0.060491614043712616
    ]
  ],
  "lattice": [
    [
      3.6673052310943604,
      0.0,
      0.0
    ],
    [
      0.0,
      3.6673052310943604,
      0.0
    ],
    [
      0.0,
      0.0,
      27.311208724975586
    ]
  ],
  "properties": {
    "deltaG_H": 0.010065625508626302,
    "thermo_stability": -2.0,
    "synth_score": 0.01798620996209156
  }
}