{
  "id": "JVASP-27954",
  "atomic_numbers": [
    12,
    12,
    12,
    12,
    12,
    1,
    1,
    8,
    8,
    8,
    8,
    8,
    8
  ],
  "frac_coords": [
    [
      0.6666669845581055,
      0.33333298563957214,
      0.3559575080871582
    ],
    [
      0.33333298563957214,
      0.6666669845581055,
      0.42813968658447266
    ],
    [
      0.0,
      0.0,
      0.5
    ],
    [
      0.6666669845581055,
      0.33333298563957214,
      0.5718603134155273
    ],
    [
      0.33333298563957214,
      0.6666669845581055,
      0.6440424919128418
    ],
    [
      0.33333298563957214,
      0.6666669845581055,
      0.29607754945755005
    ],
    [
      0.6666669845581055,
      0.33333298563957214,
      0.70392245054245
    ],
    [
      0.33333298563957214,
      0.6666669845581055,
      0.32462024688720703
    ],
    [
      0.0,
      0.0,
      0.39216408133506775
    ],
    [
      0.6666669845581055,
      0.33333298563957214,
      0.4640706181526184
    ],
    [
      0.33333298563957214,
      0.6666669845581055,
      0.5359293818473816
    ],
    [
      0.0,
      0.0,
      0.6078358888626099
    ],
    [
      0.6666669845581055,
      0.33333298563957214,
      0.675379753112793
    ]
  ],
  "lattice": [
    [
      3.028312921524048,
      4.165000050578016e-13,
      0.0
    ],
    [
      -1.5141569375991821,
      2.622596025466919,
      0.0
    ],
    [
      0.0,
      0.0,
      33.88764953613281
    ]
  ],
  "properties": {
    "deltaG_H": -0.021119691867094774,
    "thermo_stability": -2.0,
    "synth_score": 0.01798620996209156
  }
}