{
  "id": "JVASP-6361",
  "atomic_numbers": [
    51,
    51,
    34,
    34,
    53,
    53
  ],
  "frac_coords": [
    [
      0.75,
      0.20416797697544098,
      0.054244887083768845
    ],
    [
      0.25,
      0.7041679620742798,
      0.10286311060190201
    ],
    [
      0.25,
      0.03762165084481239,
      0.008268387988209724
    ],
    [
      0.75,
      0.5376216769218445,
      0.14883960783481598
    ],
    [
      0.75,
      0.5388403534889221,
      0.0035394083242863417
    ],
    [
      0.25,
      0.038840364664793015,
      0.1535685956478119
    ]
  ],
  "lattice": [
    [
      3.8782870769500732,
      0.0,
      0.0
    ],
    [
      0.0,
      7.3528242111206055,
      0.0
    ],
    [
      0.0,
      0.0,
      29.163713455200195
    ]
  ],
  "properties": {
    "deltaG_H": 0.020798950831095377,
    "thermo_stability": -0.8560821831226348,
    "synth_score": 0.1528831982130707
  }
}