{
  "id": "JVASP-738",
  "atomic_numbers": [
    78,
    8,
    8
  ],
  "frac_coords": [
    [
      0.0,
      0.0,
      0.10257499665021896
    ],
    [
      0.6666669845581055,
      0.33333298563957214,
      0.071721650660038
    ],
    [
      0.33333298563957214,
      0.6666669845581055,
      0.13342735171318054
    ]
  ],
  "lattice": [
    [
      1.574255108833313,
      -2.7266905307769775,
      0.0
    ],
    [
      1.574255108833313,
      2.7266905307769775,
      0.0
    ],
    [
      0.0,
      0.0,
      30.727859497070312
    ]
  ],
  "properties": {
    "deltaG_H": 0.0014355891446272537,
    "thermo_stability": 0.5308302323023477,
    "synth_score": 0.7430077343525298
  }
}