{
  "id": "JVASP-13545",
  "atomic_numbers": [
    39,
    39,
    52,
    52,
    52,
    52,
    52,
    52
  ],
  "frac_coords": [
    [
      0.0,
      0.75,
      0.14317648112773895
    ],
    [
      0.5,
      0.25,
      0.276094526052475
    ],
    [
      0.0,
      0.25,
      0.062168318778276443
    ],
    [
      0.5,
      0.75,
      0.06215798482298851
    ],
    [
      0.5,
      0.25,
      0.17282243072986603
    ],
    [
      0.0,
      0.75,
      0.2464485764503479
    ],
    [
      0.0,
      0.25,
      0.3571130037307739
    ],
    [
      0.5,
      0.75,
      0.3571026921272278
    ]
  ],
  "lattice": [
    [
      4.349902153015137,
      0.0,
      0.0
    ],
    [
      0.0,
      4.349931716918945,
      0.0
    ],
    [
      0.0,
      0.0,
      30.967817306518555
    ]
  ],
  "properties": {
    "deltaG_H": 0.018118014335632326,
    "thermo_stability": -2.0,
    "synth_score": 0.01798620996209156
  }
}