{
  "id": "JVASP-6418",
  "atomic_numbers": [
    13,
    13,
    35,
    35,
    35,
    35,
    35,
    35
  ],
  "frac_coords": [
    [
      0.7057122588157654,
      0.4023193120956421,
      0.2683761715888977
    ],
    [
      0.2942877411842346,
      0.5976806879043579,
      0.21564483642578125
    ],
    [
      0.7612261772155762,
      0.08824272453784943,
      0.2539876401424408
    ],
    [
      0.07764073461294174,
      0.4103517532348633,
      0.1607269048690796
    ],
    [
      0.4116031527519226,
      0.43217241764068604,
      0.3060203790664673
    ],
    [
      0.5883968472480774,
      0.567827582359314,
      0.17800061404705048
    ],
    [
      0.9223592877388,
      0.5896482467651367,
      0.32329410314559937
    ],
    [
      0.23877382278442383,
      0.9117572903633118,
      0.23003336787223816
    ]
  ],
  "lattice": [
    [
      7.2164082527160645,
      -0.06979275494813919,
      -1.1092950105667114
    ],
    [
      -0.07252400368452072,
      6.88778018951416,
      0.0
    ],
    [
      0.0,
      0.0,
      23.256772994995117
    ]
  ],
  "properties": {
    "deltaG_H": 0.01911666750907898,
    "thermo_stability": -1.0200545360644662,
    "synth_score": 0.11505562609188655
  }
}