{
  "id": "JVASP-19579",
  "atomic_numbers": [
    56,
    56,
    40,
    16,
    16,
    16,
    16
  ],
  "frac_coords": [
    [
      0.0,
      0.0,
      0.220521941781044
    ],
    [
      0.0,
      0.0,
      0.39322707056999207
    ],
    [
      0.5,
      0.5,
      0.30687400698661804
    ],
    [
      0.5,
      0.5,
      0.20622126758098602
    ],
    [
      0.5,
      0.0,
      0.30687400698661804
    ],
    [
      0.0,
      0.5,
      0.30687400698661804
    ],
    [
      0.5,
      0.5,
      0.40752771496772766
    ]
  ],
  "lattice": [
    [
      4.917506217956543,
      0.0,
      0.0
    ],
    [
      0.0,
      4.917506217956543,
      0.0
    ],
    [
      0.0,
      0.0,
      25.88990020751953
    ]
  ],
  "properties": {
    "deltaG_H": 0.010148933231830597,
    "thermo_stability": -1.6673523232340814,
    "synth_score": 0.034399616646685414
  }
}