{
  "id": "JVASP-60403",
  "atomic_numbers": [
    38,
    38,
    83,
    83,
    35,
    35,
    8,
    8,
    8,
    8
  ],
  "frac_coords": [
    [
      0.75,
      0.49998193979263306,
      0.8312886953353882
    ],
    [
      0.25,
      0.5000180602073669,
      0.9244453310966492
    ],
    [
      0.25,
      1.4351936442835722e-05,
      0.8369563817977905
    ],
    [
      0.75,
      -1.4351936442835722e-05,
      0.9187785983085632
    ],
    [
      0.75,
      0.5000947713851929,
      0.9851568937301636
    ],
    [
      0.25,
      0.49990519881248474,
      0.770578145980835
    ],
    [
      1.0386447684140876e-06,
      0.22569818794727325,
      0.8778676986694336
    ],
    [
      0.5000010132789612,
      0.7743018269538879,
      0.877866268157959
    ],
    [
      -1.0386447684140876e-06,
      0.7743018269538879,
      0.877866268157959
    ],
    [
      0.49999895691871643,
      0.22569818794727325,
      0.8778676986694336
    ]
  ],
  "lattice": [
    [
      5.639833927154541,
      0.0,
      0.0
    ],
    [
      0.0,
      5.992652416229248,
      5.8000001445179805e-05
    ],
    [
      0.0,
      0.0,
      26.464309692382812
    ]
  ],
  "properties": {
    "deltaG_H": 0.009781991863250732,
    "thermo_stability": -2.0,
    "synth_score": 0.01798620996209156
  }
}