{
  "id": "JVASP-20002",
  "atomic_numbers": [
    83,
    83
  ],
  "frac_coords": [
    [
      0.6666843891143799,
      0.3333156108856201,
      0.048804234713315964
    ],
    [
      1.5625193555024453e-05,
      -1.5625193555024453e-05,
      0.12502676248550415
    ]
  ],
  "lattice": [
    [
      4.31436824798584,
      -7.036780880298465e-05,
      0.0
    ],
    [
      -2.157244920730591,
      3.7363169193267822,
      0.0
    ],
    [
      0.0,
      0.0,
      22.990699768066406
    ]
  ],
  "properties": {
    "deltaG_H": 0.026387181103229525,
    "thermo_stability": 0.3351784080266952,
    "synth_score": 0.6615830516818796
  }
}