{
  "id": "JVASP-756",
  "atomic_numbers": [
    50,
    16,
    16
  ],
  "frac_coords": [
    [
      0.0,
      0.0,
      0.1501699984073639
    ],
    [
      0.33333298563957214,
      0.6666669845581055,
      0.19809818267822266
    ],
    [
      0.6666669845581055,
      0.33333298563957214,
      0.10224281251430511
    ]
  ],
  "lattice": [
    [
      1.848068356513977,
      -3.200948715209961,
      0.0
    ],
    [
      1.848068356513977,
      3.200948715209961,
      0.0
    ],
    [
      0.0,
      0.0,
      30.97795867919922
    ]
  ],
  "properties": {
    "deltaG_H": 0.016742228368918102,
    "thermo_stability": -0.03833091954390211,
    "synth_score": 0.48084392105886886
  }
}