{
  "id": "JVASP-8936",
  "atomic_numbers": [
    38,
    8,
    8
  ],
  "frac_coords": [
    [
      0.5,
      0.5,
      0.13207599520683289
    ],
    [
      0.0,
      0.0,
      0.10223939269781113
    ],
    [
      0.0,
      0.0,
      0.16191360354423523
    ]
  ],
  "lattice": [
    [
      3.465660333633423,
      0.0,
      0.0
    ],
    [
      0.0,
      3.465660333633423,
      0.0
    ],
    [
      0.0,
      0.0,
      25.820579528808594
    ]
  ],
  "properties": {
    "deltaG_H": -0.0037103626628716795,
    "thermo_stability": 0.6889658004045486,
    "synth_score": 0.7986586008279845
  }
}