{
  "id": "JVASP-28143",
  "atomic_numbers": [
    65,
    65,
    6
  ],
  "frac_coords": [
    [
      0.6666669845581055,
      0.33333298563957214,
      0.4394511878490448
    ],
    [
      0.0,
      0.0,
      0.5605487823486328
    ],
    [
      0.33333298563957214,
      0.6666669845581055,
      0.5
    ]
  ],
  "lattice": [
    [
      3.5158865451812744,
      0.0,
      0.0
    ],
    [
      -1.7579432725906372,
      3.0448474884033203,
      0.0
    ],
    [
      0.0,
      0.0,
      22.71677017211914
    ]
  ],
  "properties": {
    "deltaG_H": 0.006618451476097108,
    "thermo_stability": -0.4590346584717433,
    "synth_score": 0.28535144755200287
  }
}