{
  "id": "JVASP-75420",
  "atomic_numbers": [
    74,
    74,
    74,
    8,
    8,
    8,
    8,
    8,
    8,
    8,
    8
  ],
  "frac_coords": [
    [
      0.5,
      0.0,
      0.5
    ],
    [
      0.0,
      0.2900750935077667,
      0.5
    ],
    [
      0.0,
      0.7099248766899109,
      0.5
    ],
    [
      0.8402932286262512,
      0.5,
      0.442912220954895
    ],
    [
      0.15970677137374878,
      0.5,
      0.557087779045105
    ],
    [
      0.8189387321472168,
      0.0,
      0.45299604535102844
    ],
    [
      0.1810612678527832,
      0.0,
      0.5470039248466492
    ],
    [
      0.6899102330207825,
      0.77117520570755,
      0.5455310940742493
    ],
    [
      0.6899102330207825,
      0.22882477939128876,
      0.5455310940742493
    ],
    [
      0.31008976697921753,
      0.77117520570755,
      0.45446887612342834
    ],
    [
      0.31008976697921753,
      0.22882477939128876,
      0.45446887612342834
    ]
  ],
  "lattice": [
    [
      5.048591613769531,
      0.0,
      -0.06137499958276749
    ],
    [
      0.0,
      6.044816493988037,
      0.0
    ],
    [
      -0.25580984354019165,
      0.0,
      21.946470260620117
    ]
  ],
  "properties": {
    "deltaG_H": -0.0017411091110923088,
    "thermo_stability": -0.4738954126834871,
    "synth_score": 0.2793293217910538
  }
}