{
  "id": "JVASP-27778",
  "atomic_numbers": [
    83,
    83,
    78
  ],
  "frac_coords": [
    [
      0.7298189997673035,
      0.11161399632692337,
      0.16329063475131989
    ],
    [
      0.39648398756980896,
      0.4449479877948761,
      0.055692367255687714
    ],
    [
      0.0631520003080368,
      0.7782809734344482,
      0.10949099808931351
    ]
  ],
  "lattice": [
    [
      4.1926445960998535,
      4.000000067449534e-16,
      0.0
    ],
    [
      -2.0963222980499268,
      3.630937337875366,
      0.0
    ],
    [
      0.0,
      0.0,
      25.607635498046875
    ]
  ],
  "properties": {
    "deltaG_H": 0.016551998883485797,
    "thermo_stability": -0.23404587507247943,
    "synth_score": 0.38506800008863507
  }
}