{
  "id": "JVASP-6202",
  "atomic_numbers": [
    77,
    77,
    77,
    77,
    35,
    35,
    35,
    35,
    35,
    35,
    35,
    35,
    35,
    35,
    35,
    35
  ],
  "frac_coords": [
    [
      0.9056079983711243,
      0.9775831699371338,
      0.1638769954442978
    ],
    [
      0.9056079983711243,
      0.6442497968673706,
      0.1638769954442978
    ],
    [
      0.40560901165008545,
      0.4775831699371338,
      0.16387799382209778
    ],
    [
      0.40560901165008545,
      0.14425082504749298,
      0.16387799382209778
    ],
    [
      0.09742598980665207,
      0.4858539402484894,
      0.2165796458721161
    ],
    [
      0.09742598980665207,
      0.1359800547361374,
      0.2165796458721161
    ],
    [
      0.07269291579723358,
      0.8109170198440552,
      0.21657375991344452
    ],
    [
      0.5974259972572327,
      0.9858539700508118,
      0.2165796458721161
    ],
    [
      0.5974259972572327,
      0.6359800696372986,
      0.2165796458721161
    ],
    [
      0.5726919174194336,
      0.310916006565094,
      0.21657375991344452
    ],
    [
      0.23852507770061493,
      0.310916006565094,
      0.11118124425411224
    ],
    [
      0.21379201114177704,
      0.9858539700508118,
      0.11117535084486008
    ],
    [
      0.21379201114177704,
      0.6359800696372986,
      0.11117535084486008
    ],
    [
      0.7385250926017761,
      0.8109170198440552,
      0.11118124425411224
    ],
    [
      0.713791012763977,
      0.4858539402484894,
      0.11117535084486008
    ],
    [
      0.713791012763977,
      0.1359800547361374,
      0.11117535084486008
    ]
  ],
  "lattice": [
    [
      6.4039459228515625,
      0.0,
      0.0
    ],
    [
      0.0,
      11.094313621520996,
      0.0
    ],
    [
      -2.0552244186401367,
      0.0,
      26.656612396240234
    ]
  ],
  "properties": {
    "deltaG_H": 0.021906162947416305,
    "thermo_stability": -0.26861773629983254,
    "synth_score": 0.3688309158158284
  }
}