{
  "id": "JVASP-28013",
  "atomic_numbers": [
    81,
    81,
    81,
    81,
    8,
    8
  ],
  "frac_coords": [
    [
      0.5566471815109253,
      0.0,
      0.5665385127067566
    ],
    [
      0.34844163060188293,
      0.5,
      0.4335600733757019
    ],
    [
      0.056647174060344696,
      0.5,
      0.5665385127067566
    ],
    [
      0.8484416604042053,
      0.0,
      0.4335600733757019
    ],
    [
      0.20257419347763062,
      0.0,
      0.50004643201828
    ],
    [
      0.7025741934776306,
      0.5,
      0.50004643201828
    ]
  ],
  "lattice": [
    [
      6.1403489112854,
      0.0,
      -0.5160629749298096
    ],
    [
      0.0,
      3.556347370147705,
      0.0
    ],
    [
      0.0,
      0.0,
      23.094694137573242
    ]
  ],
  "properties": {
    "deltaG_H": 0.016887672742207843,
    "thermo_stability": -0.6122606913248698,
    "synth_score": 0.22714175012877302
  }
}