{
  "id": "JVASP-27855",
  "atomic_numbers": [
    72,
    72,
    52,
    52,
    52,
    52,
    52,
    52
  ],
  "frac_coords": [
    [
      0.2876066267490387,
      0.25,
      0.5632359385490417
    ],
    [
      0.7123933434486389,
      0.75,
      0.43676406145095825
    ],
    [
      0.5650655627250671,
      0.75,
      0.6258593797683716
    ],
    [
      0.7616356611251831,
      0.25,
      0.5195517539978027
    ],
    [
      0.2383643239736557,
      0.75,
      0.4804482161998749
    ],
    [
      0.08458086848258972,
      0.75,
      0.6258411407470703
    ],
    [
      0.4349344074726105,
      0.25,
      0.3741406202316284
    ],
    [
      0.9154191017150879,
      0.25,
      0.3741588890552521
    ]
  ],
  "lattice": [
    [
      5.915166854858398,
      0.0,
      -0.784712016582489
    ],
    [
      0.0,
      3.9193007946014404,
      0.0
    ],
    [
      0.0,
      0.0,
      26.98799705505371
    ]
  ],
  "properties": {
    "deltaG_H": 0.014805278778076171,
    "thermo_stability": -2.0,
    "synth_score": 0.01798620996209156
  }
}