{
  "id": "JVASP-6790",
  "atomic_numbers": [
    38,
    90,
    35,
    35,
    35,
    35,
    35,
    35
  ],
  "frac_coords": [
    [
      0.5,
      0.25,
      0.14242732524871826
    ],
    [
      0.0,
      0.75,
      0.13065257668495178
    ],
    [
      0.5,
      0.75,
      0.05077726021409035
    ],
    [
      0.0,
      0.4539506733417511,
      0.08268009126186371
    ],
    [
      0.0,
      0.0460493266582489,
      0.08268009126186371
    ],
    [
      0.5,
      0.5754436254501343,
      0.18812274932861328
    ],
    [
      0.5,
      0.9245563745498657,
      0.18812274932861328
    ],
    [
      0.0,
      0.25,
      0.22312216460704803
    ]
  ],
  "lattice": [
    [
      4.219094753265381,
      0.0,
      0.0
    ],
    [
      0.0,
      9.287203788757324,
      0.0
    ],
    [
      0.0,
      0.0,
      25.470645904541016
    ]
  ],
  "properties": {
    "deltaG_H": 0.030793056786060334,
    "thermo_stability": -1.2874974230925242,
    "synth_score": 0.07076515075709014
  }
}