{
  "id": "JVASP-77660",
  "atomic_numbers": [
    62,
    32,
    32
  ],
  "frac_coords": [
    [
      0.5,
      0.5,
      0.5
    ],
    [
      0.0,
      0.0,
      0.44435757398605347
    ],
    [
      0.0,
      0.0,
      0.5556424260139465
    ]
  ],
  "lattice": [
    [
      3.9453680515289307,
      0.0,
      0.0
    ],
    [
      0.0,
      3.9453680515289307,
      0.0
    ],
    [
      0.0,
      0.0,
      22.591997146606445
    ]
  ],
  "properties": {
    "deltaG_H": 0.013057243824005128,
    "thermo_stability": -0.11030305624008196,
    "synth_score": 0.44507106054874107
  }
}