{
  "id": "JVASP-13549",
  "atomic_numbers": [
    14,
    14,
    14,
    14,
    33,
    33,
    33,
    33,
    33,
    33,
    33,
    33
  ],
  "frac_coords": [
    [
      0.5,
      0.08199731260538101,
      0.08170010894536972
    ],
    [
      0.0,
      0.7992541790008545,
      0.12416412681341171
    ],
    [
      0.0,
      0.2992542088031769,
      0.14551986753940582
    ],
    [
      0.5,
      0.5819973349571228,
      0.18798388540744781
    ],
    [
      0.5,
      0.2614724040031433,
      0.027408862486481667
    ],
    [
      0.0,
      0.9476970434188843,
      0.05834835767745972
    ],
    [
      0.0,
      0.39117899537086487,
      0.06471215933561325
    ],
    [
      0.5,
      0.6563000679016113,
      0.10757941007614136
    ],
    [
      0.5,
      0.15630005300045013,
      0.16210559010505676
    ],
    [
      0.0,
      0.8911789655685425,
      0.20497183501720428
    ],
    [
      0.0,
      0.4476970434188843,
      0.2113366425037384
    ],
    [
      0.5,
      0.7614724040031433,
      0.242276132106781
    ]
  ],
  "lattice": [
    [
      3.6904237270355225,
      0.0,
      0.0
    ],
    [
      0.0,
      10.362425804138184,
      0.0
    ],
    [
      0.0,
      0.0,
      28.222156524658203
    ]
  ],
  "properties": {
    "deltaG_H": 0.011627788424491883,
    "thermo_stability": -1.9856280008951828,
    "synth_score": 0.01850100378426645
  }
}