{
  "id": "JVASP-771",
  "atomic_numbers": [
    22,
    16,
    16
  ],
  "frac_coords": [
    [
      0.0,
      0.0,
      0.1406790018081665
    ],
    [
      0.33333298563957214,
      0.6666669845581055,
      0.09396189451217651
    ],
    [
      0.6666669845581055,
      0.33333298563957214,
      0.18739710748195648
    ]
  ],
  "lattice": [
    [
      1.70462167263031,
      -2.952491283416748,
      0.0
    ],
    [
      1.70462167263031,
      2.952491283416748,
      0.0
    ],
    [
      0.0,
      0.0,
      30.418991088867188
    ]
  ],
  "properties": {
    "deltaG_H": 0.008352239827315013,
    "thermo_stability": 0.002005033691724112,
    "synth_score": 0.5010025155024381
  }
}