{
  "id": "JVASP-13529",
  "atomic_numbers": [
    68,
    68,
    17,
    17,
    8,
    8
  ],
  "frac_coords": [
    [
      0.23531900346279144,
      0.6129080057144165,
      0.1938699632883072
    ],
    [
      0.7353190183639526,
      0.11290799826383591,
      0.1220950335264206
    ],
    [
      0.7353190183639526,
      0.6129080057144165,
      0.2584478557109833
    ],
    [
      0.23531900346279144,
      0.11290799826383591,
      0.05751713365316391
    ],
    [
      0.23531900346279144,
      0.11290799826383591,
      0.1671547144651413
    ],
    [
      0.7353190183639526,
      0.6129080057144165,
      0.14881029725074768
    ]
  ],
  "lattice": [
    [
      3.71598744392395,
      0.0,
      0.0
    ],
    [
      0.0,
      4.128956317901611,
      0.0
    ],
    [
      0.0,
      0.0,
      29.238271713256836
    ]
  ],
  "properties": {
    "deltaG_H": 0.006794170538584393,
    "thermo_stability": -1.6738452434539797,
    "synth_score": 0.03397087359186256
  }
}