{
  "id": "JVASP-5888",
  "atomic_numbers": [
    50,
    50,
    8,
    8
  ],
  "frac_coords": [
    [
      0.0,
      0.5,
      0.1276969462633133
    ],
    [
      0.5,
      0.0,
      0.20675505697727203
    ],
    [
      0.0,
      0.0,
      0.16722600162029266
    ],
    [
      0.5,
      0.5,
      0.16722600162029266
    ]
  ],
  "lattice": [
    [
      3.8218188285827637,
      0.0,
      0.0
    ],
    [
      0.0,
      3.8218188285827637,
      0.0
    ],
    [
      0.0,
      0.0,
      30.050451278686523
    ]
  ],
  "properties": {
    "deltaG_H": 0.010919281244277955,
    "thermo_stability": 0.35736482143402093,
    "synth_score": 0.6714453944558236
  }
}