{
  "id": "JVASP-6160",
  "atomic_numbers": [
    73,
    73,
    53,
    53,
    53,
    53,
    8,
    8
  ],
  "frac_coords": [
    [
      0.7796937823295593,
      0.571711003780365,
      0.17370034754276276
    ],
    [
      0.36709821224212646,
      0.571711003780365,
      0.17370665073394775
    ],
    [
      0.35895103216171265,
      0.571711003780365,
      0.0657181590795517
    ],
    [
      -0.10099118202924728,
      0.571711003780365,
      0.08588676154613495
    ],
    [
      0.7878409624099731,
      0.571711003780365,
      0.2816888391971588
    ],
    [
      0.24778318405151367,
      0.571711003780365,
      0.26152023673057556
    ],
    [
      0.7860651612281799,
      0.0717109963297844,
      0.17370688915252686
    ],
    [
      0.36072686314582825,
      0.0717109963297844,
      0.17370112240314484
    ]
  ],
  "lattice": [
    [
      6.1551513671875,
      0.0,
      -4.235468864440918
    ],
    [
      0.0,
      3.896019458770752,
      0.0
    ],
    [
      0.0,
      0.0,
      26.172937393188477
    ]
  ],
  "properties": {
    "deltaG_H": 0.004652365744113922,
    "thermo_stability": -1.9734918991724655,
    "synth_score": 0.018946945697328008
  }
}