{
  "id": "JVASP-6178",
  "atomic_numbers": [
    90,
    90,
    53,
    53,
    7,
    7
  ],
  "frac_coords": [
    [
      0.7100620269775391,
      0.21006199717521667,
      0.20458100736141205
    ],
    [
      0.21006199717521667,
      0.7100620269775391,
      0.1281139850616455
    ],
    [
      0.21006199717521667,
      0.7100620269775391,
      0.2711752951145172
    ],
    [
      0.7100620269775391,
      0.21006199717521667,
      0.061519693583250046
    ],
    [
      0.21006199717521667,
      0.21006199717521667,
      0.16634699702262878
    ],
    [
      0.7100620269775391,
      0.7100620269775391,
      0.16634699702262878
    ]
  ],
  "lattice": [
    [
      4.122331619262695,
      0.0,
      0.0
    ],
    [
      0.0,
      4.122331619262695,
      0.0
    ],
    [
      0.0,
      0.0,
      29.971281051635742
    ]
  ],
  "properties": {
    "deltaG_H": 0.01030577733119329,
    "thermo_stability": -1.8192600379387542,
    "synth_score": 0.02561770342131851
  }
}