{
  "id": "JVASP-6121",
  "atomic_numbers": [
    60,
    60,
    52,
    52,
    52,
    52,
    52,
    52
  ],
  "frac_coords": [
    [
      0.5,
      0.25,
      0.5691739320755005
    ],
    [
      0.0,
      0.75,
      0.7002160549163818
    ],
    [
      0.5,
      0.25,
      0.6709391474723816
    ],
    [
      0.0,
      0.25,
      0.7792752385139465
    ],
    [
      0.0,
      0.25,
      0.4901266396045685
    ],
    [
      0.5,
      0.75,
      0.7792633771896362
    ],
    [
      0.0,
      0.75,
      0.5984508395195007
    ],
    [
      0.5,
      0.75,
      0.4901147782802582
    ]
  ],
  "lattice": [
    [
      4.401445388793945,
      -2.000000033724767e-16,
      0.0
    ],
    [
      3.0000001167615996e-16,
      4.4015793800354,
      0.0
    ],
    [
      0.0,
      0.0,
      32.52241134643555
    ]
  ],
  "properties": {
    "deltaG_H": 0.018963575959205628,
    "thermo_stability": -2.0,
    "synth_score": 0.01798620996209156
  }
}