{
  "id": "JVASP-75134",
  "atomic_numbers": [
    37,
    37,
    37,
    41,
    41,
    35,
    35,
    35,
    35,
    35,
    35,
    35,
    35,
    35
  ],
  "frac_coords": [
    [
      0.0,
      0.0,
      0.5
    ],
    [
      0.6666669845581055,
      0.33333298563957214,
      0.3381155729293823
    ],
    [
      0.6666669845581055,
      0.33333298563957214,
      0.6618844270706177
    ],
    [
      0.6666669845581055,
      0.33333298563957214,
      0.45760872960090637
    ],
    [
      0.6666669845581055,
      0.33333298563957214,
      0.542391300201416
    ],
    [
      0.4963940382003784,
      0.9927850365638733,
      0.5
    ],
    [
      0.4963940382003784,
      0.5036059617996216,
      0.5
    ],
    [
      0.007214951328933239,
      0.5036059617996216,
      0.5
    ],
    [
      0.8301613330841064,
      0.6603206992149353,
      0.5893856883049011
    ],
    [
      0.8301613330841064,
      0.16983863711357117,
      0.5893856883049011
    ],
    [
      0.3396792709827423,
      0.16983863711357117,
      0.5893856883049011
    ],
    [
      0.8301613330841064,
      0.16983863711357117,
      0.4106142818927765
    ],
    [
      0.8301613330841064,
      0.6603206992149353,
      0.4106142818927765
    ],
    [
      0.3396792709827423,
      0.16983863711357117,
      0.4106142818927765
    ]
  ],
  "lattice": [
    [
      7.815702438354492,
      -2.3342114907620726e-09,
      0.0
    ],
    [
      -3.9078502655029297,
      6.768596172332764,
      0.0
    ],
    [
      0.0,
      0.0,
      31.622034072875977
    ]
  ],
  "properties": {
    "deltaG_H": 0.021127631323678155,
    "thermo_stability": -2.0,
    "synth_score": 0.01798620996209156
  }
}