{
  "id": "JVASP-9020",
  "atomic_numbers": [
    37,
    60,
    60,
    34,
    34
  ],
  "frac_coords": [
    [
      0.33335286378860474,
      0.6666471362113953,
      0.552029013633728
    ],
    [
      0.6666691303253174,
      0.3333308696746826,
      0.6911609768867493
    ],
    [
      1.6509205806869431e-06,
      -1.6509205806869431e-06,
      0.41290968656539917
    ],
    [
      0.666669487953186,
      0.33333051204681396,
      0.46957913041114807
    ],
    [
      6.8849681156279985e-06,
      -6.8849681156279985e-06,
      0.6344931721687317
    ]
  ],
  "lattice": [
    [
      4.156488418579102,
      3.726742579601705e-05,
      0.0
    ],
    [
      -2.078211784362793,
      3.5996429920196533,
      0.0
    ],
    [
      0.0,
      0.0,
      29.07990074157715
    ]
  ],
  "properties": {
    "deltaG_H": 0.014656652927398681,
    "thermo_stability": -2.0,
    "synth_score": 0.01798620996209156
  }
}