{
  "id": "JVASP-6076",
  "atomic_numbers": [
    81,
    81,
    81,
    81,
    9,
    9,
    9,
    9
  ],
  "frac_coords": [
    [
      0.8596919775009155,
      0.04946595057845116,
      0.18096812069416046
    ],
    [
      0.3596920073032379,
      0.548352062702179,
      0.18096812069416046
    ],
    [
      0.3596920073032379,
      0.04835205152630806,
      0.06106488034129143
    ],
    [
      0.8596919775009155,
      0.5494659543037415,
      0.06106488034129143
    ],
    [
      0.3596920073032379,
      0.046490952372550964,
      0.1546107828617096
    ],
    [
      0.8596919775009155,
      0.5513270497322083,
      0.1546107828617096
    ],
    [
      0.8596919775009155,
      0.051327046006917953,
      0.087422214448452
    ],
    [
      0.3596920073032379,
      0.5464909672737122,
      0.087422214448452
    ]
  ],
  "lattice": [
    [
      5.302611351013184,
      3.0000001167615996e-16,
      0.0
    ],
    [
      -4.000000067449534e-16,
      5.305789947509766,
      0.0
    ],
    [
      0.0,
      0.0,
      26.386388778686523
    ]
  ],
  "properties": {
    "deltaG_H": 0.021969100832939147,
    "thermo_stability": -0.3234026253223421,
    "synth_score": 0.3437098274839238
  }
}