{
  "id": "JVASP-75413",
  "atomic_numbers": [
    12,
    50,
    50,
    7,
    7
  ],
  "frac_coords": [
    [
      0.0,
      0.0,
      0.5
    ],
    [
      0.5,
      0.5,
      0.6021381616592407
    ],
    [
      0.5,
      0.5,
      0.3978618383407593
    ],
    [
      0.0,
      0.5,
      0.45010673999786377
    ],
    [
      0.5,
      0.0,
      0.5498932600021362
    ]
  ],
  "lattice": [
    [
      3.3307900428771973,
      0.0,
      0.0
    ],
    [
      0.0,
      3.3307900428771973,
      0.0
    ],
    [
      0.0,
      0.0,
      25.041807174682617
    ]
  ],
  "properties": {
    "deltaG_H": 0.006353801536560059,
    "thermo_stability": -1.7046053379774095,
    "synth_score": 0.032008845093782
  }
}