{
  "id": "JVASP-6064",
  "atomic_numbers": [
    25,
    17,
    17
  ],
  "frac_coords": [
    [
      0.15975099802017212,
      0.045148998498916626,
      0.3828270137310028
    ],
    [
      0.8264179825782776,
      0.37848201394081116,
      0.4373886287212372
    ],
    [
      0.49308401346206665,
      0.7118160128593445,
      0.32826438546180725
    ]
  ],
  "lattice": [
    [
      3.674104928970337,
      0.0,
      0.0
    ],
    [
      -1.8370524644851685,
      3.181868076324463,
      0.0
    ],
    [
      0.0,
      0.0,
      25.603092193603516
    ]
  ],
  "properties": {
    "deltaG_H": 0.02028234044710795,
    "thermo_stability": -0.25947887897491473,
    "synth_score": 0.3730959770149599
  }
}