{
  "id": "JVASP-676",
  "atomic_numbers": [
    52,
    52,
    52,
    52,
    42,
    42
  ],
  "frac_coords": [
    [
      0.0,
      0.8619394898414612,
      0.2651141285896301
    ],
    [
      0.5,
      0.35425645112991333,
      0.24770252406597137
    ],
    [
      0.5,
      0.703704297542572,
      0.14054758846759796
    ],
    [
      0.0,
      0.21138101816177368,
      0.1579592227935791
    ],
    [
      0.0,
      0.6021177768707275,
      0.19994117319583893
    ],
    [
      0.5,
      0.9635209441184998,
      0.20572835206985474
    ]
  ],
  "lattice": [
    [
      3.4778330326080322,
      0.0,
      0.0
    ],
    [
      0.0,
      6.358483791351318,
      0.0
    ],
    [
      0.0,
      0.0,
      33.31351852416992
    ]
  ],
  "properties": {
    "deltaG_H": 0.013415128688017528,
    "thermo_stability": -0.43974890510241194,
    "synth_score": 0.29328185577787846
  }
}