{
  "id": "JVASP-77713",
  "atomic_numbers": [
    6,
    6,
    7,
    7,
    7,
    7
  ],
  "frac_coords": [
    [
      0.0,
      0.0,
      0.5
    ],
    [
      0.5,
      0.5,
      0.5
    ],
    [
      0.15468202531337738,
      0.3453179597854614,
      0.46469077467918396
    ],
    [
      0.6546820402145386,
      0.15468202531337738,
      0.5353091955184937
    ],
    [
      0.8453179597854614,
      0.6546820402145386,
      0.46469077467918396
    ],
    [
      0.3453179597854614,
      0.8453179597854614,
      0.5353091955184937
    ]
  ],
  "lattice": [
    [
      3.3113276958465576,
      0.0,
      0.0
    ],
    [
      0.0,
      3.3113276958465576,
      0.0
    ],
    [
      0.0,
      0.0,
      21.52695655822754
    ]
  ],
  "properties": {
    "deltaG_H": -0.004437794804573058,
    "thermo_stability": 0.1567504857977231,
    "synth_score": 0.5777395777539803
  }
}