{
  "id": "JVASP-6199",
  "atomic_numbers": [
    15,
    53,
    53,
    53
  ],
  "frac_coords": [
    [
      0.6666669845581055,
      0.33333298563957214,
      0.2091388702392578
    ],
    [
      0.34745270013809204,
      0.3331336975097656,
      0.16747170686721802
    ],
    [
      0.9856809973716736,
      0.652547299861908,
      0.16747170686721802
    ],
    [
      0.6668663024902344,
      0.014318999834358692,
      0.16747170686721802
    ]
  ],
  "lattice": [
    [
      7.065646648406982,
      1.155288753551531e-08,
      0.0
    ],
    [
      -3.532823324203491,
      6.1190290451049805,
      0.0
    ],
    [
      0.0,
      0.0,
      25.432796478271484
    ]
  ],
  "properties": {
    "deltaG_H": 0.025743808031082154,
    "thermo_stability": 0.7908306747674941,
    "synth_score": 0.8294396769162562
  }
}