{
  "id": "JVASP-6022",
  "atomic_numbers": [
    75,
    75,
    75,
    75,
    16,
    16,
    16,
    16,
    16,
    16,
    16,
    16
  ],
  "frac_coords": [
    [
      0.9420512914657593,
      0.6899349689483643,
      0.12760207056999207
    ],
    [
      0.5122894644737244,
      0.7144413590431213,
      0.12608714401721954
    ],
    [
      0.48771053552627563,
      0.28555864095687866,
      0.12510685622692108
    ],
    [
      0.057948727160692215,
      0.31006503105163574,
      0.12359192967414856
    ],
    [
      0.7313030958175659,
      0.34807607531547546,
      0.06667979806661606
    ],
    [
      0.7788915634155273,
      0.8913680911064148,
      0.07463695108890533
    ],
    [
      0.2580447196960449,
      0.38573789596557617,
      0.05994158983230591
    ],
    [
      0.2517038881778717,
      0.8672110438346863,
      0.0809672549366951
    ],
    [
      0.7482961416244507,
      0.13278892636299133,
      0.17022675275802612
    ],
    [
      0.7419552803039551,
      0.6142621040344238,
      0.1912534087896347
    ],
    [
      0.22110846638679504,
      0.108631931245327,
      0.1765570491552353
    ],
    [
      0.2686968743801117,
      0.6519239544868469,
      0.18451520800590515
    ]
  ],
  "lattice": [
    [
      6.230522155761719,
      -0.0016683681169524789,
      -1.5501209497451782
    ],
    [
      -3.294768810272217,
      5.62318754196167,
      -0.202566996216774
    ],
    [
      0.0,
      0.0,
      28.044662475585938
    ]
  ],
  "properties": {
    "deltaG_H": 0.005738776425520576,
    "thermo_stability": -0.599568130572637,
    "synth_score": 0.23162890647798298
  }
}