{
  "id": "JVASP-31377",
  "atomic_numbers": [
    41,
    41,
    35,
    35,
    35,
    35,
    8,
    8
  ],
  "frac_coords": [
    [
      0.7849318981170654,
      0.4861389398574829,
      0.26554951071739197
    ],
    [
      0.21506811678409576,
      0.4861389398574829,
      0.2655464708805084
    ],
    [
      0.07839448004961014,
      0.45577847957611084,
      0.34457358717918396
    ],
    [
      0.5662392973899841,
      0.44983047246932983,
      0.3323511481285095
    ],
    [
      0.43376070261001587,
      0.44983047246932983,
      0.19874483346939087
    ],
    [
      0.9216055274009705,
      0.45577847957611084,
      0.18652240931987762
    ],
    [
      0.7788081765174866,
      0.9613521099090576,
      0.26556482911109924
    ],
    [
      0.22119180858135223,
      0.9613521099090576,
      0.26553016901016235
    ]
  ],
  "lattice": [
    [
      6.819602012634277,
      0.0,
      -1.7765649557113647
    ],
    [
      0.0,
      3.924011707305908,
      0.0
    ],
    [
      0.0,
      0.0,
      27.724199295043945
    ]
  ],
  "properties": {
    "deltaG_H": 0.004143854677677155,
    "thermo_stability": -0.9934357225894928,
    "synth_score": 0.12058824181677465
  }
}