{
  "id": "JVASP-5899",
  "atomic_numbers": [
    41,
    34,
    34
  ],
  "frac_coords": [
    [
      0.5238739848136902,
      0.11555299907922745,
      0.12600800395011902
    ],
    [
      0.19054099917411804,
      0.4488860070705414,
      0.1885569542646408
    ],
    [
      0.8572070002555847,
      0.7822200059890747,
      0.06346004456281662
    ]
  ],
  "lattice": [
    [
      3.501544237136841,
      -2.3203767796076136e-09,
      0.0
    ],
    [
      -1.7507725954055786,
      3.032426118850708,
      0.0
    ],
    [
      0.0,
      0.0,
      26.738550186157227
    ]
  ],
  "properties": {
    "deltaG_H": 0.011639451185862223,
    "thermo_stability": -0.525688992937406,
    "synth_score": 0.25896057751359663
  }
}