{
  "id": "JVASP-28212",
  "atomic_numbers": [
    22,
    27,
    27,
    27,
    8,
    8,
    8,
    8,
    8,
    8,
    8,
    8
  ],
  "frac_coords": [
    [
      0.6666669845581055,
      0.33333298563957214,
      0.5
    ],
    [
      0.6666669845581055,
      0.8333330154418945,
      0.5
    ],
    [
      0.16666699945926666,
      0.8333330154418945,
      0.5
    ],
    [
      0.16666699945926666,
      0.33333298563957214,
      0.5
    ],
    [
      0.8394660353660583,
      0.6789320707321167,
      0.5441961288452148
    ],
    [
      0.8394660353660583,
      0.16053397953510284,
      0.5441961288452148
    ],
    [
      0.3210679590702057,
      0.16053397953510284,
      0.5441961288452148
    ],
    [
      0.012265047989785671,
      0.5061320066452026,
      0.45580390095710754
    ],
    [
      0.493867963552475,
      0.5061320066452026,
      0.45580390095710754
    ],
    [
      0.4938669800758362,
      0.9877349734306335,
      0.45580390095710754
    ],
    [
      0.33333298563957214,
      0.6666669845581055,
      0.5417082905769348
    ],
    [
      0.0,
      0.0,
      0.4582917094230652
    ]
  ],
  "lattice": [
    [
      5.713748455047607,
      0.0,
      0.0
    ],
    [
      -2.8568742275238037,
      4.948250770568848,
      0.0
    ],
    [
      0.0,
      0.0,
      21.908531188964844
    ]
  ],
  "properties": {
    "deltaG_H": -0.0023889734347661376,
    "thermo_stability": -0.01848751505215951,
    "synth_score": 0.49075729546574853
  }
}