{
  "id": "JVASP-78036",
  "atomic_numbers": [
    42,
    8,
    8
  ],
  "frac_coords": [
    [
      0.0,
      0.0,
      0.5
    ],
    [
      0.0,
      0.0,
      0.425310879945755
    ],
    [
      0.0,
      0.0,
      0.5746890902519226
    ]
  ],
  "lattice": [
    [
      3.002164840698242,
      0.0,
      0.0
    ],
    [
      -1.501082420349121,
      2.59995174407959,
      0.0
    ],
    [
      0.0,
      0.0,
      23.553972244262695
    ]
  ],
  "properties": {
    "deltaG_H": -0.006136402090390522,
    "thermo_stability": -0.7896368384361268,
    "synth_score": 0.17089837168620853
  }
}