{
  "id": "JVASP-19549",
  "atomic_numbers": [
    3,
    3,
    3,
    3,
    83,
    83,
    83,
    83,
    8,
    8,
    8,
    8,
    8,
    8,
    8,
    8
  ],
  "frac_coords": [
    [
      0.75,
      0.0,
      0.16189882159233093
    ],
    [
      0.25,
      0.0,
      0.16189882159233093
    ],
    [
      0.25,
      0.5,
      0.1634671837091446
    ],
    [
      0.75,
      0.5,
      0.1634671837091446
    ],
    [
      0.0,
      0.24257352948188782,
      0.059891484677791595
    ],
    [
      0.5,
      0.7574264407157898,
      0.059891484677791595
    ],
    [
      0.5,
      0.2574264705181122,
      0.2654745280742645
    ],
    [
      0.0,
      0.7425735592842102,
      0.2654745280742645
    ],
    [
      0.5,
      0.16749544441699982,
      0.05685809627175331
    ],
    [
      0.0,
      0.8325045704841614,
      0.05685809627175331
    ],
    [
      0.0,
      0.25627589225769043,
      0.1322495937347412
    ],
    [
      0.5,
      0.7437241077423096,
      0.1322495937347412
    ],
    [
      0.5,
      0.24372409284114838,
      0.19311639666557312
    ],
    [
      0.0,
      0.7562758922576904,
      0.19311639666557312
    ],
    [
      0.0,
      0.3325045704841614,
      0.2685078978538513
    ],
    [
      0.5,
      0.6674954295158386,
      0.2685078978538513
    ]
  ],
  "lattice": [
    [
      4.739760398864746,
      -0.0,
      0.0
    ],
    [
      0.0,
      5.254236221313477,
      0.0
    ],
    [
      0.0,
      0.0,
      28.63128662109375
    ]
  ],
  "properties": {
    "deltaG_H": 0.0017234085798263558,
    "thermo_stability": -1.9783112078905107,
    "synth_score": 0.018768611731439448
  }
}