{
  "id": "JVASP-6721",
  "atomic_numbers": [
    82,
    82,
    53,
    53,
    9,
    9
  ],
  "frac_coords": [
    [
      0.6166219711303711,
      0.11662200093269348,
      0.2183004468679428
    ],
    [
      0.11662200093269348,
      0.6166219711303711,
      0.11408855020999908
    ],
    [
      0.11662200093269348,
      0.6166219711303711,
      0.2753955125808716
    ],
    [
      0.6166219711303711,
      0.11662200093269348,
      0.05699348449707031
    ],
    [
      0.11662200093269348,
      0.11662200093269348,
      0.16619500517845154
    ],
    [
      0.6166219711303711,
      0.6166219711303711,
      0.16619500517845154
    ]
  ],
  "lattice": [
    [
      4.188032627105713,
      0.0,
      0.0
    ],
    [
      0.0,
      4.188032627105713,
      0.0
    ],
    [
      0.0,
      0.0,
      28.459697723388672
    ]
  ],
  "properties": {
    "deltaG_H": 0.023616890112559,
    "thermo_stability": -1.9650336896379792,
    "synth_score": 0.019263959603165234
  }
}