{
  "id": "JVASP-6262",
  "atomic_numbers": [
    31,
    31,
    52,
    52,
    17,
    17
  ],
  "frac_coords": [
    [
      0.5,
      0.5246565341949463,
      0.106000155210495
    ],
    [
      0.0,
      0.02465650625526905,
      0.16913284361362457
    ],
    [
      0.0,
      0.24720992147922516,
      0.08907785266637802
    ],
    [
      0.5,
      0.747209906578064,
      0.18605615198612213
    ],
    [
      0.5,
      0.7690425515174866,
      0.047840479761362076
    ],
    [
      0.0,
      0.2690425515174866,
      0.2272925227880478
    ]
  ],
  "lattice": [
    [
      4.135477542877197,
      0.0,
      0.0
    ],
    [
      0.0,
      5.845146179199219,
      0.0
    ],
    [
      0.0,
      0.0,
      28.90599822998047
    ]
  ],
  "properties": {
    "deltaG_H": 0.012199468115965525,
    "thermo_stability": -1.3768292884031932,
    "synth_score": 0.05988035974087693
  }
}