{
  "id": "JVASP-6571",
  "atomic_numbers": [
    13,
    52,
    53,
    53,
    53,
    53,
    53,
    53,
    53
  ],
  "frac_coords": [
    [
      0.6971407532691956,
      0.005737513303756714,
      0.19814898073673248
    ],
    [
      0.006139053963124752,
      0.5812536478042603,
      0.29132717847824097
    ],
    [
      0.4479171931743622,
      0.9124252200126648,
      0.12403301149606705
    ],
    [
      0.7017485499382019,
      0.3783876597881317,
      0.19824963808059692
    ],
    [
      0.03813645616173744,
      0.8562929034233093,
      0.2017846554517746
    ],
    [
      0.6204283237457275,
      0.8862508535385132,
      0.2761167585849762
    ],
    [
      0.3089491128921509,
      0.3360620439052582,
      0.2808157801628113
    ],
    [
      0.8895847201347351,
      0.3629404604434967,
      0.35885173082351685
    ],
    [
      0.2278548628091812,
      0.8284476399421692,
      0.3581532835960388
    ]
  ],
  "lattice": [
    [
      6.941781997680664,
      0.18721327185630798,
      -1.9584100246429443
    ],
    [
      0.18765485286712646,
      6.922671318054199,
      0.0
    ],
    [
      0.0,
      0.0,
      28.86105728149414
    ]
  ],
  "properties": {
    "deltaG_H": 0.02256370378865136,
    "thermo_stability": -2.0,
    "synth_score": 0.01798620996209156
  }
}