{
  "id": "JVASP-60305",
  "atomic_numbers": [
    43,
    43,
    15,
    15,
    15,
    15,
    15,
    15
  ],
  "frac_coords": [
    [
      0.25,
      0.37051156163215637,
      0.3621353507041931
    ],
    [
      0.75,
      0.870511531829834,
      0.4855526387691498
    ],
    [
      0.25,
      0.5808485150337219,
      0.4421721398830414
    ],
    [
      0.75,
      0.08084851503372192,
      0.4055158495903015
    ],
    [
      0.25,
      0.989150881767273,
      0.30053988099098206
    ],
    [
      0.75,
      0.759553074836731,
      0.3470395803451538
    ],
    [
      0.75,
      0.48915085196495056,
      0.5471481084823608
    ],
    [
      0.25,
      0.25955307483673096,
      0.5006484389305115
    ]
  ],
  "lattice": [
    [
      3.1801750659942627,
      0.0,
      0.0
    ],
    [
      0.0,
      4.719351768493652,
      0.0
    ],
    [
      0.0,
      0.0,
      27.326059341430664
    ]
  ],
  "properties": {
    "deltaG_H": 0.0031248518228530866,
    "thermo_stability": -2.0,
    "synth_score": 0.01798620996209156
  }
}