{
  "id": "JVASP-13541",
  "atomic_numbers": [
    73,
    73,
    73,
    73,
    34,
    34
  ],
  "frac_coords": [
    [
      0.5183629989624023,
      0.018363000825047493,
      0.20931106805801392
    ],
    [
      0.018363000825047493,
      0.5183629989624023,
      0.26665112376213074
    ],
    [
      0.5183629989624023,
      0.018363000825047493,
      0.09815988689661026
    ],
    [
      0.018363000825047493,
      0.5183629989624023,
      0.1554989367723465
    ],
    [
      0.5183629989624023,
      0.018363000825047493,
      0.31100255250930786
    ],
    [
      0.018363000825047493,
      0.5183629989624023,
      0.05380744859576225
    ]
  ],
  "lattice": [
    [
      3.3872852325439453,
      0.0,
      0.0
    ],
    [
      0.0,
      3.3872852325439453,
      0.0
    ],
    [
      0.0,
      0.0,
      28.337984085083008
    ]
  ],
  "properties": {
    "deltaG_H": 0.007287388642628986,
    "thermo_stability": -2.0,
    "synth_score": 0.01798620996209156
  }
}