{
  "id": "JVASP-75094",
  "atomic_numbers": [
    13,
    13,
    13,
    77
  ],
  "frac_coords": [
    [
      0.6666669845581055,
      0.33333298563957214,
      0.5
    ],
    [
      0.0,
      0.0,
      0.405120313167572
    ],
    [
      0.0,
      0.0,
      0.594879686832428
    ],
    [
      0.0,
      0.0,
      0.5
    ]
  ],
  "lattice": [
    [
      4.134678363800049,
      -0.0,
      0.0
    ],
    [
      -2.0673391819000244,
      3.5807361602783203,
      0.0
    ],
    [
      0.0,
      0.0,
      25.13092803955078
    ]
  ],
  "properties": {
    "deltaG_H": 0.010143105983734132,
    "thermo_stability": -1.3834896976749107,
    "synth_score": 0.059134849991138806
  }
}