{
  "id": "JVASP-13568",
  "atomic_numbers": [
    3,
    14,
    14,
    14,
    14,
    14,
    46
  ],
  "frac_coords": [
    [
      0.0,
      0.0,
      0.2904585003852844
    ],
    [
      0.5,
      0.0,
      0.12985026836395264
    ],
    [
      0.0,
      0.5,
      0.12985026836395264
    ],
    [
      0.0,
      0.0,
      0.201604962348938
    ],
    [
      0.0,
      0.5,
      0.36591771245002747
    ],
    [
      0.5,
      0.0,
      0.36591771245002747
    ],
    [
      0.5,
      0.5,
      0.23125258088111877
    ]
  ],
  "lattice": [
    [
      3.436385154724121,
      0.0,
      0.0
    ],
    [
      0.0,
      3.436385154724121,
      0.0
    ],
    [
      0.0,
      0.0,
      29.036123275756836
    ]
  ],
  "properties": {
    "deltaG_H": 0.011733616164752415,
    "thermo_stability": -2.0,
    "synth_score": 0.01798620996209156
  }
}