{
  "id": "JVASP-6634",
  "atomic_numbers": [
    78,
    7,
    7
  ],
  "frac_coords": [
    [
      0.0,
      0.0,
      0.10630500316619873
    ],
    [
      0.33333298563957214,
      0.6666669845581055,
      0.07474323362112045
    ],
    [
      0.6666669845581055,
      0.33333298563957214,
      0.13786576688289642
    ]
  ],
  "lattice": [
    [
      3.232398509979248,
      0.0,
      0.0
    ],
    [
      -1.616199254989624,
      2.7993388175964355,
      0.0
    ],
    [
      0.0,
      0.0,
      26.096885681152344
    ]
  ],
  "properties": {
    "deltaG_H": 0.0025354504883289344,
    "thermo_stability": 0.5072163621584573,
    "synth_score": 0.7338867439876811
  }
}