{
  "id": "JVASP-20033",
  "atomic_numbers": [
    62,
    62,
    35,
    35,
    8,
    8
  ],
  "frac_coords": [
    [
      0.6010270118713379,
      0.1010269969701767,
      0.19322898983955383
    ],
    [
      0.1010269969701767,
      0.6010270118713379,
      0.11002001166343689
    ],
    [
      0.1010269969701767,
      0.6010270118713379,
      0.25039437413215637
    ],
    [
      0.6010270118713379,
      0.1010269969701767,
      0.052854619920253754
    ],
    [
      0.6010270118713379,
      0.6010270118713379,
      0.15162500739097595
    ],
    [
      0.1010269969701767,
      0.1010269969701767,
      0.15162500739097595
    ]
  ],
  "lattice": [
    [
      3.9194648265838623,
      0.0,
      0.0
    ],
    [
      0.0,
      3.9194648265838623,
      0.0
    ],
    [
      0.0,
      0.0,
      28.704662322998047
    ]
  ],
  "properties": {
    "deltaG_H": 0.00861459533373515,
    "thermo_stability": -1.6173291126887008,
    "synth_score": 0.03788210254925714
  }
}