{
  "id": "JVASP-6442",
  "atomic_numbers": [
    72,
    72,
    72,
    52,
    52
  ],
  "frac_coords": [
    [
      0.0,
      0.0,
      0.2707463204860687
    ],
    [
      0.5,
      0.5,
      0.32853999733924866
    ],
    [
      0.0,
      0.0,
      0.386333703994751
    ],
    [
      0.5,
      0.5,
      0.22415724396705627
    ],
    [
      0.5,
      0.5,
      0.43292275071144104
    ]
  ],
  "lattice": [
    [
      3.6983096599578857,
      0.0,
      0.0
    ],
    [
      0.0,
      3.6983096599578857,
      0.0
    ],
    [
      0.0,
      0.0,
      29.16136932373047
    ]
  ],
  "properties": {
    "deltaG_H": 0.01376378440856934,
    "thermo_stability": -1.7794250617424652,
    "synth_score": 0.02768335673168034
  }
}