{
  "id": "JVASP-27841",
  "atomic_numbers": [
    67,
    67,
    16,
    16,
    53,
    53
  ],
  "frac_coords": [
    [
      0.5,
      0.5,
      0.4577617347240448
    ],
    [
      0.0,
      0.0,
      0.5422382950782776
    ],
    [
      0.5,
      0.0,
      0.47561487555503845
    ],
    [
      0.0,
      0.5,
      0.5243850946426392
    ],
    [
      0.0,
      0.5,
      0.3751757740974426
    ],
    [
      0.5,
      0.0,
      0.6248242259025574
    ]
  ],
  "lattice": [
    [
      4.140166282653809,
      0.0,
      0.0
    ],
    [
      0.0,
      5.306146621704102,
      0.0
    ],
    [
      0.0,
      0.0,
      26.676809310913086
    ]
  ],
  "properties": {
    "deltaG_H": 0.015583347479502362,
    "thermo_stability": -2.0,
    "synth_score": 0.01798620996209156
  }
}