{
  "id": "JVASP-6985",
  "atomic_numbers": [
    20,
    20,
    53,
    53,
    7
  ],
  "frac_coords": [
    [
      0.6949189901351929,
      0.5501670241355896,
      0.7216624021530151
    ],
    [
      0.36158499121665955,
      0.8835009932518005,
      0.8070266246795654
    ],
    [
      0.36158499121665955,
      0.8835009932518005,
      0.6432501673698425
    ],
    [
      0.6949189901351929,
      0.5501670241355896,
      0.885438859462738
    ],
    [
      0.028251999989151955,
      0.21683399379253387,
      0.7643449902534485
    ]
  ],
  "lattice": [
    [
      3.769078254699707,
      0.0,
      0.0
    ],
    [
      -1.8845391273498535,
      3.26411771774292,
      0.0
    ],
    [
      0.0,
      0.0,
      29.659637451171875
    ]
  ],
  "properties": {
    "deltaG_H": 0.018906463050842287,
    "thermo_stability": -2.0,
    "synth_score": 0.01798620996209156
  }
}