{
  "id": "JVASP-76576",
  "atomic_numbers": [
    94,
    94,
    53,
    53,
    8,
    8
  ],
  "frac_coords": [
    [
      0.5,
      0.5,
      0.16190415620803833
    ],
    [
      0.0,
      0.0,
      0.07223740965127945
    ],
    [
      0.5,
      0.5,
      0.0007494979654438794
    ],
    [
      0.0,
      0.0,
      0.2333797663450241
    ],
    [
      0.5,
      0.0,
      0.1170760840177536
    ],
    [
      0.0,
      0.5,
      0.1170760840177536
    ]
  ],
  "lattice": [
    [
      3.9964137077331543,
      0.0,
      0.0
    ],
    [
      0.0,
      3.9964137077331543,
      0.0
    ],
    [
      0.0,
      0.0,
      26.115598678588867
    ]
  ],
  "properties": {
    "deltaG_H": 0.008332082132498425,
    "thermo_stability": -2.0,
    "synth_score": 0.01798620996209156
  }
}