{
  "id": "JVASP-6313",
  "atomic_numbers": [
    13,
    13,
    14,
    14,
    52,
    52,
    52,
    52,
    52,
    52
  ],
  "frac_coords": [
    [
      0.33333298563957214,
      0.6666669845581055,
      0.13878199458122253
    ],
    [
      0.6666669845581055,
      0.33333298563957214,
      0.13878199458122253
    ],
    [
      0.0,
      0.0,
      0.09708447754383087
    ],
    [
      0.0,
      0.0,
      0.1804795265197754
    ],
    [
      0.3561001718044281,
      0.3561001718044281,
      0.07420314848423004
    ],
    [
      -1.5543122344752192e-15,
      0.6438997983932495,
      0.07420314848423004
    ],
    [
      0.6438997983932495,
      -2.9999999050033628e-15,
      0.07420314848423004
    ],
    [
      1.4710455076283324e-15,
      0.3561001718044281,
      0.20335985720157623
    ],
    [
      0.6438997983932495,
      0.6438997983932495,
      0.20335985720157623
    ],
    [
      0.3561001718044281,
      2.9999999050033628e-15,
      0.20335985720157623
    ]
  ],
  "lattice": [
    [
      6.916654586791992,
      3.185403885108684e-10,
      0.0
    ],
    [
      -3.458326816558838,
      5.989998817443848,
      0.0
    ],
    [
      0.0,
      0.0,
      27.684091567993164
    ]
  ],
  "properties": {
    "deltaG_H": 0.010591187000274657,
    "thermo_stability": -0.5909961630900702,
    "synth_score": 0.23469415979932737
  }
}