{
  "id": "JVASP-75165",
  "atomic_numbers": [
    62,
    62,
    30,
    30,
    15,
    15,
    8,
    8
  ],
  "frac_coords": [
    [
      0.33333298563957214,
      0.33333298563957214,
      0.4486099183559418
    ],
    [
      0.6666669845581055,
      0.6666669845581055,
      0.5513900518417358
    ],
    [
      0.33333298563957214,
      0.33333298563957214,
      0.6411398649215698
    ],
    [
      0.6666669845581055,
      0.6666669845581055,
      0.3588601350784302
    ],
    [
      0.0,
      0.0,
      0.37393999099731445
    ],
    [
      0.0,
      0.0,
      0.6260600090026855
    ],
    [
      0.6666669845581055,
      0.6666669845581055,
      0.46935728192329407
    ],
    [
      0.33333298563957214,
      0.33333298563957214,
      0.5306427478790283
    ]
  ],
  "lattice": [
    [
      3.9512734413146973,
      4.761465111080554e-10,
      0.0
    ],
    [
      1.9756357669830322,
      3.4219024181365967,
      0.0
    ],
    [
      0.0,
      0.0,
      28.465078353881836
    ]
  ],
  "properties": {
    "deltaG_H": 0.0012803869247436511,
    "thermo_stability": -2.0,
    "synth_score": 0.01798620996209156
  }
}