{
  "id": "JVASP-6604",
  "atomic_numbers": [
    16,
    16,
    7,
    7
  ],
  "frac_coords": [
    [
      0.7606000900268555,
      0.5554860234260559,
      0.11922524124383926
    ],
    [
      0.23939646780490875,
      0.4445224404335022,
      0.19058534502983093
    ],
    [
      0.16841916739940643,
      0.5354713201522827,
      0.13225705921649933
    ],
    [
      0.8315843343734741,
      0.46452024579048157,
      0.17755335569381714
    ]
  ],
  "lattice": [
    [
      3.993536949157715,
      1.1898552179336548,
      -1.144642949104309
    ],
    [
      1.032458782196045,
      3.841434955596924,
      0.0
    ],
    [
      0.0,
      0.0,
      28.977561950683594
    ]
  ],
  "properties": {
    "deltaG_H": -0.0025950087010860445,
    "thermo_stability": 0.6551722764968871,
    "synth_score": 0.7875708063494085
  }
}