{
  "id": "JVASP-6499",
  "atomic_numbers": [
    41,
    41,
    41,
    41,
    52,
    52,
    52,
    52,
    52,
    52,
    52,
    52,
    52,
    52,
    52,
    52,
    53,
    53
  ],
  "frac_coords": [
    [
      0.47401857376098633,
      0.6311066746711731,
      0.2806686758995056
    ],
    [
      0.8245610594749451,
      0.8710775971412659,
      0.28916171193122864
    ],
    [
      0.17543892562389374,
      0.12892238795757294,
      0.29906928539276123
    ],
    [
      0.5259814262390137,
      0.3688932955265045,
      0.30756333470344543
    ],
    [
      0.376882940530777,
      0.22300966084003448,
      0.4003795385360718
    ],
    [
      0.9551255106925964,
      0.023278942331671715,
      0.388501912355423
    ],
    [
      0.6524211764335632,
      0.642837643623352,
      0.37345314025878906
    ],
    [
      0.24170298874378204,
      0.4112744927406311,
      0.35356125235557556
    ],
    [
      0.08437613397836685,
      0.8327621817588806,
      0.34186652302742004
    ],
    [
      0.5432068705558777,
      0.9111447930335999,
      0.3330935835838318
    ],
    [
      0.9156238436698914,
      0.16723781824111938,
      0.246365487575531
    ],
    [
      0.7582970261573792,
      0.5887255072593689,
      0.2346707582473755
    ],
    [
      0.34757882356643677,
      0.35716235637664795,
      0.214778870344162
    ],
    [
      0.044874489307403564,
      0.9767210483551025,
      0.19973008334636688
    ],
    [
      0.6231170296669006,
      0.7769903540611267,
      0.1878514587879181
    ],
    [
      0.4567931294441223,
      0.08885519206523895,
      0.25513744354248047
    ],
    [
      0.18333017826080322,
      0.6474668979644775,
      0.24451695382595062
    ],
    [
      0.8166698217391968,
      0.35253310203552246,
      0.34371405839920044
    ]
  ],
  "lattice": [
    [
      9.30068302154541,
      -0.02304782159626484,
      0.0
    ],
    [
      -3.7354304790496826,
      8.974355697631836,
      0.0
    ],
    [
      0.0,
      0.0,
      24.285499572753906
    ]
  ],
  "properties": {
    "deltaG_H": 0.014946251776483323,
    "thermo_stability": -2.0,
    "synth_score": 0.01798620996209156
  }
}