{
  "id": "JVASP-6412",
  "atomic_numbers": [
    32,
    32,
    32,
    32,
    32,
    32,
    32,
    32,
    16,
    16,
    16,
    16,
    16,
    16,
    16,
    16,
    16,
    16,
    16,
    16,
    53,
    53,
    53,
    53,
    53,
    53,
    53,
    53
  ],
  "frac_coords": [
    [
      0.3632580041885376,
      0.8432729840278625,
      0.5228639841079712
    ],
    [
      0.990883469581604,
      0.9706137776374817,
      0.5823488235473633
    ],
    [
      0.8629722595214844,
      0.21564751863479614,
      0.5823488235473633
    ],
    [
      0.23591724038124084,
      0.34355872869491577,
      0.5823488235473633
    ],
    [
      0.4022985100746155,
      0.04926623776555061,
      0.7440192103385925
    ],
    [
      0.15726475417613983,
      0.676321268081665,
      0.7440192103385925
    ],
    [
      0.5302097201347351,
      0.8042324781417847,
      0.7440192103385925
    ],
    [
      0.029923999682068825,
      0.17660699784755707,
      0.8035039901733398
    ],
    [
      0.18093012273311615,
      0.68374103307724,
      0.8165764212608337
    ],
    [
      0.3860529065132141,
      0.02560088038444519,
      0.8165764212608337
    ],
    [
      0.5227899551391602,
      0.820478081703186,
      0.8165764212608337
    ],
    [
      0.3199012279510498,
      0.6166449189186096,
      0.7110564708709717
    ],
    [
      0.17998571693897247,
      0.8866297602653503,
      0.7110564708709717
    ],
    [
      0.5898860692977905,
      0.02654528059065342,
      0.7110564708709717
    ],
    [
      0.803295910358429,
      -0.006665281020104885,
      0.6153125762939453
    ],
    [
      0.07328078895807266,
      0.4032350778579712,
      0.6153125762939453
    ],
    [
      0.2131962776184082,
      0.13325020670890808,
      0.6153125762939453
    ],
    [
      0.21225188672542572,
      0.3361389636993408,
      0.5097926259040833
    ],
    [
      0.007129089441150427,
      0.994279146194458,
      0.5097926259040833
    ],
    [
      0.8703920245170593,
      0.19940191507339478,
      0.5097926259040833
    ],
    [
      0.3632580041885376,
      0.8432729840278625,
      0.6041674613952637
    ],
    [
      0.5034141540527344,
      0.5483185052871704,
      0.6026998162269592
    ],
    [
      0.6582124829292297,
      0.27838462591171265,
      0.6026998162269592
    ],
    [
      0.9281463623046875,
      0.7031168341636658,
      0.6026998162269592
    ],
    [
      0.7349694967269897,
      0.7414953708648682,
      0.723669171333313
    ],
    [
      0.8897678852081299,
      0.4715614914894104,
      0.723669171333313
    ],
    [
      0.46503564715385437,
      0.31676313281059265,
      0.723669171333313
    ],
    [
      0.029923999682068825,
      0.17660699784755707,
      0.7222015857696533
    ]
  ],
  "lattice": [
    [
      10.245503425598145,
      6.37259574887139e-07,
      0.0
    ],
    [
      -5.1227521896362305,
      8.872865676879883,
      0.0
    ],
    [
      0.0,
      0.0,
      30.01205825805664
    ]
  ],
  "properties": {
    "deltaG_H": 0.00834117923464094,
    "thermo_stability": -2.0,
    "synth_score": 0.01798620996209156
  }
}