{
  "id": "JVASP-6631",
  "atomic_numbers": [
    20,
    20,
    7,
    7
  ],
  "frac_coords": [
    [
      0.6666669845581055,
      0.33333298563957214,
      0.08009742200374603
    ],
    [
      0.33333298563957214,
      0.6666669845581055,
      0.175972580909729
    ],
    [
      0.33333298563957214,
      0.6666669845581055,
      0.08661708980798721
    ],
    [
      0.6666669845581055,
      0.33333298563957214,
      0.16945190727710724
    ]
  ],
  "lattice": [
    [
      4.02945613861084,
      2.599253079438313e-08,
      0.0
    ],
    [
      -2.0147275924682617,
      3.4896106719970703,
      0.0
    ],
    [
      0.0,
      0.0,
      26.884239196777344
    ]
  ],
  "properties": {
    "deltaG_H": 0.013242605388164522,
    "thermo_stability": 0.3798595637083053,
    "synth_score": 0.6812927502052825
  }
}