{
  "id": "JVASP-6799",
  "atomic_numbers": [
    73,
    73,
    73,
    52,
    53,
    53,
    53,
    53,
    53,
    53,
    53
  ],
  "frac_coords": [
    [
      0.261187344789505,
      0.1305936723947525,
      0.14509667456150055
    ],
    [
      0.8694063425064087,
      0.7388126850128174,
      0.14509667456150055
    ],
    [
      0.8694063425064087,
      0.1305936723947525,
      0.14509667456150055
    ],
    [
      0.0,
      0.0,
      0.22682227194309235
    ],
    [
      0.16822302341461182,
      0.8317769765853882,
      0.07267187535762787
    ],
    [
      0.16822302341461182,
      0.33644604682922363,
      0.07267187535762787
    ],
    [
      0.6635539531707764,
      0.8317769765853882,
      0.07267187535762787
    ],
    [
      0.6666669845581055,
      0.33333298563957214,
      0.08841066062450409
    ],
    [
      0.49775364995002747,
      0.9955083131790161,
      0.20299147069454193
    ],
    [
      0.49775364995002747,
      0.5022463798522949,
      0.20299147069454193
    ],
    [
      0.004491706844419241,
      0.5022463798522949,
      0.20299147069454193
    ]
  ],
  "lattice": [
    [
      7.645867824554443,
      0.0,
      0.0
    ],
    [
      -3.8229339122772217,
      6.621515274047852,
      0.0
    ],
    [
      0.0,
      0.0,
      26.07368278503418
    ]
  ],
  "properties": {
    "deltaG_H": 0.02362305516546423,
    "thermo_stability": -1.2394856333732607,
    "synth_score": 0.07734558396667135
  }
}