{
  "id": "JVASP-78015",
  "atomic_numbers": [
    22,
    22,
    79,
    79
  ],
  "frac_coords": [
    [
      0.5,
      0.0,
      0.5396231412887573
    ],
    [
      0.0,
      0.5,
      0.4603768587112427
    ],
    [
      0.5,
      0.0,
      0.38341063261032104
    ],
    [
      0.0,
      0.5,
      0.616589367389679
    ]
  ],
  "lattice": [
    [
      2.9225990772247314,
      0.0,
      0.0
    ],
    [
      0.0,
      2.9225990772247314,
      0.0
    ],
    [
      0.0,
      0.0,
      24.425880432128906
    ]
  ],
  "properties": {
    "deltaG_H": 0.006211540699005126,
    "thermo_stability": -2.0,
    "synth_score": 0.01798620996209156
  }
}