{
  "id": "JVASP-31367",
  "atomic_numbers": [
    40,
    40,
    35,
    35
  ],
  "frac_coords": [
    [
      0.6666669845581055,
      0.33333298563957214,
      0.12629453837871552
    ],
    [
      0.0,
      0.0,
      0.20703846216201782
    ],
    [
      0.33333298563957214,
      0.6666669845581055,
      0.06105252727866173
    ],
    [
      0.33333298563957214,
      0.6666669845581055,
      0.2722814679145813
    ]
  ],
  "lattice": [
    [
      3.5258564949035645,
      -1.4755198174398743e-09,
      0.0
    ],
    [
      -1.762927770614624,
      3.053481101989746,
      0.0
    ],
    [
      0.0,
      0.0,
      29.043373107910156
    ]
  ],
  "properties": {
    "deltaG_H": 0.018896830677986146,
    "thermo_stability": -1.8802052656809494,
    "synth_score": 0.022744816593016
  }
}