{
  "id": "JVASP-75427",
  "atomic_numbers": [
    38,
    38,
    38,
    38,
    26,
    26,
    16,
    16,
    8,
    8,
    8,
    8,
    8,
    8
  ],
  "frac_coords": [
    [
      0.5,
      0.0,
      0.6544128656387329
    ],
    [
      0.0,
      0.5,
      0.3455871343612671
    ],
    [
      0.5,
      0.0,
      0.5429022908210754
    ],
    [
      0.0,
      0.5,
      0.4570976793766022
    ],
    [
      0.0,
      0.5,
      0.5973249673843384
    ],
    [
      0.5,
      0.0,
      0.402675062417984
    ],
    [
      0.0,
      0.5,
      0.6754453182220459
    ],
    [
      0.5,
      0.0,
      0.3245546817779541
    ],
    [
      0.0,
      0.0,
      0.5981569886207581
    ],
    [
      0.5,
      0.5,
      0.5981569886207581
    ],
    [
      0.5,
      0.5,
      0.40184298157691956
    ],
    [
      0.0,
      0.0,
      0.40184298157691956
    ],
    [
      0.0,
      0.5,
      0.5361284613609314
    ],
    [
      0.5,
      0.0,
      0.4638715088367462
    ]
  ],
  "lattice": [
    [
      3.952829360961914,
      0.0,
      0.0
    ],
    [
      0.0,
      3.952829360961914,
      0.0
    ],
    [
      0.0,
      0.0,
      31.365436553955078
    ]
  ],
  "properties": {
    "deltaG_H": -0.003628747463226319,
    "thermo_stability": -2.0,
    "synth_score": 0.01798620996209156
  }
}