{
  "id": "JVASP-27848",
  "atomic_numbers": [
    65,
    65,
    65,
    65,
    6,
    6,
    6,
    6,
    35,
    35,
    35,
    35
  ],
  "frac_coords": [
    [
      0.16173261404037476,
      0.0,
      0.5550506114959717
    ],
    [
      0.8382673859596252,
      0.0,
      0.4449494183063507
    ],
    [
      0.33826738595962524,
      0.5,
      0.4449494183063507
    ],
    [
      0.6617326140403748,
      0.5,
      0.5550506114959717
    ],
    [
      0.9310353398323059,
      0.5,
      0.5140255093574524
    ],
    [
      0.06896468251943588,
      0.5,
      0.4859744906425476
    ],
    [
      0.4310353100299835,
      0.0,
      0.5140255093574524
    ],
    [
      0.5689646601676941,
      0.0,
      0.4859744906425476
    ],
    [
      0.8647918701171875,
      0.0,
      0.6255460977554321
    ],
    [
      0.3647918403148651,
      0.5,
      0.6255460977554321
    ],
    [
      0.1352081596851349,
      0.0,
      0.37445393204689026
    ],
    [
      0.6352081298828125,
      0.5,
      0.37445393204689026
    ]
  ],
  "lattice": [
    [
      6.9115309715271,
      0.0,
      -1.1834700107574463
    ],
    [
      0.0,
      3.795837163925171,
      0.0
    ],
    [
      0.0,
      0.0,
      27.06939125061035
    ]
  ],
  "properties": {
    "deltaG_H": -0.010156250993410748,
    "thermo_stability": -2.0,
    "synth_score": 0.01798620996209156
  }
}