{
  "id": "JVASP-6373",
  "atomic_numbers": [
    41,
    41,
    41,
    17,
    17,
    17,
    17,
    17,
    17,
    17,
    17
  ],
  "frac_coords": [
    [
      0.472125381231308,
      0.9442497491836548,
      0.1448771059513092
    ],
    [
      0.472125381231308,
      0.5278745889663696,
      0.1448771059513092
    ],
    [
      0.05575023591518402,
      0.5278745889663696,
      0.1448771059513092
    ],
    [
      0.1680123656988144,
      0.3360257148742676,
      0.07377741485834122
    ],
    [
      0.1680123656988144,
      0.8319876194000244,
      0.07377741485834122
    ],
    [
      0.6639742851257324,
      0.8319876194000244,
      0.07377741485834122
    ],
    [
      0.6666669845581055,
      0.33333298563957214,
      0.08655773848295212
    ],
    [
      0.8351113796234131,
      0.6702226996421814,
      0.20306482911109924
    ],
    [
      0.3297772705554962,
      0.1648886352777481,
      0.20306482911109924
    ],
    [
      0.8351113796234131,
      0.1648886352777481,
      0.20306482911109924
    ],
    [
      0.33333298563957214,
      0.6666669845581055,
      0.22462622821331024
    ]
  ],
  "lattice": [
    [
      6.787136554718018,
      3.6133827041595623e-09,
      0.0
    ],
    [
      -3.393568754196167,
      5.877832889556885,
      0.0
    ],
    [
      0.0,
      0.0,
      23.374996185302734
    ]
  ],
  "properties": {
    "deltaG_H": 0.019277953559702094,
    "thermo_stability": -0.8801781555016837,
    "synth_score": 0.14674571998119956
  }
}