{
  "id": "JVASP-6574",
  "atomic_numbers": [
    13,
    34,
    35,
    35,
    35,
    35,
    35,
    35,
    35
  ],
  "frac_coords": [
    [
      0.6829686760902405,
      0.018595654517412186,
      0.18514294922351837
    ],
    [
      0.0030257506296038628,
      0.5735405087471008,
      0.2768881618976593
    ],
    [
      0.4284110367298126,
      0.9455755949020386,
      0.11386121809482574
    ],
    [
      0.693583071231842,
      0.3877677917480469,
      0.18815720081329346
    ],
    [
      0.024212494492530823,
      0.8458827137947083,
      0.19066323339939117
    ],
    [
      0.6144133806228638,
      0.8999054431915283,
      0.26056429743766785
    ],
    [
      0.2869037985801697,
      0.3244152069091797,
      0.2677839398384094
    ],
    [
      0.889020562171936,
      0.3747861683368683,
      0.33756694197654724
    ],
    [
      0.21275919675827026,
      0.7998889088630676,
      0.33704107999801636
    ]
  ],
  "lattice": [
    [
      6.290447235107422,
      0.3404901325702667,
      -1.8703750371932983
    ],
    [
      0.34468454122543335,
      6.3096089363098145,
      0.0
    ],
    [
      0.0,
      0.0,
      27.29868507385254
    ]
  ],
  "properties": {
    "deltaG_H": 0.017937669588459864,
    "thermo_stability": -2.0,
    "synth_score": 0.01798620996209156
  }
}