{
  "id": "JVASP-27912",
  "atomic_numbers": [
    26,
    8,
    8
  ],
  "frac_coords": [
    [
      0.6666669845581055,
      0.33333298563957214,
      0.5
    ],
    [
      0.33333298563957214,
      0.6666669845581055,
      0.5440972447395325
    ],
    [
      0.0,
      0.0,
      0.45590275526046753
    ]
  ],
  "lattice": [
    [
      2.811256170272827,
      0.0,
      0.0
    ],
    [
      -1.4056280851364136,
      2.434619188308716,
      0.0
    ],
    [
      0.0,
      0.0,
      21.932231903076172
    ]
  ],
  "properties": {
    "deltaG_H": -0.002309590180714925,
    "thermo_stability": 0.08935042520364123,
    "synth_score": 0.5445567028723093
  }
}