{
  "id": "JVASP-6241",
  "atomic_numbers": [
    19,
    19,
    25,
    25,
    15,
    15
  ],
  "frac_coords": [
    [
      0.3812730014324188,
      0.8812729716300964,
      0.2733669579029083
    ],
    [
      0.8812729716300964,
      0.3812730014324188,
      0.07043005526065826
    ],
    [
      0.8812729716300964,
      0.8812729716300964,
      0.1718980073928833
    ],
    [
      0.3812730014324188,
      0.3812730014324188,
      0.1718980073928833
    ],
    [
      0.8812729716300964,
      0.3812730014324188,
      0.21463097631931305
    ],
    [
      0.3812730014324188,
      0.8812729716300964,
      0.12916502356529236
    ]
  ],
  "lattice": [
    [
      3.7704520225524902,
      0.0,
      0.0
    ],
    [
      0.0,
      3.7704520225524902,
      0.0
    ],
    [
      0.0,
      0.0,
      30.478349685668945
    ]
  ],
  "properties": {
    "deltaG_H": 0.005768769919872284,
    "thermo_stability": -1.707281598945459,
    "synth_score": 0.03184341584526349
  }
}