{
  "id": "JVASP-6907",
  "atomic_numbers": [
    83,
    83,
    16,
    16,
    53,
    53
  ],
  "frac_coords": [
    [
      0.75,
      0.367313027381897,
      0.18231549859046936
    ],
    [
      0.25,
      0.632686972618103,
      0.1253334879875183
    ],
    [
      0.75,
      0.46698108315467834,
      0.10127155482769012
    ],
    [
      0.25,
      0.5330188870429993,
      0.20637644827365875
    ],
    [
      0.25,
      0.16772553324699402,
      0.15082359313964844
    ],
    [
      0.75,
      0.8322744965553284,
      0.15682540833950043
    ]
  ],
  "lattice": [
    [
      4.26117467880249,
      0.0,
      0.0
    ],
    [
      0.0,
      10.616340637207031,
      0.0
    ],
    [
      0.0,
      0.0,
      28.88705062866211
    ]
  ],
  "properties": {
    "deltaG_H": 0.01994670514265696,
    "thermo_stability": 0.020581094423929747,
    "synth_score": 0.5102890944964732
  }
}