{
  "id": "JVASP-6115",
  "atomic_numbers": [
    13,
    13,
    53,
    53,
    53,
    53,
    53,
    53
  ],
  "frac_coords": [
    [
      0.8017651438713074,
      0.5073567628860474,
      0.20332071185112
    ],
    [
      0.19823484122753143,
      0.49264323711395264,
      0.2438952773809433
    ],
    [
      0.6588321924209595,
      0.26569274067878723,
      0.13237562775611877
    ],
    [
      0.0034081849735230207,
      0.25749829411506653,
      0.2723308503627777
    ],
    [
      0.6724223494529724,
      0.7594305276870728,
      0.24622023105621338
    ],
    [
      0.3275776505470276,
      0.24056948721408844,
      0.20099575817584991
    ],
    [
      -0.0034081849735230207,
      0.7425016760826111,
      0.17488515377044678
    ],
    [
      0.3411678373813629,
      0.7343072295188904,
      0.3148403763771057
    ]
  ],
  "lattice": [
    [
      9.109445571899414,
      0.07078497111797333,
      -3.2350759506225586
    ],
    [
      0.046100690960884094,
      5.771480083465576,
      0.0
    ],
    [
      0.0,
      0.0,
      28.944381713867188
    ]
  ],
  "properties": {
    "deltaG_H": 0.023678600192070007,
    "thermo_stability": -1.384324423472087,
    "synth_score": 0.05904203351247673
  }
}