{
  "id": "JVASP-20022",
  "atomic_numbers": [
    37,
    37,
    53,
    53,
    53,
    53,
    53,
    53
  ],
  "frac_coords": [
    [
      0.8330998420715332,
      0.4921224117279053,
      0.06477800011634827
    ],
    [
      0.3330998420715332,
      0.007877582684159279,
      0.06477800011634827
    ],
    [
      0.37159356474876404,
      0.5163399577140808,
      0.06477800011634827
    ],
    [
      0.8715935945510864,
      0.9836600422859192,
      0.06477800011634827
    ],
    [
      0.5667006969451904,
      0.7338107824325562,
      0.06477800011634827
    ],
    [
      0.06670068204402924,
      0.7661892175674438,
      0.06477800011634827
    ],
    [
      0.661220908164978,
      0.19684334099292755,
      0.06477800011634827
    ],
    [
      0.16122089326381683,
      0.30315664410591125,
      0.06477800011634827
    ]
  ],
  "lattice": [
    [
      8.934345245361328,
      0.0,
      0.0
    ],
    [
      0.0,
      10.975035667419434,
      0.0
    ],
    [
      0.0,
      0.0,
      26.994640350341797
    ]
  ],
  "properties": {
    "deltaG_H": 0.0366106128692627,
    "thermo_stability": 0.45207020938396447,
    "synth_score": 0.7117996162342601
  }
}