{
  "id": "JVASP-75400",
  "atomic_numbers": [
    56,
    23,
    23,
    23,
    23,
    8,
    8,
    8,
    8,
    8,
    8,
    8,
    8
  ],
  "frac_coords": [
    [
      0.0,
      0.0,
      0.5
    ],
    [
      0.33333298563957214,
      0.6666669845581055,
      0.5747478604316711
    ],
    [
      0.6666669845581055,
      0.33333298563957214,
      0.5747478604316711
    ],
    [
      0.33333298563957214,
      0.6666669845581055,
      0.42525210976600647
    ],
    [
      0.6666669845581055,
      0.33333298563957214,
      0.42525210976600647
    ],
    [
      -6.124822871100832e-12,
      0.35528117418289185,
      0.5904558897018433
    ],
    [
      0.35528117418289185,
      9.791699569217105e-12,
      0.5904558897018433
    ],
    [
      0.6447188258171082,
      0.6447188258171082,
      0.5904558897018433
    ],
    [
      6.124767359949601e-12,
      0.6447188258171082,
      0.40954411029815674
    ],
    [
      0.35528117418289185,
      0.35528117418289185,
      0.40954411029815674
    ],
    [
      0.6447188258171082,
      -9.791699569217105e-12,
      0.40954411029815674
    ],
    [
      0.33333298563957214,
      0.6666669845581055,
      0.5
    ],
    [
      0.6666669845581055,
      0.33333298563957214,
      0.5
    ]
  ],
  "lattice": [
    [
      5.547614097595215,
      2.102180474139459e-08,
      0.0
    ],
    [
      -2.773808002471924,
      4.804376125335693,
      0.0
    ],
    [
      0.0,
      0.0,
      24.5329532623291
    ]
  ],
  "properties": {
    "deltaG_H": -0.004662362795609696,
    "thermo_stability": -1.3516305804252626,
    "synth_score": 0.06278119645406033
  }
}