{
  "id": "JVASP-6853",
  "atomic_numbers": [
    31,
    31,
    34,
    34
  ],
  "frac_coords": [
    [
      0.6666669845581055,
      0.33333298563957214,
      0.28700369596481323
    ],
    [
      0.6666669845581055,
      0.33333298563957214,
      0.3793434500694275
    ],
    [
      0.0,
      0.0,
      0.2427646666765213
    ],
    [
      0.0,
      0.0,
      0.4235561788082123
    ]
  ],
  "lattice": [
    [
      3.7968661785125732,
      0.0,
      0.0
    ],
    [
      -1.8984330892562866,
      3.288182497024536,
      0.0
    ],
    [
      0.0,
      0.0,
      26.58056640625
    ]
  ],
  "properties": {
    "deltaG_H": 0.01297302931547165,
    "thermo_stability": -1.4076365699370705,
    "synth_score": 0.056504402676787205
  }
}