{
  "id": "JVASP-28000",
  "atomic_numbers": [
    62,
    62,
    16,
    16,
    53,
    53
  ],
  "frac_coords": [
    [
      0.33333298563957214,
      0.6666669845581055,
      0.4345489740371704
    ],
    [
      0.0,
      0.0,
      0.5654510259628296
    ],
    [
      0.0,
      0.0,
      0.4625215530395508
    ],
    [
      0.33333298563957214,
      0.6666669845581055,
      0.537477433681488
    ],
    [
      0.6666669845581055,
      0.33333298563957214,
      0.36183246970176697
    ],
    [
      0.6666669845581055,
      0.33333298563957214,
      0.6381675004959106
    ]
  ],
  "lattice": [
    [
      4.559106349945068,
      -0.0,
      0.0
    ],
    [
      -2.279553174972534,
      3.9483017921447754,
      0.0
    ],
    [
      0.0,
      0.0,
      27.566553115844727
    ]
  ],
  "properties": {
    "deltaG_H": 0.015996418992678327,
    "thermo_stability": -2.0,
    "synth_score": 0.01798620996209156
  }
}