{
  "id": "JVASP-31366",
  "atomic_numbers": [
    51,
    51,
    52,
    52,
    34
  ],
  "frac_coords": [
    [
      0.0,
      0.0,
      0.10833482444286346
    ],
    [
      0.6666669845581055,
      0.33333298563957214,
      0.22499817609786987
    ],
    [
      0.6666669845581055,
      0.33333298563957214,
      0.05212598666548729
    ],
    [
      0.0,
      0.0,
      0.28120702505111694
    ],
    [
      0.33333298563957214,
      0.6666669845581055,
      0.16666699945926666
    ]
  ],
  "lattice": [
    [
      4.226298809051514,
      0.0,
      0.0
    ],
    [
      -2.113149404525757,
      3.6600818634033203,
      0.0
    ],
    [
      0.0,
      0.0,
      31.198387145996094
    ]
  ],
  "properties": {
    "deltaG_H": 0.021315153408050534,
    "thermo_stability": -2.0,
    "synth_score": 0.01798620996209156
  }
}