{
  "id": "JVASP-76634",
  "atomic_numbers": [
    39,
    39,
    35,
    35,
    8,
    8
  ],
  "frac_coords": [
    [
      0.0,
      0.5,
      0.15456309914588928
    ],
    [
      0.5,
      0.0,
      0.06547390669584274
    ],
    [
      0.5,
      0.0,
      0.2191392481327057
    ],
    [
      0.0,
      0.5,
      0.0008967492030933499
    ],
    [
      0.0,
      0.0,
      0.11001800000667572
    ],
    [
      0.5,
      0.5,
      0.11001800000667572
    ]
  ],
  "lattice": [
    [
      3.833526611328125,
      -0.0,
      0.0
    ],
    [
      -0.0,
      3.833526611328125,
      0.0
    ],
    [
      0.0,
      0.0,
      25.6422119140625
    ]
  ],
  "properties": {
    "deltaG_H": 0.006927475730578106,
    "thermo_stability": -1.9623749375343325,
    "synth_score": 0.019364679697903214
  }
}