{
  "id": "JVASP-76353",
  "atomic_numbers": [
    83,
    83,
    83,
    83,
    33,
    33,
    33,
    33,
    8,
    8,
    8,
    8,
    8,
    8,
    8,
    8,
    8,
    8,
    8,
    8,
    8,
    8,
    8,
    8
  ],
  "frac_coords": [
    [
      0.33607232570648193,
      0.9218313694000244,
      0.9743047952651978
    ],
    [
      0.6639276742935181,
      0.0781686007976532,
      0.8568122386932373
    ],
    [
      0.8360723257064819,
      0.5781686305999756,
      0.8568122386932373
    ],
    [
      0.16392767429351807,
      0.4218313992023468,
      0.9743047952651978
    ],
    [
      0.321356862783432,
      0.7152929306030273,
      0.8658748269081116
    ],
    [
      0.6786431074142456,
      0.28470703959465027,
      0.9652421474456787
    ],
    [
      0.8213568925857544,
      0.7847070693969727,
      0.9652421474456787
    ],
    [
      0.1786431223154068,
      0.21529296040534973,
      0.8658748269081116
    ],
    [
      0.20749332010746002,
      0.16498510539531708,
      0.9364376664161682
    ],
    [
      0.014391417615115643,
      0.8660720586776733,
      0.9970640540122986
    ],
    [
      0.8741117715835571,
      0.5872992873191833,
      0.9490095376968384
    ],
    [
      0.7925066947937012,
      0.8350148797035217,
      0.8946793079376221
    ],
    [
      0.8857948184013367,
      0.2895224690437317,
      0.002821237314492464
    ],
    [
      0.4856085777282715,
      0.36607202887535095,
      0.9970640540122986
    ],
    [
      0.7074933052062988,
      0.33501487970352173,
      0.8946793079376221
    ],
    [
      0.3857947885990143,
      0.2104775309562683,
      0.8282967805862427
    ],
    [
      0.5143914222717285,
      0.6339279413223267,
      0.8340529203414917
    ],
    [
      0.2925066649913788,
      0.6649851202964783,
      0.9364376664161682
    ],
    [
      0.12588824331760406,
      0.41270071268081665,
      0.8821074962615967
    ],
    [
      0.6142051815986633,
      0.7895224690437317,
      0.002821237314492464
    ],
    [
      0.6258882284164429,
      0.08729929476976395,
      0.9490095376968384
    ],
    [
      0.37411174178123474,
      0.9127007126808167,
      0.8821074962615967
    ],
    [
      0.11420520395040512,
      0.7104775309562683,
      0.8282967805862427
    ],
    [
      0.9856085777282715,
      0.13392795622348785,
      0.8340529203414917
    ]
  ],
  "lattice": [
    [
      6.900549411773682,
      0.0,
      0.0
    ],
    [
      0.0,
      8.606292724609375,
      0.08968000113964081
    ],
    [
      0.0,
      0.0,
      24.063074111938477
    ]
  ],
  "properties": {
    "deltaG_H": -0.020381709893544514,
    "thermo_stability": -2.0,
    "synth_score": 0.01798620996209156
  }
}