{
  "id": "JVASP-60499",
  "atomic_numbers": [
    58,
    14,
    14,
    79,
    79,
    79,
    79
  ],
  "frac_coords": [
    [
      0.0,
      0.5,
      0.09695576876401901
    ],
    [
      0.5,
      0.0,
      0.047081358730793
    ],
    [
      0.5,
      0.0,
      0.14684079587459564
    ],
    [
      0.0,
      0.0,
      0.02275547944009304
    ],
    [
      0.0,
      0.0,
      0.17114770412445068
    ],
    [
      0.5,
      0.5,
      0.022761249914765358
    ],
    [
      0.5,
      0.5,
      0.17115364968776703
    ]
  ],
  "lattice": [
    [
      4.84234619140625,
      0.0,
      0.0
    ],
    [
      0.0,
      4.84218692779541,
      0.0
    ],
    [
      0.0,
      0.0,
      24.847660064697266
    ]
  ],
  "properties": {
    "deltaG_H": 0.0058935230544635234,
    "thermo_stability": -0.7855478346347808,
    "synth_score": 0.17206025150917356
  }
}