{
  "id": "JVASP-27885",
  "atomic_numbers": [
    32,
    32,
    16,
    16
  ],
  "frac_coords": [
    [
      0.0,
      0.3692299723625183,
      0.5575317144393921
    ],
    [
      0.5,
      0.8692299723625183,
      0.4424682557582855
    ],
    [
      0.0,
      0.4975910186767578,
      0.4533975124359131
    ],
    [
      0.5,
      0.9975910186767578,
      0.5466024875640869
    ]
  ],
  "lattice": [
    [
      3.6717066764831543,
      0.0,
      0.0
    ],
    [
      0.0,
      4.416197776794434,
      0.0
    ],
    [
      0.0,
      0.0,
      22.67719841003418
    ]
  ],
  "properties": {
    "deltaG_H": 0.013769869208335877,
    "thermo_stability": -0.26331995129585284,
    "synth_score": 0.37130091778199315
  }
}