{
  "id": "JVASP-14455",
  "atomic_numbers": [
    81,
    16,
    16
  ],
  "frac_coords": [
    [
      0.0,
      0.0,
      0.422789990901947
    ],
    [
      0.3333170711994171,
      0.6666828989982605,
      0.36115768551826477
    ],
    [
      0.6666828989982605,
      0.3333170711994171,
      0.48442330956459045
    ]
  ],
  "lattice": [
    [
      3.765373468399048,
      2.5936291422112845e-05,
      0.0
    ],
    [
      -1.8826642036437988,
      3.2609219551086426,
      0.0
    ],
    [
      0.0,
      0.0,
      25.903499603271484
    ]
  ],
  "properties": {
    "deltaG_H": 0.018143181006113687,
    "thermo_stability": -0.49520387450853987,
    "synth_score": 0.27083154710869933
  }
}