{
  "id": "JVASP-78011",
  "atomic_numbers": [
    40,
    40,
    14,
    14,
    34,
    34
  ],
  "frac_coords": [
    [
      0.5,
      0.0,
      0.5805286169052124
    ],
    [
      0.0,
      0.5,
      0.4194713830947876
    ],
    [
      0.0,
      0.0,
      0.5
    ],
    [
      0.5,
      0.5,
      0.5
    ],
    [
      0.0,
      0.5,
      0.6232980489730835
    ],
    [
      0.5,
      0.0,
      0.3767019510269165
    ]
  ],
  "lattice": [
    [
      3.562631845474243,
      0.0,
      0.0
    ],
    [
      0.0,
      3.562631845474243,
      0.0
    ],
    [
      0.0,
      0.0,
      27.12030029296875
    ]
  ],
  "properties": {
    "deltaG_H": 0.008784635861714681,
    "thermo_stability": -2.0,
    "synth_score": 0.01798620996209156
  }
}