{
  "id": "JVASP-6040",
  "atomic_numbers": [
    12,
    35,
    35
  ],
  "frac_coords": [
    [
      0.42642998695373535,
      0.0442189984023571,
      0.12998799979686737
    ],
    [
      0.7597630023956299,
      0.7108860015869141,
      0.18568310141563416
    ],
    [
      0.09309700131416321,
      0.37755200266838074,
      0.0742918998003006
    ]
  ],
  "lattice": [
    [
      3.8393616676330566,
      0.0,
      0.0
    ],
    [
      -1.9196808338165283,
      3.3249847888946533,
      0.0
    ],
    [
      0.0,
      0.0,
      27.026121139526367
    ]
  ],
  "properties": {
    "deltaG_H": 0.02802708993355433,
    "thermo_stability": -0.2972604006528856,
    "synth_score": 0.35559824618012226
  }
}