{
  "id": "JVASP-76528",
  "atomic_numbers": [
    59,
    59,
    59,
    59,
    59,
    59,
    76,
    76,
    53,
    53,
    53,
    53,
    53,
    53
  ],
  "frac_coords": [
    [
      0.75,
      0.8835221529006958,
      0.022663692012429237
    ],
    [
      0.25,
      0.09910241514444351,
      0.11529757082462311
    ],
    [
      0.25,
      0.6868379712104797,
      0.11350208520889282
    ],
    [
      0.75,
      0.9008975625038147,
      0.21192343533039093
    ],
    [
      0.75,
      0.31316202878952026,
      0.21371892094612122
    ],
    [
      0.25,
      0.1164778545498848,
      0.30455729365348816
    ],
    [
      0.75,
      0.8892655968666077,
      0.11272187530994415
    ],
    [
      0.25,
      0.11073440313339233,
      0.2144981324672699
    ],
    [
      0.75,
      0.3950624465942383,
      0.10561460256576538
    ],
    [
      0.25,
      0.6049375534057617,
      0.22160638868808746
    ],
    [
      0.25,
      0.6274905204772949,
      0.0026059343945235014
    ],
    [
      0.25,
      0.1307048350572586,
      0.000513397273607552
    ],
    [
      0.75,
      0.8692951798439026,
      0.3267076015472412
    ],
    [
      0.75,
      0.37250950932502747,
      0.3246150612831116
    ]
  ],
  "lattice": [
    [
      -4.345198631286621,
      0.0,
      0.0
    ],
    [
      0.0,
      -9.206474304199219,
      -0.5075550079345703
    ],
    [
      0.0,
      0.0,
      29.727439880371094
    ]
  ],
  "properties": {
    "deltaG_H": 0.012686538440840585,
    "thermo_stability": -2.0,
    "synth_score": 0.01798620996209156
  }
}