{
  "id": "JVASP-76608",
  "atomic_numbers": [
    39,
    39,
    53,
    53,
    8,
    8
  ],
  "frac_coords": [
    [
      0.0,
      0.5,
      0.158315971493721
    ],
    [
      0.5,
      0.0,
      0.07404103130102158
    ],
    [
      0.5,
      0.0,
      0.23124195635318756
    ],
    [
      0.0,
      0.5,
      0.0011160415597259998
    ],
    [
      0.0,
      0.0,
      0.11617899686098099
    ],
    [
      0.5,
      0.5,
      0.11617899686098099
    ]
  ],
  "lattice": [
    [
      3.9330766201019287,
      -0.0,
      0.0
    ],
    [
      -0.0,
      3.9330766201019287,
      0.0
    ],
    [
      0.0,
      0.0,
      26.053808212280273
    ]
  ],
  "properties": {
    "deltaG_H": 0.00710857520500819,
    "thermo_stability": -2.0,
    "synth_score": 0.01798620996209156
  }
}