{
  "id": "JVASP-19516",
  "atomic_numbers": [
    62,
    62,
    16,
    16
  ],
  "frac_coords": [
    [
      0.5,
      0.5,
      0.1633830964565277
    ],
    [
      0.0,
      0.0,
      0.25756391882896423
    ],
    [
      0.0,
      0.0,
      0.1457201987504959
    ],
    [
      0.5,
      0.5,
      0.27522680163383484
    ]
  ],
  "lattice": [
    [
      3.91308856010437,
      0.0,
      0.0
    ],
    [
      0.0,
      3.91308856010437,
      0.0
    ],
    [
      0.0,
      0.0,
      25.299495697021484
    ]
  ],
  "properties": {
    "deltaG_H": 0.013466329276561738,
    "thermo_stability": -0.48344338138898224,
    "synth_score": 0.27550147113039636
  }
}