{
  "id": "JVASP-6343",
  "atomic_numbers": [
    19,
    19,
    79,
    79,
    34,
    34
  ],
  "frac_coords": [
    [
      0.25,
      0.854428231716156,
      0.12409500032663345
    ],
    [
      0.75,
      0.1455717831850052,
      0.12409500032663345
    ],
    [
      0.0,
      0.5,
      0.12409500032663345
    ],
    [
      0.5,
      0.5,
      0.12409500032663345
    ],
    [
      0.25,
      0.2641875147819519,
      0.12409500032663345
    ],
    [
      0.75,
      0.7358124852180481,
      0.12409500032663345
    ]
  ],
  "lattice": [
    [
      6.435418605804443,
      0.0,
      0.0
    ],
    [
      0.0,
      7.897340297698975,
      0.0
    ],
    [
      0.0,
      0.0,
      26.60245132446289
    ]
  ],
  "properties": {
    "deltaG_H": 0.012553418477376302,
    "thermo_stability": 0.6160107731819153,
    "synth_score": 0.7741721963005433
  }
}