{
  "id": "JVASP-27859",
  "atomic_numbers": [
    90,
    90,
    52,
    52,
    52,
    52,
    52,
    52
  ],
  "frac_coords": [
    [
      0.2860557436943054,
      0.25,
      0.5615565776824951
    ],
    [
      0.7139442563056946,
      0.75,
      0.43844345211982727
    ],
    [
      0.5509792566299438,
      0.75,
      0.6303187012672424
    ],
    [
      0.7644673585891724,
      0.25,
      0.5246210098266602
    ],
    [
      0.23553262650966644,
      0.75,
      0.47537901997566223
    ],
    [
      0.1024579405784607,
      0.75,
      0.6305180788040161
    ],
    [
      0.44902077317237854,
      0.25,
      0.3696812689304352
    ],
    [
      0.8975420594215393,
      0.25,
      0.3694819211959839
    ]
  ],
  "lattice": [
    [
      6.200984477996826,
      0.0,
      -0.8387460112571716
    ],
    [
      0.0,
      4.409422397613525,
      0.0
    ],
    [
      0.0,
      0.0,
      27.321165084838867
    ]
  ],
  "properties": {
    "deltaG_H": 0.013425989151000978,
    "thermo_stability": -2.0,
    "synth_score": 0.01798620996209156
  }
}