{
  "id": "JVASP-60236",
  "atomic_numbers": [
    41,
    41,
    8,
    8,
    8,
    8,
    8
  ],
  "frac_coords": [
    [
      0.14881916344165802,
      0.29764324426651,
      0.11058710515499115
    ],
    [
      0.8512685894966125,
      0.7025257349014282,
      0.06115925312042236
    ],
    [
      0.14627623558044434,
      0.2925604581832886,
      0.1823861449956894
    ],
    [
      0.00014622631715610623,
      0.00029414327582344413,
      0.08570773154497147
    ],
    [
      0.6843773722648621,
      0.368756502866745,
      0.08940279483795166
    ],
    [
      0.31584614515304565,
      0.6316826939582825,
      0.0824938416481018
    ],
    [
      0.8532662391662598,
      0.7065392136573792,
      0.9893551468849182
    ]
  ],
  "lattice": [
    [
      3.860440254211426,
      -4.8754867748357356e-05,
      0.0
    ],
    [
      -1.930261492729187,
      6.189521789550781,
      0.02907400019466877
    ],
    [
      0.0,
      0.0,
      24.1468448638916
    ]
  ],
  "properties": {
    "deltaG_H": -0.0217439033303942,
    "thermo_stability": -2.0,
    "synth_score": 0.01798620996209156
  }
}