{
  "id": "JVASP-76567",
  "atomic_numbers": [
    33,
    33,
    33,
    33,
    16,
    16,
    16,
    16,
    16,
    16
  ],
  "frac_coords": [
    [
      0.7073612213134766,
      0.011064362712204456,
      0.5179435014724731
    ],
    [
      0.6403583884239197,
      0.7325325012207031,
      0.5261630415916443
    ],
    [
      0.48082518577575684,
      0.26230117678642273,
      0.4772610366344452
    ],
    [
      0.08585953712463379,
      0.5067222714424133,
      0.4741036891937256
    ],
    [
      0.35486912727355957,
      0.8687025308609009,
      0.4721054434776306
    ],
    [
      0.38629069924354553,
      0.1415943056344986,
      0.5627109408378601
    ],
    [
      0.7589048743247986,
      0.12427317351102829,
      0.4271264970302582
    ],
    [
      0.7368740439414978,
      0.6366352438926697,
      0.4331044852733612
    ],
    [
      0.2716819941997528,
      0.6018081903457642,
      0.566847562789917
    ],
    [
      0.8449708819389343,
      0.37348127365112305,
      0.5426317453384399
    ]
  ],
  "lattice": [
    [
      0.15040786564350128,
      4.324687957763672,
      -0.235725998878479
    ],
    [
      -11.586841583251953,
      -0.39642396569252014,
      0.0
    ],
    [
      0.0,
      0.0,
      20.47577476501465
    ]
  ],
  "properties": {
    "deltaG_H": 0.008531181979179382,
    "thermo_stability": -0.6792129496733348,
    "synth_score": 0.2044962539904786
  }
}