{
  "id": "JVASP-77612",
  "atomic_numbers": [
    56,
    14,
    14
  ],
  "frac_coords": [
    [
      0.0,
      0.0,
      0.5
    ],
    [
      0.6666669845581055,
      0.33333298563957214,
      0.6189749240875244
    ],
    [
      0.33333298563957214,
      0.6666669845581055,
      0.3810250461101532
    ]
  ],
  "lattice": [
    [
      3.2039148807525635,
      -1.7488380188446229e-10,
      0.0
    ],
    [
      -1.6019585132598877,
      2.7746715545654297,
      0.0
    ],
    [
      0.0,
      0.0,
      24.664268493652344
    ]
  ],
  "properties": {
    "deltaG_H": 0.03461696565151215,
    "thermo_stability": -2.0,
    "synth_score": 0.01798620996209156
  }
}