{
  "id": "JVASP-6136",
  "atomic_numbers": [
    77,
    77,
    77,
    77,
    17,
    17,
    17,
    17,
    17,
    17,
    17,
    17,
    17,
    17,
    17,
    17
  ],
  "frac_coords": [
    [
      0.8903740048408508,
      0.9728860259056091,
      0.14518900215625763
    ],
    [
      0.8903740048408508,
      0.6395689249038696,
      0.14518900215625763
    ],
    [
      0.39037299156188965,
      0.4728860557079315,
      0.14518900215625763
    ],
    [
      0.39037299156188965,
      0.13956895470619202,
      0.14518900215625763
    ],
    [
      0.08046337962150574,
      0.48135682940483093,
      0.19160543382167816
    ],
    [
      0.08046337962150574,
      0.13109716773033142,
      0.19160543382167816
    ],
    [
      0.055109214037656784,
      0.8062270283699036,
      0.1916113793849945
    ],
    [
      0.5804634094238281,
      0.9813568592071533,
      0.19160543382167816
    ],
    [
      0.5804634094238281,
      0.631097137928009,
      0.19160543382167816
    ],
    [
      0.5551102161407471,
      0.30622801184654236,
      0.1916113793849945
    ],
    [
      0.2256377786397934,
      0.30622801184654236,
      0.09876662492752075
    ],
    [
      0.20028361678123474,
      0.9813568592071533,
      0.0987725630402565
    ],
    [
      0.20028361678123474,
      0.631097137928009,
      0.0987725630402565
    ],
    [
      0.7256377935409546,
      0.8062270283699036,
      0.09876662492752075
    ],
    [
      0.7002846002578735,
      0.48135682940483093,
      0.0987725630402565
    ],
    [
      0.7002846002578735,
      0.13109716773033142,
      0.0987725630402565
    ]
  ],
  "lattice": [
    [
      6.086083889007568,
      0.0,
      0.0
    ],
    [
      0.0,
      10.542433738708496,
      0.0
    ],
    [
      -1.9659701585769653,
      0.0,
      28.205516815185547
    ]
  ],
  "properties": {
    "deltaG_H": 0.019355077147483826,
    "thermo_stability": -0.06046232283115405,
    "synth_score": 0.4698056234055992
  }
}