{
  "id": "JVASP-60348",
  "atomic_numbers": [
    92,
    5,
    5,
    8,
    8,
    8,
    8,
    8,
    8
  ],
  "frac_coords": [
    [
      0.6830523014068604,
      0.8454189896583557,
      0.07729099690914154
    ],
    [
      0.07495272159576416,
      0.4482123851776123,
      0.07733280211687088
    ],
    [
      0.4721583425998688,
      0.24262461066246033,
      0.07724819332361221
    ],
    [
      0.667616069316864,
      0.8263645172119141,
      0.00014461026876233518
    ],
    [
      0.6866706013679504,
      0.8644734621047974,
      0.154436394572258
    ],
    [
      0.06527554243803024,
      0.645207941532135,
      0.0773998498916626
    ],
    [
      0.26548460125923157,
      0.045629072934389114,
      0.0771811455488205
    ],
    [
      0.810175359249115,
      0.26117295026779175,
      0.0772363692522049
    ],
    [
      0.39442142844200134,
      0.42966505885124207,
      0.0773446336388588
    ]
  ],
  "lattice": [
    [
      -4.230185031890869,
      0.0,
      0.0
    ],
    [
      2.1150925159454346,
      -6.311061859130859,
      -0.4115540087223053
    ],
    [
      0.0,
      0.0,
      23.317237854003906
    ]
  ],
  "properties": {
    "deltaG_H": -0.011542337536811829,
    "thermo_stability": -1.2656195034583413,
    "synth_score": 0.07369702015382203
  }
}