{
  "id": "JVASP-19551",
  "atomic_numbers": [
    66,
    66,
    17,
    17,
    17,
    17,
    17,
    17
  ],
  "frac_coords": [
    [
      0.0,
      0.75,
      0.12011592835187912
    ],
    [
      0.5,
      0.25,
      0.12979507446289062
    ],
    [
      0.5,
      0.75,
      0.04874241352081299
    ],
    [
      0.0,
      0.4323563277721405,
      0.07817940413951874
    ],
    [
      0.0,
      0.0676436722278595,
      0.07817940413951874
    ],
    [
      0.5,
      0.5676437020301819,
      0.1717315912246704
    ],
    [
      0.5,
      0.9323562979698181,
      0.1717315912246704
    ],
    [
      0.0,
      0.25,
      0.20116858184337616
    ]
  ],
  "lattice": [
    [
      3.7710487842559814,
      0.0,
      0.0
    ],
    [
      0.0,
      8.484827995300293,
      0.0
    ],
    [
      0.0,
      0.0,
      25.99074363708496
    ]
  ],
  "properties": {
    "deltaG_H": 0.02360294967889786,
    "thermo_stability": -0.94857068558534,
    "synth_score": 0.13043235696229452
  }
}