{
  "id": "JVASP-28065",
  "atomic_numbers": [
    47,
    83,
    15,
    15,
    34,
    34,
    34,
    34,
    34,
    34
  ],
  "frac_coords": [
    [
      0.33333298563957214,
      0.6666669845581055,
      0.48306572437286377
    ],
    [
      0.0,
      0.0,
      0.5081201195716858
    ],
    [
      0.6666669845581055,
      0.33333298563957214,
      0.45297518372535706
    ],
    [
      0.6666669845581055,
      0.33333298563957214,
      0.5506591796875
    ],
    [
      0.3418113589286804,
      0.31190285086631775,
      0.42318975925445557
    ],
    [
      0.6880971789360046,
      0.029907533898949623,
      0.42318975925445557
    ],
    [
      0.9700924754142761,
      0.6581886410713196,
      0.42318975925445557
    ],
    [
      0.00374044431373477,
      0.37750428915023804,
      0.5763915181159973
    ],
    [
      0.622495710849762,
      0.626237154006958,
      0.5763915181159973
    ],
    [
      0.373762845993042,
      -0.00374044431373477,
      0.5763915181159973
    ]
  ],
  "lattice": [
    [
      6.702540874481201,
      -1.1897450349351857e-06,
      0.0
    ],
    [
      -3.3512699604034424,
      5.80457067489624,
      0.0
    ],
    [
      0.0,
      0.0,
      23.597957611083984
    ]
  ],
  "properties": {
    "deltaG_H": 0.005770388460159303,
    "thermo_stability": -1.0045979837576549,
    "synth_score": 0.11824078042686874
  }
}