{
  "id": "JVASP-6748",
  "atomic_numbers": [
    56,
    56,
    35,
    35,
    17,
    17
  ],
  "frac_coords": [
    [
      0.75,
      0.25486069917678833,
      0.19467633962631226
    ],
    [
      0.25,
      0.7451393008232117,
      0.1979706585407257
    ],
    [
      0.75,
      0.9149585366249084,
      0.13574454188346863
    ],
    [
      0.25,
      0.08504144847393036,
      0.25690144300460815
    ],
    [
      0.25,
      0.41791823506355286,
      0.14346148073673248
    ],
    [
      0.75,
      0.5820817351341248,
      0.24918553233146667
    ]
  ],
  "lattice": [
    [
      4.833762168884277,
      0.0,
      0.0
    ],
    [
      0.0,
      8.369110107421875,
      0.0
    ],
    [
      0.0,
      0.0,
      26.34380531311035
    ]
  ],
  "properties": {
    "deltaG_H": 0.035965158740679425,
    "thermo_stability": -0.43015052080154415,
    "synth_score": 0.2972764532742721
  }
}