{
  "id": "JVASP-60253",
  "atomic_numbers": [
    92,
    92,
    52,
    52,
    52,
    52,
    52,
    52
  ],
  "frac_coords": [
    [
      5.000848659619805e-07,
      -0.000940684461966157,
      0.22539791464805603
    ],
    [
      0.5000013113021851,
      0.4991689622402191,
      0.08066365122795105
    ],
    [
      0.4999980330467224,
      0.4996497333049774,
      0.19295534491539001
    ],
    [
      5.444454700409551e-07,
      0.5001077651977539,
      0.3065737187862396
    ],
    [
      0.4999907612800598,
      0.0009395641973242164,
      0.3059591054916382
    ],
    [
      5.131006219016854e-06,
      -0.0002499657275620848,
      0.11310766637325287
    ],
    [
      0.5000050663948059,
      0.00024188923998735845,
      0.9994906783103943
    ],
    [
      -1.32785953610437e-06,
      0.501082718372345,
      0.00010487868712516502
    ]
  ],
  "lattice": [
    [
      4.476480007171631,
      -5.42826164746657e-05,
      0.0
    ],
    [
      -7.216022640932351e-05,
      4.363590717315674,
      0.0
    ],
    [
      0.0,
      0.0,
      28.821096420288086
    ]
  ],
  "properties": {
    "deltaG_H": 0.0049764120578765884,
    "thermo_stability": -2.0,
    "synth_score": 0.01798620996209156
  }
}