{
  "id": "JVASP-76414",
  "atomic_numbers": [
    27,
    8,
    8
  ],
  "frac_coords": [
    [
      0.0,
      0.0,
      0.04311000183224678
    ],
    [
      0.6666659712791443,
      0.3333339989185333,
      0.08581854403018951
    ],
    [
      0.3333339989185333,
      0.6666659712791443,
      0.00040145820821635425
    ]
  ],
  "lattice": [
    [
      1.4085115194320679,
      -2.4396135807037354,
      0.0
    ],
    [
      1.4085115194320679,
      2.4396135807037354,
      0.0
    ],
    [
      0.0,
      0.0,
      21.88710594177246
    ]
  ],
  "properties": {
    "deltaG_H": -0.002523650576670964,
    "thermo_stability": 0.1356427450974782,
    "synth_score": 0.5674084636746718
  }
}