{
  "id": "JVASP-13600",
  "atomic_numbers": [
    40,
    26,
    17,
    17,
    17,
    17,
    17,
    17
  ],
  "frac_coords": [
    [
      0.6666669845581055,
      0.33333298563957214,
      0.13160599768161774
    ],
    [
      0.0,
      0.0,
      0.13160599768161774
    ],
    [
      0.3309468924999237,
      0.3147140443325043,
      0.0753699541091919
    ],
    [
      0.6852859854698181,
      0.01623285561800003,
      0.0753699541091919
    ],
    [
      0.9837671518325806,
      0.6690530776977539,
      0.0753699541091919
    ],
    [
      0.6852859854698181,
      0.6690530776977539,
      0.18784305453300476
    ],
    [
      0.9837671518325806,
      0.3147140443325043,
      0.18784305453300476
    ],
    [
      0.3309468924999237,
      0.01623285561800003,
      0.18784305453300476
    ]
  ],
  "lattice": [
    [
      6.239776611328125,
      0.0,
      0.0
    ],
    [
      -3.1198883056640625,
      5.403804779052734,
      0.0
    ],
    [
      0.0,
      0.0,
      25.339216232299805
    ]
  ],
  "properties": {
    "deltaG_H": 0.020880778431892396,
    "thermo_stability": -0.41238898237546295,
    "synth_score": 0.3047503729047926
  }
}