{
  "id": "JVASP-75391",
  "atomic_numbers": [
    29,
    29,
    83,
    83,
    8,
    8,
    8,
    8
  ],
  "frac_coords": [
    [
      0.75,
      0.013256154954433441,
      0.5443522930145264
    ],
    [
      0.25,
      0.8982348442077637,
      0.45564770698547363
    ],
    [
      0.75,
      0.3899027407169342,
      0.43288663029670715
    ],
    [
      0.25,
      0.5215882658958435,
      0.5671133399009705
    ],
    [
      0.75,
      0.7423959374427795,
      0.5764980912208557
    ],
    [
      0.25,
      0.6096493005752563,
      0.4769735038280487
    ],
    [
      0.75,
      0.301841676235199,
      0.5230255126953125
    ],
    [
      0.25,
      0.16909505426883698,
      0.4235019087791443
    ]
  ],
  "lattice": [
    [
      3.5494866371154785,
      0.0,
      0.0
    ],
    [
      0.0,
      6.1839704513549805,
      0.036573998630046844
    ],
    [
      0.0,
      0.14203858375549316,
      23.49368667602539
    ]
  ],
  "properties": {
    "deltaG_H": -0.00347676706314087,
    "thermo_stability": -0.9449201246102652,
    "synth_score": 0.13126268519297998
  }
}