{
  "id": "JVASP-60500",
  "atomic_numbers": [
    91,
    91,
    91,
    91,
    91,
    91,
    17,
    17,
    17,
    17,
    17,
    17,
    17,
    17,
    17,
    17,
    17,
    17,
    8,
    8,
    8,
    8,
    8,
    8
  ],
  "frac_coords": [
    [
      0.0,
      0.8318023681640625,
      0.17856822907924652
    ],
    [
      0.5,
      0.9757995009422302,
      0.10528025031089783
    ],
    [
      0.5,
      0.752342700958252,
      0.07072897255420685
    ],
    [
      0.5,
      0.25234368443489075,
      0.18278002738952637
    ],
    [
      0.0,
      0.3318023681640625,
      0.07494176924228668
    ],
    [
      0.5,
      0.4757995009422302,
      0.1482287496328354
    ],
    [
      0.0,
      0.5530086159706116,
      0.2029048353433609
    ],
    [
      0.5,
      0.41106662154197693,
      0.017628228291869164
    ],
    [
      0.5,
      0.2250647097826004,
      0.04349621757864952
    ],
    [
      0.5,
      0.38887515664100647,
      0.23411905765533447
    ],
    [
      0.0,
      0.22233735024929047,
      0.2549605071544647
    ],
    [
      0.0,
      0.7223373651504517,
      0.9985495209693909
    ],
    [
      0.5,
      0.5977491736412048,
      0.08380097150802612
    ],
    [
      0.5,
      0.9110666513442993,
      0.2358807772397995
    ],
    [
      0.5,
      0.7250646948814392,
      0.2100127786397934
    ],
    [
      0.5,
      0.09774918109178543,
      0.16970902681350708
    ],
    [
      0.5,
      0.8888751268386841,
      0.019390946254134178
    ],
    [
      0.0,
      0.05300862342119217,
      0.050605159252882004
    ],
    [
      0.0,
      0.9485546946525574,
      0.14048519730567932
    ],
    [
      0.5,
      0.8486241102218628,
      0.12904147803783417
    ],
    [
      0.0,
      0.7510039210319519,
      0.11095134168863297
    ],
    [
      0.0,
      0.2510039508342743,
      0.14255765080451965
    ],
    [
      0.5,
      0.3486241102218628,
      0.12446751445531845
    ],
    [
      0.0,
      0.44855472445487976,
      0.11302381008863449
    ]
  ],
  "lattice": [
    [
      3.8893492221832275,
      0.0,
      0.0
    ],
    [
      0.0,
      17.699735641479492,
      0.0
    ],
    [
      0.0,
      0.0,
      26.792036056518555
    ]
  ],
  "properties": {
    "deltaG_H": -0.0053287029266357415,
    "thermo_stability": -2.0,
    "synth_score": 0.01798620996209156
  }
}