{
  "id": "JVASP-76619",
  "atomic_numbers": [
    59,
    59,
    35,
    35,
    8,
    8
  ],
  "frac_coords": [
    [
      0.0,
      0.0,
      0.07317560911178589
    ],
    [
      0.3333339989185333,
      0.6666659712791443,
      0.18511338531970978
    ],
    [
      0.6666659712791443,
      0.3333339989185333,
      0.2582232654094696
    ],
    [
      0.6666659712791443,
      0.3333339989185333,
      6.472156383097172e-05
    ],
    [
      0.0,
      0.0,
      0.16219006478786469
    ],
    [
      0.3333339989185333,
      0.6666659712791443,
      0.096096932888031
    ]
  ],
  "lattice": [
    [
      2.0227386951446533,
      -3.503485918045044,
      0.0
    ],
    [
      2.0227386951446533,
      3.503485918045044,
      0.0
    ],
    [
      0.0,
      0.0,
      26.96464729309082
    ]
  ],
  "properties": {
    "deltaG_H": 0.009508361617724103,
    "thermo_stability": -2.0,
    "synth_score": 0.01798620996209156
  }
}