{
  "id": "JVASP-78027",
  "atomic_numbers": [
    56,
    56,
    56,
    56,
    49,
    49,
    35,
    35,
    8,
    8,
    8,
    8,
    8,
    8
  ],
  "frac_coords": [
    [
      0.5,
      0.0,
      0.6604903936386108
    ],
    [
      0.0,
      0.5,
      0.33950960636138916
    ],
    [
      0.0,
      0.5,
      0.4566025137901306
    ],
    [
      0.5,
      0.0,
      0.5433974862098694
    ],
    [
      0.5,
      0.0,
      0.4026227593421936
    ],
    [
      0.0,
      0.5,
      0.5973772406578064
    ],
    [
      0.0,
      0.5,
      0.7016505599021912
    ],
    [
      0.5,
      0.0,
      0.29834941029548645
    ],
    [
      0.0,
      0.0,
      0.6083292365074158
    ],
    [
      0.5,
      0.5,
      0.6083292365074158
    ],
    [
      0.0,
      0.0,
      0.39167076349258423
    ],
    [
      0.0,
      0.5,
      0.5340432524681091
    ],
    [
      0.5,
      0.5,
      0.39167076349258423
    ],
    [
      0.5,
      0.0,
      0.46595677733421326
    ]
  ],
  "lattice": [
    [
      4.266788005828857,
      0.0,
      0.0
    ],
    [
      0.0,
      4.266788005828857,
      0.0
    ],
    [
      0.0,
      0.0,
      33.35043716430664
    ]
  ],
  "properties": {
    "deltaG_H": 0.0034640159777232582,
    "thermo_stability": -2.0,
    "synth_score": 0.01798620996209156
  }
}