{
  "id": "JVASP-60521",
  "atomic_numbers": [
    94,
    94,
    53,
    53,
    8,
    8
  ],
  "frac_coords": [
    [
      0.5,
      0.5,
      0.16195952892303467
    ],
    [
      0.0,
      0.0,
      0.07218862324953079
    ],
    [
      0.5,
      0.5,
      0.0006647039554081857
    ],
    [
      0.0,
      0.0,
      0.23348236083984375
    ],
    [
      0.5,
      0.0,
      0.11706388741731644
    ],
    [
      0.0,
      0.5,
      0.11706388741731644
    ]
  ],
  "lattice": [
    [
      3.9941720962524414,
      0.0,
      0.0
    ],
    [
      0.0,
      3.9941720962524414,
      0.0
    ],
    [
      0.0,
      0.0,
      26.115598678588867
    ]
  ],
  "properties": {
    "deltaG_H": 0.008321463267008465,
    "thermo_stability": -2.0,
    "synth_score": 0.01798620996209156
  }
}