{
  "id": "JVASP-6163",
  "atomic_numbers": [
    83,
    52,
    17
  ],
  "frac_coords": [
    [
      0.33333298563957214,
      0.6666669845581055,
      0.06810908019542694
    ],
    [
      0.6666669845581055,
      0.33333298563957214,
      0.13170400261878967
    ],
    [
      0.0,
      0.0,
      0.010288913734257221
    ]
  ],
  "lattice": [
    [
      4.278414726257324,
      -3.299684303570416e-09,
      0.0
    ],
    [
      -2.139206886291504,
      3.7052154541015625,
      0.0
    ],
    [
      0.0,
      0.0,
      28.141645431518555
    ]
  ],
  "properties": {
    "deltaG_H": 0.027396556625763575,
    "thermo_stability": -0.4643261849880218,
    "synth_score": 0.2831981993859496
  }
}