{
  "id": "JVASP-6640",
  "atomic_numbers": [
    12,
    13,
    13,
    16,
    16,
    16
  ],
  "frac_coords": [
    [
      0.6666669845581055,
      0.33333298563957214,
      0.43326225876808167
    ],
    [
      0.0,
      0.0,
      0.31469741463661194
    ],
    [
      0.33333298563957214,
      0.6666669845581055,
      0.5534921884536743
    ],
    [
      0.6666669845581055,
      0.33333298563957214,
      0.2825790047645569
    ],
    [
      0.0,
      0.0,
      0.3873525559902191
    ],
    [
      0.33333298563957214,
      0.6666669845581055,
      0.479727566242218
    ]
  ],
  "lattice": [
    [
      3.713677167892456,
      2.4353780103680833e-10,
      0.0
    ],
    [
      -1.8568390607833862,
      3.216139316558838,
      0.0
    ],
    [
      0.0,
      0.0,
      29.88341522216797
    ]
  ],
  "properties": {
    "deltaG_H": 0.005505412817001343,
    "thermo_stability": -2.0,
    "synth_score": 0.01798620996209156
  }
}