{
  "id": "JVASP-28218",
  "atomic_numbers": [
    25,
    6,
    6,
    8,
    8,
    8,
    8,
    8,
    8
  ],
  "frac_coords": [
    [
      0.33333298563957214,
      0.6666669845581055,
      0.5
    ],
    [
      0.0,
      0.0,
      0.5483617186546326
    ],
    [
      0.6666669845581055,
      0.33333298563957214,
      0.45163828134536743
    ],
    [
      0.7038670778274536,
      0.9641314744949341,
      0.5492470264434814
    ],
    [
      0.4064015746116638,
      0.03720005229115486,
      0.45075300335884094
    ],
    [
      0.6307984590530396,
      0.5935984253883362,
      0.45075300335884094
    ],
    [
      0.03586852550506592,
      0.7397345900535583,
      0.5492470264434814
    ],
    [
      0.26026540994644165,
      0.2961329519748688,
      0.5492470264434814
    ],
    [
      0.9627999663352966,
      0.36920154094696045,
      0.45075300335884094
    ]
  ],
  "lattice": [
    [
      4.610743522644043,
      -7.696301373982806e-09,
      0.0
    ],
    [
      -2.3053722381591797,
      3.993021249771118,
      0.0
    ],
    [
      0.0,
      0.0,
      22.248640060424805
    ]
  ],
  "properties": {
    "deltaG_H": -0.011153396964073182,
    "thermo_stability": -0.5561785221099855,
    "synth_score": 0.24743172384873569
  }
}