{
  "id": "JVASP-28127",
  "atomic_numbers": [
    83,
    83,
    82,
    34,
    34,
    34,
    34
  ],
  "frac_coords": [
    [
      0.0,
      0.0,
      0.37574106454849243
    ],
    [
      0.6666669845581055,
      0.33333298563957214,
      0.6242609024047852
    ],
    [
      0.33333298563957214,
      0.6666669845581055,
      0.5000010132789612
    ],
    [
      0.33333298563957214,
      0.6666669845581055,
      0.3255135715007782
    ],
    [
      0.6666669845581055,
      0.33333298563957214,
      0.4391475319862366
    ],
    [
      0.0,
      0.0,
      0.5608524680137634
    ],
    [
      0.33333298563957214,
      0.6666669845581055,
      0.6744864583015442
    ]
  ],
  "lattice": [
    [
      4.221002578735352,
      -3.273196602648909e-09,
      0.0
    ],
    [
      -2.1105008125305176,
      3.6554954051971436,
      0.0
    ],
    [
      0.0,
      0.0,
      30.63983917236328
    ]
  ],
  "properties": {
    "deltaG_H": 0.01695068098817553,
    "thermo_stability": -2.0,
    "synth_score": 0.01798620996209156
  }
}