{
  "id": "JVASP-13527",
  "atomic_numbers": [
    60,
    60,
    53,
    53,
    8,
    8
  ],
  "frac_coords": [
    [
      0.6786450147628784,
      0.17864499986171722,
      0.20220217108726501
    ],
    [
      0.17864499986171722,
      0.6786450147628784,
      0.12279583513736725
    ],
    [
      0.17864499986171722,
      0.6786450147628784,
      0.2661794424057007
    ],
    [
      0.6786450147628784,
      0.17864499986171722,
      0.058818552643060684
    ],
    [
      0.6786450147628784,
      0.6786450147628784,
      0.16249899566173553
    ],
    [
      0.17864499986171722,
      0.17864499986171722,
      0.16249899566173553
    ]
  ],
  "lattice": [
    [
      4.075657367706299,
      0.0,
      0.0
    ],
    [
      0.0,
      4.075657367706299,
      0.0
    ],
    [
      0.0,
      0.0,
      29.629549026489258
    ]
  ],
  "properties": {
    "deltaG_H": 0.009579542676607768,
    "thermo_stability": -1.7810148914655053,
    "synth_score": 0.02759789828897145
  }
}