{
  "id": "JVASP-60280",
  "atomic_numbers": [
    92,
    92,
    35,
    35,
    35,
    35,
    35,
    35,
    35,
    35
  ],
  "frac_coords": [
    [
      0.8022883534431458,
      0.8022883534431458,
      0.08524926751852036
    ],
    [
      0.19771166145801544,
      0.19771166145801544,
      0.12083972990512848
    ],
    [
      0.17392157018184662,
      0.5555605292320251,
      0.05780516564846039
    ],
    [
      0.9467858076095581,
      0.9467858076095581,
      0.17457419633865356
    ],
    [
      0.0532141849398613,
      0.0532141849398613,
      0.03151480853557587
    ],
    [
      0.6686246395111084,
      0.6686246395111084,
      0.0008661294123157859
    ],
    [
      0.5555605292320251,
      0.17392157018184662,
      0.05780516564846039
    ],
    [
      0.44443950057029724,
      0.8260784149169922,
      0.14828383922576904
    ],
    [
      0.8260784149169922,
      0.44443950057029724,
      0.14828383922576904
    ],
    [
      0.3313753604888916,
      0.3313753604888916,
      0.20522287487983704
    ]
  ],
  "lattice": [
    [
      4.420317649841309,
      5.496492385864258,
      0.3179680109024048
    ],
    [
      -4.420317649841309,
      5.496492385864258,
      0.3179680109024048
    ],
    [
      0.0,
      0.0,
      25.191743850708008
    ]
  ],
  "properties": {
    "deltaG_H": 0.02400330871343613,
    "thermo_stability": -1.9636340856552126,
    "synth_score": 0.019316915873490832
  }
}