{
  "id": "JVASP-6484",
  "atomic_numbers": [
    16,
    16,
    16,
    7,
    7,
    7,
    17,
    17,
    17
  ],
  "frac_coords": [
    [
      0.9530780911445618,
      0.777761697769165,
      0.059339553117752075
    ],
    [
      0.12038090825080872,
      0.178725928068161,
      0.11442200094461441
    ],
    [
      0.9530780911445618,
      0.777761697769165,
      0.16950544714927673
    ],
    [
      0.027987487614154816,
      0.04326249659061432,
      0.06271272897720337
    ],
    [
      0.8814070224761963,
      0.665355920791626,
      0.11442200094461441
    ],
    [
      0.027987487614154816,
      0.04326249659061432,
      0.16613227128982544
    ],
    [
      0.29849252104759216,
      0.651822030544281,
      0.04052296280860901
    ],
    [
      0.5078588128089905,
      0.16712474822998047,
      0.11442200094461441
    ],
    [
      0.29849252104759216,
      0.651822030544281,
      0.1883220374584198
    ]
  ],
  "lattice": [
    [
      5.550364971160889,
      0.022724207490682602,
      0.0
    ],
    [
      -0.8998574614524841,
      5.958664894104004,
      0.0
    ],
    [
      0.0,
      0.0,
      25.815465927124023
    ]
  ],
  "properties": {
    "deltaG_H": -0.0003702193101247156,
    "thermo_stability": -1.2963082338372867,
    "synth_score": 0.06961512629532778
  }
}