{
  "id": "JVASP-27836",
  "atomic_numbers": [
    34,
    34
  ],
  "frac_coords": [
    [
      0.5,
      0.5000199675559998,
      0.5503933429718018
    ],
    [
      0.5,
      0.49998003244400024,
      0.44960665702819824
    ]
  ],
  "lattice": [
    [
      2.982405424118042,
      0.0,
      0.0
    ],
    [
      0.0,
      3.372326612472534,
      0.0
    ],
    [
      0.0,
      0.0,
      22.32111358642578
    ]
  ],
  "properties": {
    "deltaG_H": 0.007977685928344726,
    "thermo_stability": 0.020221902933457825,
    "synth_score": 0.5101095734839751
  }
}