{
  "id": "JVASP-6577",
  "atomic_numbers": [
    31,
    52,
    53,
    53,
    53,
    53,
    53,
    53,
    53
  ],
  "frac_coords": [
    [
      0.30303052067756653,
      0.49471530318260193,
      0.18282431364059448
    ],
    [
      -0.005401831120252609,
      0.9174094200134277,
      0.09058522433042526
    ],
    [
      0.7700449824333191,
      0.6717206835746765,
      0.023778658360242844
    ],
    [
      0.11160317063331604,
      0.13567055761814117,
      0.02330789715051651
    ],
    [
      0.6921749711036682,
      0.16472001373767853,
      0.10113242268562317
    ],
    [
      0.3813415765762329,
      0.6151223182678223,
      0.10453175008296967
    ],
    [
      0.9586625695228577,
      0.6452105045318604,
      0.17957621812820435
    ],
    [
      0.3000098764896393,
      0.11824873089790344,
      0.1832634061574936
    ],
    [
      0.5548351407051086,
      0.5921794772148132,
      0.25701311230659485
    ]
  ],
  "lattice": [
    [
      6.927863121032715,
      0.18967805802822113,
      -1.9654250144958496
    ],
    [
      0.19085292518138885,
      6.910633563995361,
      0.0
    ],
    [
      0.0,
      0.0,
      28.979286193847656
    ]
  ],
  "properties": {
    "deltaG_H": 0.023017239703072442,
    "thermo_stability": -2.0,
    "synth_score": 0.01798620996209156
  }
}