{
  "id": "JVASP-75113",
  "atomic_numbers": [
    83,
    83,
    46,
    46,
    46,
    46,
    8,
    8,
    8,
    8,
    8,
    8,
    8,
    8
  ],
  "frac_coords": [
    [
      0.5,
      0.0,
      0.5922673344612122
    ],
    [
      0.0,
      0.5,
      0.40773266553878784
    ],
    [
      0.75,
      0.75,
      0.5
    ],
    [
      0.75,
      0.25,
      0.5
    ],
    [
      0.25,
      0.75,
      0.5
    ],
    [
      0.25,
      0.25,
      0.5
    ],
    [
      0.22253158688545227,
      0.0,
      0.5434570908546448
    ],
    [
      0.0,
      0.7774683833122253,
      0.4565429091453552
    ],
    [
      0.5,
      0.7225316166877747,
      0.5434570908546448
    ],
    [
      0.7225316166877747,
      0.5,
      0.4565429091453552
    ],
    [
      0.27746841311454773,
      0.5,
      0.4565429091453552
    ],
    [
      0.7774683833122253,
      0.0,
      0.5434570908546448
    ],
    [
      0.0,
      0.22253158688545227,
      0.4565429091453552
    ],
    [
      0.5,
      0.27746841311454773,
      0.5434570908546448
    ]
  ],
  "lattice": [
    [
      6.7077484130859375,
      0.0,
      0.0
    ],
    [
      0.0,
      6.7077484130859375,
      0.0
    ],
    [
      0.0,
      0.0,
      24.475786209106445
    ]
  ],
  "properties": {
    "deltaG_H": -0.0013752301079886318,
    "thermo_stability": -1.555794866879781,
    "synth_score": 0.04263171322956469
  }
}