{
  "id": "JVASP-28130",
  "atomic_numbers": [
    83,
    83,
    52,
    52,
    52,
    52,
    82
  ],
  "frac_coords": [
    [
      0.0,
      0.0,
      0.37172335386276245
    ],
    [
      0.6666669845581055,
      0.33333298563957214,
      0.6282756328582764
    ],
    [
      0.33333298563957214,
      0.6666669845581055,
      0.31764498353004456
    ],
    [
      0.6666669845581055,
      0.33333298563957214,
      0.4371334910392761
    ],
    [
      0.0,
      0.0,
      0.5628654956817627
    ],
    [
      0.33333298563957214,
      0.6666669845581055,
      0.6823549866676331
    ],
    [
      0.33333298563957214,
      0.6666669845581055,
      0.5
    ]
  ],
  "lattice": [
    [
      4.465918064117432,
      1.0000000168623835e-16,
      0.0
    ],
    [
      -2.232959032058716,
      3.867598295211792,
      0.0
    ],
    [
      0.0,
      0.0,
      31.417272567749023
    ]
  ],
  "properties": {
    "deltaG_H": 0.020748172777039664,
    "thermo_stability": -2.0,
    "synth_score": 0.01798620996209156
  }
}