{
  "id": "JVASP-75357",
  "atomic_numbers": [
    28,
    6,
    6,
    16,
    16,
    7,
    7
  ],
  "frac_coords": [
    [
      1.6940658945086007e-21,
      0.0,
      0.5
    ],
    [
      0.26933667063713074,
      0.4613270163536072,
      0.4456537663936615
    ],
    [
      0.7306633591651917,
      0.5386729836463928,
      0.5543462634086609
    ],
    [
      0.575951874256134,
      0.8481037020683289,
      0.5676835775375366
    ],
    [
      0.4240480959415436,
      0.15189629793167114,
      0.4323164224624634
    ],
    [
      0.15961386263370514,
      0.6807886958122253,
      0.45772361755371094
    ],
    [
      0.840386152267456,
      0.31921127438545227,
      0.5422763824462891
    ]
  ],
  "lattice": [
    [
      3.6393089294433594,
      8.317665196955204e-05,
      0.0
    ],
    [
      1.8197709321975708,
      5.203874588012695,
      -3.099999958067201e-05
    ],
    [
      -2.9665927492317223e-09,
      -0.00013196685176808387,
      23.093177795410156
    ]
  ],
  "properties": {
    "deltaG_H": -0.013624695505414694,
    "thermo_stability": -1.1318580627441408,
    "synth_score": 0.09417288883132788
  }
}