{
  "id": "JVASP-28046",
  "atomic_numbers": [
    21,
    21,
    21,
    21,
    53,
    53,
    53,
    53,
    8,
    8,
    8,
    8
  ],
  "frac_coords": [
    [
      0.7501335144042969,
      0.38348957896232605,
      0.46397921442985535
    ],
    [
      0.2498730570077896,
      0.11804405599832535,
      0.5369783639907837
    ],
    [
      0.24986647069454193,
      0.6165104508399963,
      0.536020815372467
    ],
    [
      0.7501269578933716,
      0.8819559216499329,
      0.4630216360092163
    ],
    [
      0.7503114938735962,
      0.1538039743900299,
      0.3781416714191437
    ],
    [
      0.7497950792312622,
      0.3518485724925995,
      0.6079612970352173
    ],
    [
      0.249688521027565,
      0.8461959958076477,
      0.6218582987785339
    ],
    [
      0.2502049207687378,
      0.6481513977050781,
      0.3920387327671051
    ],
    [
      0.7499771118164062,
      0.6279219388961792,
      0.5040332078933716
    ],
    [
      0.25002288818359375,
      0.3720780611038208,
      0.4959667921066284
    ],
    [
      0.7499918937683105,
      0.12031112611293793,
      0.5040138959884644
    ],
    [
      0.25000813603401184,
      0.8796888589859009,
      0.49598610401153564
    ]
  ],
  "lattice": [
    [
      3.871558666229248,
      -8.80098159541376e-05,
      0.0020310000982135534
    ],
    [
      -1.265346054424299e-05,
      7.214554309844971,
      0.4088509976863861
    ],
    [
      0.0,
      0.0,
      26.521038055419922
    ]
  ],
  "properties": {
    "deltaG_H": 0.003394354383150737,
    "thermo_stability": -2.0,
    "synth_score": 0.01798620996209156
  }
}