{
  "id": "JVASP-31349",
  "atomic_numbers": [
    33,
    33,
    33,
    33
  ],
  "frac_coords": [
    [
      0.5,
      0.9313488006591797,
      0.27239900827407837
    ],
    [
      0.0,
      0.5686511993408203,
      0.27239900827407837
    ],
    [
      0.5,
      0.06865116953849792,
      0.1773119866847992
    ],
    [
      0.0,
      0.4313488304615021,
      0.1773119866847992
    ]
  ],
  "lattice": [
    [
      3.701361656188965,
      -0.0,
      0.0
    ],
    [
      -0.0,
      4.699616432189941,
      0.0
    ],
    [
      0.0,
      0.0,
      25.441200256347656
    ]
  ],
  "properties": {
    "deltaG_H": 0.015172407746315002,
    "thermo_stability": -0.0742206891377768,
    "synth_score": 0.46295764899630953
  }
}