{
  "id": "JVASP-76583",
  "atomic_numbers": [
    41,
    41,
    41,
    77,
    16,
    16,
    16,
    16,
    16,
    16,
    16,
    16
  ],
  "frac_coords": [
    [
      0.982325553894043,
      0.018509935587644577,
      0.07183806598186493
    ],
    [
      0.963502824306488,
      0.5079423785209656,
      0.07255767285823822
    ],
    [
      0.49292778968811035,
      0.03731187805533409,
      0.07111561298370361
    ],
    [
      0.5412557721138,
      0.4595831334590912,
      0.07183103263378143
    ],
    [
      0.6788050532341003,
      0.15851576626300812,
      0.9995070099830627
    ],
    [
      0.15650774538516998,
      0.18295495212078094,
      0.005396808963268995
    ],
    [
      0.8159762620925903,
      0.8462461829185486,
      0.13828153908252716
    ],
    [
      0.34960752725601196,
      0.807522177696228,
      0.12799644470214844
    ],
    [
      0.19490456581115723,
      0.6496410369873047,
      0.015675142407417297
    ],
    [
      0.650580644607544,
      0.6727511882781982,
      0.006632218603044748
    ],
    [
      0.32622259855270386,
      0.35213765501976013,
      0.1370362639427185
    ],
    [
      0.8402327299118042,
      0.32412171363830566,
      0.14416219294071198
    ]
  ],
  "lattice": [
    [
      6.724600315093994,
      -0.004879795480519533,
      0.06267800182104111
    ],
    [
      3.3244311809539795,
      5.845617294311523,
      0.034568000584840775
    ],
    [
      0.0,
      0.0,
      23.34781837463379
    ]
  ],
  "properties": {
    "deltaG_H": -0.010192213853200282,
    "thermo_stability": -2.0,
    "synth_score": 0.01798620996209156
  }
}