{
  "id": "JVASP-75054",
  "atomic_numbers": [
    79,
    7,
    7
  ],
  "frac_coords": [
    [
      0.5,
      0.0,
      0.5
    ],
    [
      0.5,
      0.42375534772872925,
      0.4793284833431244
    ],
    [
      0.5,
      0.5762446522712708,
      0.520671546459198
    ]
  ],
  "lattice": [
    [
      2.868461847305298,
      0.0,
      0.0
    ],
    [
      0.0,
      5.039900302886963,
      0.0
    ],
    [
      0.0,
      0.0,
      20.816747665405273
    ]
  ],
  "properties": {
    "deltaG_H": -0.01475028884410858,
    "thermo_stability": 0.5788696192204952,
    "synth_score": 0.7609216800153923
  }
}