{
  "id": "JVASP-5938",
  "atomic_numbers": [
    52,
    52,
    45
  ],
  "frac_coords": [
    [
      0.4311859905719757,
      0.4703510105609894,
      0.16844621300697327
    ],
    [
      0.764519989490509,
      0.13701699674129486,
      0.04772579297423363
    ],
    [
      0.09785299748182297,
      0.8036839962005615,
      0.108085997402668
    ]
  ],
  "lattice": [
    [
      3.7787692546844482,
      2.000000033724767e-16,
      0.0
    ],
    [
      -1.8893846273422241,
      3.272510290145874,
      0.0
    ],
    [
      0.0,
      0.0,
      25.515811920166016
    ]
  ],
  "properties": {
    "deltaG_H": 0.012662817041079202,
    "thermo_stability": -0.452748429775238,
    "synth_score": 0.28792220221464854
  }
}