{
  "id": "JVASP-60363",
  "atomic_numbers": [
    51,
    51,
    15,
    15,
    8,
    8,
    8,
    8,
    8,
    8,
    8,
    8
  ],
  "frac_coords": [
    [
      0.6650938391685486,
      0.25,
      0.8620248436927795
    ],
    [
      0.19471515715122223,
      0.75,
      0.9977841973304749
    ],
    [
      0.6278442144393921,
      0.75,
      0.9034312963485718
    ],
    [
      0.23196376860141754,
      0.25,
      0.9563766717910767
    ],
    [
      0.6941657066345215,
      0.5667216181755066,
      0.8695528507232666
    ],
    [
      0.6941657066345215,
      0.9332783818244934,
      0.8695528507232666
    ],
    [
      0.07558964937925339,
      0.25,
      0.8930380344390869
    ],
    [
      0.5493685603141785,
      0.25,
      0.9436221718788147
    ],
    [
      0.7842193245887756,
      0.75,
      0.9667709469795227
    ],
    [
      0.31044042110443115,
      0.75,
      0.9161868095397949
    ],
    [
      0.16564229130744934,
      0.06672163307666779,
      0.9902551770210266
    ],
    [
      0.16564229130744934,
      0.4332783818244934,
      0.9902551770210266
    ]
  ],
  "lattice": [
    [
      0.0,
      4.757641315460205,
      -0.4606750011444092
    ],
    [
      -6.793936729431152,
      0.0,
      0.0
    ],
    [
      0.0,
      0.0,
      23.210086822509766
    ]
  ],
  "properties": {
    "deltaG_H": -0.00660301144917806,
    "thermo_stability": -0.7156521896521251,
    "synth_score": 0.1928955281851615
  }
}