{
  "id": "JVASP-6109",
  "atomic_numbers": [
    42,
    42,
    35,
    35,
    35,
    35,
    35,
    35
  ],
  "frac_coords": [
    [
      0.728720486164093,
      0.2526439428329468,
      0.2468869984149933
    ],
    [
      0.27127954363822937,
      0.2526439428329468,
      0.2468869984149933
    ],
    [
      0.5,
      0.09036065638065338,
      0.17380575835704803
    ],
    [
      0.0,
      0.407577782869339,
      0.17810268700122833
    ],
    [
      0.5,
      0.5800628662109375,
      0.2468869984149933
    ],
    [
      0.0,
      0.9429324269294739,
      0.2468869984149933
    ],
    [
      0.0,
      0.407577782869339,
      0.3156723082065582
    ],
    [
      0.5,
      0.09036065638065338,
      0.3199692368507385
    ]
  ],
  "lattice": [
    [
      6.072310924530029,
      0.0,
      0.0
    ],
    [
      0.0,
      6.579009532928467,
      0.0
    ],
    [
      0.0,
      0.0,
      25.680265426635742
    ]
  ],
  "properties": {
    "deltaG_H": 0.02208704918622971,
    "thermo_stability": -0.843561085065206,
    "synth_score": 0.1561546777685769
  }
}