{
  "id": "JVASP-19987",
  "atomic_numbers": [
    72,
    72,
    52,
    52,
    52,
    52,
    52,
    52,
    52,
    52,
    52,
    52
  ],
  "frac_coords": [
    [
      0.5,
      0.25,
      0.116928331553936
    ],
    [
      0.0,
      0.75,
      0.18968066573143005
    ],
    [
      0.0,
      0.3504202365875244,
      0.05245514214038849
    ],
    [
      0.0,
      0.14957976341247559,
      0.05245514214038849
    ],
    [
      0.5,
      0.75,
      0.10381300747394562
    ],
    [
      0.0,
      0.565821647644043,
      0.13003641366958618
    ],
    [
      0.0,
      0.934178352355957,
      0.13003641366958618
    ],
    [
      0.5,
      0.43417835235595703,
      0.17657259106636047
    ],
    [
      0.5,
      0.06582165509462357,
      0.17657259106636047
    ],
    [
      0.0,
      0.25,
      0.20279599726200104
    ],
    [
      0.5,
      0.6495797634124756,
      0.2541528642177582
    ],
    [
      0.5,
      0.8504202365875244,
      0.2541528642177582
    ]
  ],
  "lattice": [
    [
      4.009627819061279,
      0.0,
      0.0
    ],
    [
      -0.0,
      13.896318435668945,
      0.0
    ],
    [
      0.0,
      0.0,
      25.854291915893555
    ]
  ],
  "properties": {
    "deltaG_H": 0.015118241806825,
    "thermo_stability": -1.7599717696507775,
    "synth_score": 0.028750072465232847
  }
}