{
  "id": "JVASP-77991",
  "atomic_numbers": [
    27,
    27,
    27,
    51,
    8,
    8,
    8,
    8,
    8,
    8,
    8,
    8
  ],
  "frac_coords": [
    [
      0.16666699945926666,
      0.16666699945926666,
      0.5
    ],
    [
      0.16666699945926666,
      0.6666669845581055,
      0.5
    ],
    [
      0.6666669845581055,
      0.16666699945926666,
      0.5
    ],
    [
      0.6666669845581055,
      0.6666669845581055,
      0.5
    ],
    [
      0.316804975271225,
      0.8415980339050293,
      0.4558449983596802
    ],
    [
      0.8415980339050293,
      0.316804975271225,
      0.4558449983596802
    ],
    [
      0.8415980339050293,
      0.8415980339050293,
      0.4558449983596802
    ],
    [
      0.33333298563957214,
      0.33333298563957214,
      0.4604648947715759
    ],
    [
      0.0,
      0.0,
      0.5395351052284241
    ],
    [
      0.4917359948158264,
      0.4917359948158264,
      0.5441550016403198
    ],
    [
      0.4917359948158264,
      0.016529012471437454,
      0.5441550016403198
    ],
    [
      0.016529012471437454,
      0.4917359948158264,
      0.5441550016403198
    ]
  ],
  "lattice": [
    [
      5.842574596405029,
      0.0,
      0.0
    ],
    [
      2.9212872982025146,
      5.059816837310791,
      0.0
    ],
    [
      0.0,
      0.0,
      22.10759735107422
    ]
  ],
  "properties": {
    "deltaG_H": -0.001107227643330896,
    "thermo_stability": 0.01729809542496996,
    "synth_score": 0.5086481851478702
  }
}