{
  "id": "JVASP-6652",
  "atomic_numbers": [
    37,
    37,
    25,
    25,
    33,
    33
  ],
  "frac_coords": [
    [
      0.3156520128250122,
      0.8156520128250122,
      0.31846126914024353
    ],
    [
      0.8156520128250122,
      0.3156520128250122,
      0.07579173892736435
    ],
    [
      0.3156520128250122,
      0.3156520128250122,
      0.19712600111961365
    ],
    [
      0.8156520128250122,
      0.8156520128250122,
      0.19712600111961365
    ],
    [
      0.8156520128250122,
      0.3156520128250122,
      0.2478896975517273
    ],
    [
      0.3156520128250122,
      0.8156520128250122,
      0.1463633030653
    ]
  ],
  "lattice": [
    [
      3.8965766429901123,
      0.0,
      0.0
    ],
    [
      0.0,
      3.8965766429901123,
      0.0
    ],
    [
      0.0,
      0.0,
      28.064512252807617
    ]
  ],
  "properties": {
    "deltaG_H": 0.007418337106704712,
    "thermo_stability": -2.0,
    "synth_score": 0.01798620996209156
  }
}