{
  "id": "JVASP-60504",
  "atomic_numbers": [
    21,
    21,
    1,
    1,
    8,
    8,
    8,
    8
  ],
  "frac_coords": [
    [
      0.5,
      0.7394521832466125,
      0.07974693924188614
    ],
    [
      1.0,
      0.23947931826114655,
      0.15442349016666412
    ],
    [
      -8.01470250166858e-08,
      0.6026179194450378,
      0.9953768849372864
    ],
    [
      0.49999991059303284,
      0.103273905813694,
      0.23882922530174255
    ],
    [
      0.5000000596046448,
      0.2386491298675537,
      0.10110355913639069
    ],
    [
      1.0,
      0.7294021248817444,
      0.027117831632494926
    ],
    [
      1.0,
      0.7386911511421204,
      0.13308320939540863
    ],
    [
      0.5,
      0.22963722050189972,
      0.20704787969589233
    ]
  ],
  "lattice": [
    [
      -3.275665760040283,
      8.997864142656908e-07,
      0.0
    ],
    [
      1.1034037470381008e-06,
      -4.011232852935791,
      0.0
    ],
    [
      0.0,
      0.0,
      26.062593460083008
    ]
  ],
  "properties": {
    "deltaG_H": -0.036193751096725464,
    "thermo_stability": -2.0,
    "synth_score": 0.01798620996209156
  }
}