{
  "id": "JVASP-5929",
  "atomic_numbers": [
    50,
    50,
    34,
    34
  ],
  "frac_coords": [
    [
      0.25,
      0.08699984848499298,
      0.05846787244081497
    ],
    [
      0.75,
      0.5869998335838318,
      0.17010612785816193
    ],
    [
      0.75,
      0.5271041393280029,
      0.06474792957305908
    ],
    [
      0.25,
      0.027104152366518974,
      0.1638260781764984
    ]
  ],
  "lattice": [
    [
      4.268255233764648,
      0.0,
      0.0
    ],
    [
      0.0,
      4.413811206817627,
      0.0
    ],
    [
      0.0,
      0.0,
      25.7898006439209
    ]
  ],
  "properties": {
    "deltaG_H": 0.019867187589406966,
    "thermo_stability": -0.1901219457387926,
    "synth_score": 0.40606807475407064
  }
}