{
  "id": "JVASP-20042",
  "atomic_numbers": [
    74,
    74,
    74,
    74,
    74,
    74,
    6,
    17,
    17,
    17,
    17,
    17,
    17,
    17,
    17,
    17,
    17,
    17,
    17,
    17,
    17,
    17,
    17,
    17,
    17
  ],
  "frac_coords": [
    [
      0.49848443269729614,
      0.6433424353599548,
      0.10977164655923843
    ],
    [
      0.35665759444236755,
      0.8551430106163025,
      0.10977164655923843
    ],
    [
      0.1448569893836975,
      0.5015155673027039,
      0.10977164655923843
    ],
    [
      0.1448569893836975,
      0.5015155673027039,
      0.21377936005592346
    ],
    [
      0.49848443269729614,
      0.6433424353599548,
      0.21377936005592346
    ],
    [
      0.35665759444236755,
      0.8551430106163025,
      0.21377936005592346
    ],
    [
      0.33333298563957214,
      0.6666669845581055,
      0.16177499294281006
    ],
    [
      0.13141687214374542,
      0.695144772529602,
      0.27003294229507446
    ],
    [
      0.8949005007743835,
      0.2816509008407593,
      0.2536174952983856
    ],
    [
      0.7183490991592407,
      0.6132495999336243,
      0.2536174952983856
    ],
    [
      0.3867504298686981,
      0.10509951412677765,
      0.2536174952983856
    ],
    [
      0.48444435000419617,
      0.41886836290359497,
      0.16177499294281006
    ],
    [
      0.9344249963760376,
      0.5155556201934814,
      0.16177499294281006
    ],
    [
      0.581131637096405,
      0.0655750036239624,
      0.16177499294281006
    ],
    [
      0.7346749305725098,
      0.8383134007453918,
      0.16177499294281006
    ],
    [
      0.8949005007743835,
      0.2816509008407593,
      0.06993250548839569
    ],
    [
      0.16168661415576935,
      0.8963615298271179,
      0.16177499294281006
    ],
    [
      0.5637269020080566,
      0.8685831427574158,
      0.27003294229507446
    ],
    [
      0.3867504298686981,
      0.10509951412677765,
      0.06993250548839569
    ],
    [
      0.7183490991592407,
      0.6132495999336243,
      0.06993250548839569
    ],
    [
      0.30485525727272034,
      0.43627309799194336,
      0.053517065942287445
    ],
    [
      0.5637269020080566,
      0.8685831427574158,
      0.053517065942287445
    ],
    [
      0.13141687214374542,
      0.695144772529602,
      0.053517065942287445
    ],
    [
      0.10363845527172089,
      0.26532506942749023,
      0.16177499294281006
    ],
    [
      0.30485525727272034,
      0.43627309799194336,
      0.27003294229507446
    ]
  ],
  "lattice": [
    [
      8.937073707580566,
      -4.5254247993398167e-07,
      0.0
    ],
    [
      -4.468536853790283,
      7.73973274230957,
      0.0
    ],
    [
      0.0,
      0.0,
      28.336700439453125
    ]
  ],
  "properties": {
    "deltaG_H": 0.012633811688423155,
    "thermo_stability": -1.9396993935108187,
    "synth_score": 0.02024491875351514
  }
}