{
  "id": "JVASP-9047",
  "atomic_numbers": [
    11,
    11,
    41,
    16,
    16
  ],
  "frac_coords": [
    [
      5.788138423667988e-06,
      -5.788138423667988e-06,
      0.8698965907096863
    ],
    [
      6.367386959027499e-06,
      -6.367386959027499e-06,
      0.6518611311912537
    ],
    [
      1.5041053302411456e-05,
      -1.5041053302411456e-05,
      0.7609413862228394
    ],
    [
      0.6666861772537231,
      0.33331379294395447,
      0.7131724953651428
    ],
    [
      0.6666865944862366,
      0.3333134055137634,
      0.8087093830108643
    ]
  ],
  "lattice": [
    [
      3.441652536392212,
      -2.2067668396630324e-05,
      0.0
    ],
    [
      -1.720845341682434,
      2.9805469512939453,
      0.0
    ],
    [
      0.0,
      0.0,
      32.845298767089844
    ]
  ],
  "properties": {
    "deltaG_H": 0.01127467155456543,
    "thermo_stability": -2.0,
    "synth_score": 0.01798620996209156
  }
}