{
  "id": "JVASP-75346",
  "atomic_numbers": [
    13,
    13,
    13,
    13,
    83,
    83,
    83,
    83,
    8,
    8,
    8,
    8,
    8,
    8,
    8,
    8,
    8,
    8,
    8,
    8
  ],
  "frac_coords": [
    [
      0.7414178252220154,
      0.530914306640625,
      0.5257374048233032
    ],
    [
      0.7585821747779846,
      0.030914312228560448,
      0.5257374048233032
    ],
    [
      0.24141785502433777,
      0.969085693359375,
      0.4742625951766968
    ],
    [
      0.25858214497566223,
      0.469085693359375,
      0.4742625951766968
    ],
    [
      0.22678183019161224,
      0.21826376020908356,
      0.5805136561393738
    ],
    [
      0.27321818470954895,
      0.7182637453079224,
      0.5805136561393738
    ],
    [
      0.7267818450927734,
      0.28173625469207764,
      0.4194863736629486
    ],
    [
      0.7732181549072266,
      0.7817362546920776,
      0.4194863736629486
    ],
    [
      0.054989129304885864,
      0.160344198346138,
      0.4936603307723999
    ],
    [
      0.3539452850818634,
      0.398750901222229,
      0.40758565068244934
    ],
    [
      0.5887253284454346,
      0.02893179841339588,
      0.4544900059700012
    ],
    [
      0.853945255279541,
      0.1012490913271904,
      0.592414379119873
    ],
    [
      0.1460547149181366,
      0.898750901222229,
      0.40758565068244934
    ],
    [
      0.08872530609369278,
      0.47106820344924927,
      0.5455099940299988
    ],
    [
      0.646054744720459,
      0.601249098777771,
      0.592414379119873
    ],
    [
      0.9450109004974365,
      0.8396558165550232,
      0.5063396692276001
    ],
    [
      0.9112746715545654,
      0.5289317965507507,
      0.4544900059700012
    ],
    [
      0.5549890995025635,
      0.3396557867527008,
      0.5063396692276001
    ],
    [
      0.4112747013568878,
      0.9710682034492493,
      0.5455099940299988
    ],
    [
      0.44501087069511414,
      0.6603441834449768,
      0.4936603307723999
    ]
  ],
  "lattice": [
    [
      5.001263618469238,
      0.0,
      0.0
    ],
    [
      0.0,
      8.023959159851074,
      0.0
    ],
    [
      0.0,
      0.0,
      24.450918197631836
    ]
  ],
  "properties": {
    "deltaG_H": -0.0014977292776107796,
    "thermo_stability": -1.6089768131573994,
    "synth_score": 0.03849565795749226
  }
}