{
  "id": "JVASP-19517",
  "atomic_numbers": [
    11,
    11,
    25,
    25,
    15,
    15
  ],
  "frac_coords": [
    [
      0.4291920065879822,
      0.9291920065879822,
      0.22738094627857208
    ],
    [
      0.9291920065879822,
      0.4291920065879822,
      0.03159705176949501
    ],
    [
      0.9291920065879822,
      0.9291920065879822,
      0.129489004611969
    ],
    [
      0.4291920065879822,
      0.4291920065879822,
      0.129489004611969
    ],
    [
      0.9291920065879822,
      0.4291920065879822,
      0.18032662570476532
    ],
    [
      0.4291920065879822,
      0.9291920065879822,
      0.07865136861801147
    ]
  ],
  "lattice": [
    [
      3.6815338134765625,
      0.0,
      0.0
    ],
    [
      0.0,
      3.6815338134765625,
      0.0
    ],
    [
      0.0,
      0.0,
      26.9897403717041
    ]
  ],
  "properties": {
    "deltaG_H": 0.006001923620700836,
    "thermo_stability": -1.5880649705727898,
    "synth_score": 0.04007394276109617
  }
}