{
  "id": "JVASP-75361",
  "atomic_numbers": [
    25,
    25,
    15,
    15,
    16,
    16,
    16,
    16,
    16,
    16
  ],
  "frac_coords": [
    [
      0.6666759848594666,
      0.6666480302810669,
      0.5
    ],
    [
      0.33332401514053345,
      0.3333519995212555,
      0.5
    ],
    [
      0.9999978542327881,
      0.0,
      0.45232197642326355
    ],
    [
      2.1269199805828976e-06,
      0.0,
      0.5476779937744141
    ],
    [
      0.999999463558197,
      0.32711026072502136,
      0.43023401498794556
    ],
    [
      0.672890305519104,
      0.32711026072502136,
      0.5697659850120544
    ],
    [
      0.3271154463291168,
      0.0,
      0.5697629451751709
    ],
    [
      0.6728845238685608,
      0.0,
      0.4302370548248291
    ],
    [
      5.442418569145957e-07,
      0.672889769077301,
      0.5697659850120544
    ],
    [
      0.327109694480896,
      0.672889769077301,
      0.43023401498794556
    ]
  ],
  "lattice": [
    [
      6.0581536293029785,
      0.0,
      0.0
    ],
    [
      3.0290768146514893,
      5.246502876281738,
      0.0
    ],
    [
      0.0,
      0.0,
      23.24565315246582
    ]
  ],
  "properties": {
    "deltaG_H": 0.001551776790618895,
    "thermo_stability": -1.0006444076697032,
    "synth_score": 0.11906767107550116
  }
}