{
  "id": "JVASP-13602",
  "atomic_numbers": [
    78,
    78,
    78,
    78,
    53,
    53,
    53,
    53,
    53,
    53,
    53,
    53
  ],
  "frac_coords": [
    [
      0.11020206660032272,
      0.018341809511184692,
      0.17042064666748047
    ],
    [
      0.6102020740509033,
      0.25941818952560425,
      0.17042064666748047
    ],
    [
      0.6119989156723022,
      0.5183417797088623,
      0.06637835502624512
    ],
    [
      0.11199893057346344,
      0.7594181895256042,
      0.06637835502624512
    ],
    [
      0.8848564624786377,
      0.8046948313713074,
      0.1228596568107605
    ],
    [
      0.3848564624786377,
      0.47306519746780396,
      0.1228596568107605
    ],
    [
      0.35086044669151306,
      0.2193288505077362,
      0.22015351057052612
    ],
    [
      0.8508604764938354,
      0.058431144803762436,
      0.22015351057052612
    ],
    [
      0.3713395297527313,
      0.7193288803100586,
      0.016645491123199463
    ],
    [
      0.8713395595550537,
      0.5584311485290527,
      0.016645491123199463
    ],
    [
      0.8373435139656067,
      0.304694801568985,
      0.1139383390545845
    ],
    [
      0.3373435139656067,
      0.9730641841888428,
      0.1139383390545845
    ]
  ],
  "lattice": [
    [
      7.005254745483398,
      0.0,
      0.0
    ],
    [
      0.0,
      8.537232398986816,
      0.0
    ],
    [
      -6.573388576507568,
      0.0,
      30.0
    ]
  ],
  "properties": {
    "deltaG_H": 0.020024742285410565,
    "thermo_stability": -1.9036196092764541,
    "synth_score": 0.02172686879111778
  }
}