{
  "id": "JVASP-13581",
  "atomic_numbers": [
    80,
    80,
    35,
    35
  ],
  "frac_coords": [
    [
      0.5,
      0.38255468010902405,
      0.09936899691820145
    ],
    [
      0.5,
      0.6174452900886536,
      0.09936899691820145
    ],
    [
      0.5,
      0.16208921372890472,
      0.09936899691820145
    ],
    [
      0.5,
      0.8379107713699341,
      0.09936899691820145
    ]
  ],
  "lattice": [
    [
      4.205880165100098,
      0.0,
      0.0
    ],
    [
      0.0,
      11.14590072631836,
      0.0
    ],
    [
      0.0,
      0.0,
      24.960599899291992
    ]
  ],
  "properties": {
    "deltaG_H": 0.01664572238922119,
    "thermo_stability": 0.980057279765606,
    "synth_score": 0.8765453498687773
  }
}