{
  "id": "JVASP-77665",
  "atomic_numbers": [
    41,
    41,
    14,
    52,
    52,
    52,
    52
  ],
  "frac_coords": [
    [
      0.531385600566864,
      0.02793695777654648,
      0.47948580980300903
    ],
    [
      0.0313994400203228,
      0.3783628046512604,
      0.48605284094810486
    ],
    [
      0.5313928723335266,
      0.9213094711303711,
      0.6019712090492249
    ],
    [
      0.5313989520072937,
      0.3051728904247284,
      0.5680890083312988
    ],
    [
      0.03138769790530205,
      0.11522649228572845,
      0.40066367387771606
    ],
    [
      0.5313964486122131,
      0.6240308284759521,
      0.42655080556869507
    ],
    [
      0.031395960599184036,
      0.7748265266418457,
      0.5371866226196289
    ]
  ],
  "lattice": [
    [
      3.7348849773406982,
      0.003286369377747178,
      0.0
    ],
    [
      -0.0058820596896111965,
      6.696956634521484,
      0.0
    ],
    [
      0.0,
      0.0,
      25.318391799926758
    ]
  ],
  "properties": {
    "deltaG_H": 0.012272702625819615,
    "thermo_stability": -1.8428523013989135,
    "synth_score": 0.02446590481583929
  }
}