{
  "id": "JVASP-76306",
  "atomic_numbers": [
    49,
    49,
    34,
    34
  ],
  "frac_coords": [
    [
      0.008793280459940434,
      0.030970275402069092,
      0.948846697807312
    ],
    [
      0.26452240347862244,
      0.5548999309539795,
      0.9144998788833618
    ],
    [
      0.8880931735038757,
      0.37903857231140137,
      0.8459116220474243
    ],
    [
      0.38520511984825134,
      0.2068541944026947,
      0.017435796558856964
    ]
  ],
  "lattice": [
    [
      3.0807416439056396,
      -2.6239566802978516,
      0.4275580048561096
    ],
    [
      5.125129699707031,
      2.958078384399414,
      0.5952590107917786
    ],
    [
      0.0,
      0.0,
      20.091243743896484
    ]
  ],
  "properties": {
    "deltaG_H": 0.0024175095558166496,
    "thermo_stability": -2.0,
    "synth_score": 0.01798620996209156
  }
}