{
  "id": "JVASP-27849",
  "atomic_numbers": [
    65,
    65,
    31,
    31,
    53,
    53
  ],
  "frac_coords": [
    [
      0.0,
      0.0,
      0.42818373441696167
    ],
    [
      0.0,
      0.0,
      0.5718162655830383
    ],
    [
      0.6666669845581055,
      0.33333298563957214,
      0.48730412125587463
    ],
    [
      0.33333298563957214,
      0.6666669845581055,
      0.512695848941803
    ],
    [
      0.33333298563957214,
      0.6666669845581055,
      0.3566875755786896
    ],
    [
      0.6666669845581055,
      0.33333298563957214,
      0.643312394618988
    ]
  ],
  "lattice": [
    [
      4.184981346130371,
      -1.0000000168623835e-16,
      0.0
    ],
    [
      -2.0924906730651855,
      3.624300956726074,
      0.0
    ],
    [
      0.0,
      0.0,
      28.07227325439453
    ]
  ],
  "properties": {
    "deltaG_H": 0.012983913620313009,
    "thermo_stability": -2.0,
    "synth_score": 0.01798620996209156
  }
}