{
  "id": "JVASP-60291",
  "atomic_numbers": [
    90,
    90,
    90,
    90,
    53,
    53,
    53,
    53,
    53,
    53,
    53,
    53,
    53,
    53,
    53,
    53,
    53,
    53,
    53,
    53
  ],
  "frac_coords": [
    [
      0.5171177387237549,
      0.7792475819587708,
      0.09606198221445084
    ],
    [
      0.017117725685238838,
      0.9173494577407837,
      0.10053502023220062
    ],
    [
      0.4828822612762451,
      0.4173494577407837,
      0.10053502023220062
    ],
    [
      0.9828822612762451,
      0.27924755215644836,
      0.09606198221445084
    ],
    [
      0.24505192041397095,
      0.31341123580932617,
      0.9992303848266602
    ],
    [
      0.745051920413971,
      0.3831857442855835,
      0.1973666101694107
    ],
    [
      0.6342700719833374,
      0.19923220574855804,
      0.05161784961819649
    ],
    [
      0.13427004218101501,
      0.4973647892475128,
      0.14497914910316467
    ],
    [
      0.9085405468940735,
      0.12169834971427917,
      0.17509646713733673
    ],
    [
      0.09145944565534592,
      0.07489865273237228,
      0.02150052599608898
    ],
    [
      0.19434402883052826,
      0.7709054350852966,
      0.16884203255176544
    ],
    [
      0.754948079586029,
      0.8831857442855835,
      0.1973666101694107
    ],
    [
      0.30565598607063293,
      0.27090543508529663,
      0.16884203255176544
    ],
    [
      0.25494807958602905,
      0.8134112358093262,
      0.9992303848266602
    ],
    [
      0.4085405468940735,
      0.5748986601829529,
      0.02150052599608898
    ],
    [
      0.5914594531059265,
      0.6216983199119568,
      0.17509646713733673
    ],
    [
      0.365729957818985,
      0.9973648190498352,
      0.14497914910316467
    ],
    [
      0.8657299280166626,
      0.6992322206497192,
      0.05161784961819649
    ],
    [
      0.6943440437316895,
      0.925691545009613,
      0.02775496616959572
    ],
    [
      0.8056559562683105,
      0.4256915748119354,
      0.02775496616959572
    ]
  ],
  "lattice": [
    [
      8.114398002624512,
      0.0,
      0.0
    ],
    [
      0.0,
      14.028993606567383,
      -3.1875810623168945
    ],
    [
      0.0,
      0.0,
      23.672317504882812
    ]
  ],
  "properties": {
    "deltaG_H": 0.018365486860275268,
    "thermo_stability": -2.0,
    "synth_score": 0.01798620996209156
  }
}