{
  "id": "JVASP-27756",
  "atomic_numbers": [
    79,
    79,
    35,
    35
  ],
  "frac_coords": [
    [
      0.75,
      0.75,
      0.13141100108623505
    ],
    [
      0.25,
      0.25,
      0.13141100108623505
    ],
    [
      -8.673617379884035e-19,
      0.5,
      0.0506385900080204
    ],
    [
      0.5,
      8.673617379884035e-19,
      0.21218341588974
    ]
  ],
  "lattice": [
    [
      4.16754674911499,
      0.05697282403707504,
      0.0
    ],
    [
      0.05697282403707504,
      4.16754674911499,
      0.0
    ],
    [
      0.0,
      0.0,
      25.297405242919922
    ]
  ],
  "properties": {
    "deltaG_H": 0.014418119788169861,
    "thermo_stability": -1.1736638267834985,
    "synth_score": 0.08727841929151677
  }
}