{
  "id": "JVASP-75254",
  "atomic_numbers": [
    81,
    49,
    16,
    16
  ],
  "frac_coords": [
    [
      0.3265763223171234,
      0.43166348338127136,
      0.5757168531417847
    ],
    [
      0.31025591492652893,
      0.8277718424797058,
      0.42421433329582214
    ],
    [
      0.8502694368362427,
      0.8973033428192139,
      0.5124197602272034
    ],
    [
      0.781143307685852,
      0.28577032685279846,
      0.48764902353286743
    ]
  ],
  "lattice": [
    [
      3.961688756942749,
      -0.025813734158873558,
      0.0
    ],
    [
      -1.2341461181640625,
      4.870877742767334,
      0.0
    ],
    [
      0.0,
      0.0,
      23.424121856689453
    ]
  ],
  "properties": {
    "deltaG_H": 0.006854783892631531,
    "thermo_stability": -0.8709357351064682,
    "synth_score": 0.14907537901504447
  }
}