{
  "id": "JVASP-13611",
  "atomic_numbers": [
    15,
    15,
    53,
    53,
    53,
    53
  ],
  "frac_coords": [
    [
      -0.029975274577736855,
      0.5949825644493103,
      0.05772479996085167
    ],
    [
      0.27126726508140564,
      0.5388914346694946,
      0.1238211989402771
    ],
    [
      0.8823659420013428,
      0.7778214812278748,
      0.17399299144744873
    ],
    [
      0.11326754838228226,
      0.8947099447250366,
      0.03254922479391098
    ],
    [
      0.12802444398403168,
      0.23916305601596832,
      0.1489967703819275
    ],
    [
      0.3589250445365906,
      0.3560515344142914,
      0.007553004659712315
    ]
  ],
  "lattice": [
    [
      4.388006687164307,
      0.03696126490831375,
      0.0
    ],
    [
      1.8619900941848755,
      7.094920635223389,
      0.0
    ],
    [
      1.3695080280303955,
      0.885114848613739,
      27.51612091064453
    ]
  ],
  "properties": {
    "deltaG_H": 0.01762015942732493,
    "thermo_stability": -1.1583323697249095,
    "synth_score": 0.08975216659270387
  }
}