{
  "id": "JVASP-6430",
  "atomic_numbers": [
    80,
    80,
    17,
    17,
    17,
    17
  ],
  "frac_coords": [
    [
      0.5004379153251648,
      0.373774915933609,
      0.0644799992442131
    ],
    [
      -0.00043793805525638163,
      0.8737748861312866,
      0.0644799992442131
    ],
    [
      0.6438981890678406,
      0.012017814442515373,
      0.0644799992442131
    ],
    [
      0.1446027308702469,
      0.23556728661060333,
      0.0644799992442131
    ],
    [
      0.8561018109321594,
      0.5120177865028381,
      0.0644799992442131
    ],
    [
      0.3553972840309143,
      0.7355672717094421,
      0.0644799992442131
    ]
  ],
  "lattice": [
    [
      4.094962120056152,
      0.0,
      0.0
    ],
    [
      0.0,
      13.015470504760742,
      0.0
    ],
    [
      0.0,
      0.0,
      25.603721618652344
    ]
  ],
  "properties": {
    "deltaG_H": 0.017964202562967935,
    "thermo_stability": 0.4568333655595779,
    "synth_score": 0.7137499029558467
  }
}