{
  "id": "JVASP-76360",
  "atomic_numbers": [
    43,
    43,
    15,
    15,
    15,
    15,
    15,
    15
  ],
  "frac_coords": [
    [
      0.25,
      0.3705190420150757,
      0.3621363043785095
    ],
    [
      0.75,
      0.8705190420150757,
      0.4855516850948334
    ],
    [
      0.25,
      0.5808692574501038,
      0.44217008352279663
    ],
    [
      0.75,
      0.08086927235126495,
      0.40551790595054626
    ],
    [
      0.25,
      0.9891088008880615,
      0.3005392551422119
    ],
    [
      0.75,
      0.7595669031143188,
      0.3470427095890045
    ],
    [
      0.75,
      0.4891088008880615,
      0.5471487641334534
    ],
    [
      0.25,
      0.25956690311431885,
      0.5006452798843384
    ]
  ],
  "lattice": [
    [
      3.1802420616149902,
      0.0,
      0.0
    ],
    [
      0.0,
      4.719087600708008,
      0.0
    ],
    [
      0.0,
      0.0,
      27.326059341430664
    ]
  ],
  "properties": {
    "deltaG_H": 0.0031236817836761462,
    "thermo_stability": -2.0,
    "synth_score": 0.01798620996209156
  }
}