{
  "id": "JVASP-8912",
  "atomic_numbers": [
    33,
    33,
    53,
    53,
    53,
    53,
    53,
    53
  ],
  "frac_coords": [
    [
      0.6666669845581055,
      0.33333298563957214,
      0.1406027227640152
    ],
    [
      0.0,
      0.0,
      0.1422392725944519
    ],
    [
      0.6779351234436035,
      0.011628994718194008,
      0.07728210836648941
    ],
    [
      0.9883710145950317,
      0.6663070917129517,
      0.07728210836648941
    ],
    [
      0.33369290828704834,
      0.32206490635871887,
      0.07728210836648941
    ],
    [
      0.33297309279441833,
      0.011269097216427326,
      0.20556089282035828
    ],
    [
      0.6782950162887573,
      0.6670268774032593,
      0.20556089282035828
    ],
    [
      0.9887309074401855,
      0.32170501351356506,
      0.20556089282035828
    ]
  ],
  "lattice": [
    [
      7.156883239746094,
      -3.6057033980796405e-07,
      0.0
    ],
    [
      -3.5784413814544678,
      6.198042869567871,
      0.0
    ],
    [
      0.0,
      0.0,
      26.407400131225586
    ]
  ],
  "properties": {
    "deltaG_H": 0.031766521215438846,
    "thermo_stability": -0.6789294302463533,
    "synth_score": 0.20458851393090888
  }
}