{
  "id": "JVASP-5989",
  "atomic_numbers": [
    41,
    16,
    16
  ],
  "frac_coords": [
    [
      0.0,
      0.0,
      0.24069100618362427
    ],
    [
      0.33333298563957214,
      0.6666669845581055,
      0.18978281319141388
    ],
    [
      0.33333298563957214,
      0.6666669845581055,
      0.29159918427467346
    ]
  ],
  "lattice": [
    [
      3.3622841835021973,
      0.0,
      0.0
    ],
    [
      -1.6811420917510986,
      2.91182279586792,
      0.0
    ],
    [
      0.0,
      0.0,
      30.851224899291992
    ]
  ],
  "properties": {
    "deltaG_H": 0.009570429424444835,
    "thermo_stability": -0.014223696788152163,
    "synth_score": 0.4928886311748805
  }
}