{
  "id": "JVASP-6427",
  "atomic_numbers": [
    81,
    81,
    46,
    46,
    46,
    46,
    34,
    34,
    34,
    34,
    34,
    34
  ],
  "frac_coords": [
    [
      0.29909801483154297,
      0.7963039875030518,
      0.1981896162033081
    ],
    [
      0.9657639861106873,
      0.12963800132274628,
      0.03357639163732529
    ],
    [
      0.6324309706687927,
      0.4629710018634796,
      0.1158830001950264
    ],
    [
      0.1324310004711151,
      0.4629710018634796,
      0.1158830001950264
    ],
    [
      0.6324309706687927,
      0.9629709720611572,
      0.1158830001950264
    ],
    [
      0.1324310004711151,
      0.9629709720611572,
      0.1158830001950264
    ],
    [
      0.8012861609458923,
      0.8006833791732788,
      0.16705715656280518
    ],
    [
      0.8012861609458923,
      0.2941148281097412,
      0.16705715656280518
    ],
    [
      0.2947176396846771,
      0.2941148281097412,
      0.16705715656280518
    ],
    [
      0.4635748267173767,
      0.631827175617218,
      0.06470783799886703
    ],
    [
      0.9701433777809143,
      0.631827175617218,
      0.06470783799886703
    ],
    [
      0.4635748267173767,
      0.1252586394548416,
      0.06470783799886703
    ]
  ],
  "lattice": [
    [
      7.338316440582275,
      0.0,
      0.0
    ],
    [
      -3.6691582202911377,
      6.355167865753174,
      0.0
    ],
    [
      0.0,
      0.0,
      26.033710479736328
    ]
  ],
  "properties": {
    "deltaG_H": 0.009024463295936582,
    "thermo_stability": -1.2610845188299815,
    "synth_score": 0.07431858764711881
  }
}