{
  "id": "JVASP-60553",
  "atomic_numbers": [
    39,
    39,
    53,
    53,
    8,
    8
  ],
  "frac_coords": [
    [
      0.0,
      0.5,
      0.1583303064107895
    ],
    [
      0.5,
      0.0,
      0.0740266889333725
    ],
    [
      0.5,
      0.0,
      0.2312621772289276
    ],
    [
      0.0,
      0.5,
      0.0010958287166431546
    ],
    [
      0.0,
      0.0,
      0.11617899686098099
    ],
    [
      0.5,
      0.5,
      0.11617899686098099
    ]
  ],
  "lattice": [
    [
      3.932410955429077,
      0.0,
      0.0
    ],
    [
      -0.0,
      3.932410955429077,
      0.0
    ],
    [
      0.0,
      0.0,
      26.053808212280273
    ]
  ],
  "properties": {
    "deltaG_H": 0.007105597058931988,
    "thermo_stability": -2.0,
    "synth_score": 0.01798620996209156
  }
}