{
  "id": "JVASP-60612",
  "atomic_numbers": [
    14,
    14,
    14,
    14,
    33,
    33,
    33,
    33,
    33,
    33,
    33,
    33
  ],
  "frac_coords": [
    [
      0.5,
      0.7992060780525208,
      0.10685890913009644
    ],
    [
      0.0,
      0.08201120793819427,
      0.06124189496040344
    ],
    [
      0.0,
      0.5820112228393555,
      0.17557410895824432
    ],
    [
      0.5,
      0.29920607805252075,
      0.12995709478855133
    ],
    [
      0.5,
      0.891144335269928,
      0.19386965036392212
    ],
    [
      0.5,
      0.9477896690368652,
      0.03604338690638542
    ],
    [
      0.0,
      0.656288743019104,
      0.08897602558135986
    ],
    [
      0.0,
      0.7614599466323853,
      0.2340422123670578
    ],
    [
      0.0,
      0.26145994663238525,
      0.0027737829368561506
    ],
    [
      0.0,
      0.1562887579202652,
      0.1478409767150879
    ],
    [
      0.5,
      0.44778966903686523,
      0.20077261328697205
    ],
    [
      0.5,
      0.391144335269928,
      0.042946357280015945
    ]
  ],
  "lattice": [
    [
      3.690431833267212,
      0.0,
      0.0
    ],
    [
      0.0,
      10.364023208618164,
      0.0
    ],
    [
      0.0,
      0.0,
      26.206003189086914
    ]
  ],
  "properties": {
    "deltaG_H": 0.01130267369747162,
    "thermo_stability": -2.0,
    "synth_score": 0.01798620996209156
  }
}