{
  "id": "JVASP-6961",
  "atomic_numbers": [
    22,
    35,
    35
  ],
  "frac_coords": [
    [
      0.6863290071487427,
      0.23447799682617188,
      0.14271199703216553
    ],
    [
      0.35299599170684814,
      0.5678110122680664,
      0.19968250393867493
    ],
    [
      0.019662000238895416,
      0.9011449813842773,
      0.08574249595403671
    ]
  ],
  "lattice": [
    [
      3.7200310230255127,
      2.4974891044138303e-09,
      0.0
    ],
    [
      -1.8600159883499146,
      3.2216413021087646,
      0.0
    ],
    [
      0.0,
      0.0,
      27.9886474609375
    ]
  ],
  "properties": {
    "deltaG_H": 0.022886640081803005,
    "thermo_stability": -0.3397416243950526,
    "synth_score": 0.3363766458685002
  }
}