{
  "id": "JVASP-75140",
  "atomic_numbers": [
    19,
    19,
    19,
    19,
    33,
    33,
    33,
    33,
    8,
    8,
    8,
    8,
    8,
    8,
    8,
    8
  ],
  "frac_coords": [
    [
      0.75,
      0.4075997769832611,
      0.5370481014251709
    ],
    [
      0.25,
      0.0924002081155777,
      0.5370481014251709
    ],
    [
      0.25,
      0.5924001932144165,
      0.4629518687725067
    ],
    [
      0.75,
      0.9075998067855835,
      0.4629518687725067
    ],
    [
      0.75,
      0.3738643229007721,
      0.3989410400390625
    ],
    [
      0.25,
      0.6261356472969055,
      0.6010589599609375
    ],
    [
      0.25,
      0.1261356770992279,
      0.3989410400390625
    ],
    [
      0.75,
      0.8738643527030945,
      0.6010589599609375
    ],
    [
      0.0,
      0.75,
      0.5645077228546143
    ],
    [
      0.5,
      0.25,
      0.43549227714538574
    ],
    [
      0.0,
      0.25,
      0.43549227714538574
    ],
    [
      0.5,
      0.75,
      0.5645077228546143
    ],
    [
      0.75,
      0.5642410516738892,
      0.43758293986320496
    ],
    [
      0.75,
      0.06424108147621155,
      0.5624170303344727
    ],
    [
      0.25,
      0.9357589483261108,
      0.43758293986320496
    ],
    [
      0.25,
      0.43575891852378845,
      0.5624170303344727
    ]
  ],
  "lattice": [
    [
      5.463827610015869,
      0.0,
      0.0
    ],
    [
      0.0,
      7.428508281707764,
      0.0
    ],
    [
      0.0,
      0.0,
      25.206607818603516
    ]
  ],
  "properties": {
    "deltaG_H": -0.002948562622070312,
    "thermo_stability": -1.8455838332573578,
    "synth_score": 0.024335854280571074
  }
}