{
  "id": "JVASP-60442",
  "atomic_numbers": [
    82,
    53,
    53
  ],
  "frac_coords": [
    [
      0.3333339989185333,
      0.6666679978370667,
      0.6663622260093689
    ],
    [
      0.0,
      0.0,
      0.585971474647522
    ],
    [
      0.6666659712791443,
      0.33333200216293335,
      0.74672532081604
    ]
  ],
  "lattice": [
    [
      -4.566604137420654,
      -5.2284980789352176e-09,
      0.0
    ],
    [
      2.2833025455474854,
      3.9547951221466064,
      0.0
    ],
    [
      0.0,
      0.0,
      -23.741918563842773
    ]
  ],
  "properties": {
    "deltaG_H": 0.03854132095972697,
    "thermo_stability": -1.1199721862872445,
    "synth_score": 0.09622037907520181
  }
}