{
  "id": "JVASP-77594",
  "atomic_numbers": [
    81,
    81,
    17,
    17
  ],
  "frac_coords": [
    [
      0.0,
      0.0,
      0.637660801410675
    ],
    [
      0.5,
      0.5,
      0.49278122186660767
    ],
    [
      0.0,
      0.0,
      0.5122190713882446
    ],
    [
      0.5,
      0.5,
      0.6182228922843933
    ]
  ],
  "lattice": [
    [
      4.4405341148376465,
      0.0,
      0.0
    ],
    [
      0.0,
      4.441107749938965,
      0.0
    ],
    [
      0.0,
      0.0,
      23.63384246826172
    ]
  ],
  "properties": {
    "deltaG_H": 0.031395783424377446,
    "thermo_stability": -0.7396596590677897,
    "synth_score": 0.1855302542822253
  }
}