{
  "id": "JVASP-75077",
  "atomic_numbers": [
    5
  ],
  "frac_coords": [
    [
      0.5,
      0.5,
      0.5
    ]
  ],
  "lattice": [
    [
      1.751814842224121,
      0.0,
      0.0
    ],
    [
      0.0,
      1.751814842224121,
      0.0
    ],
    [
      0.0,
      0.0,
      20.0
    ]
  ],
  "properties": {
    "deltaG_H": 0.6,
    "thermo_stability": 0.7,
    "synth_score": 0.8021838885585817
  }
}