{
  "id": "JVASP-705",
  "atomic_numbers": [
    72,
    52,
    52
  ],
  "frac_coords": [
    [
      0.0,
      0.0,
      0.14936700463294983
    ],
    [
      0.33333298563957214,
      0.6666669845581055,
      0.20634838938713074
    ],
    [
      0.6666669845581055,
      0.33333298563957214,
      0.09238561242818832
    ]
  ],
  "lattice": [
    [
      1.9870506525039673,
      -3.441671848297119,
      0.0
    ],
    [
      1.9870506525039673,
      3.441671848297119,
      0.0
    ],
    [
      0.0,
      0.0,
      30.929847717285156
    ]
  ],
  "properties": {
    "deltaG_H": 0.017251471529404323,
    "thermo_stability": -0.3401210327943167,
    "synth_score": 0.3362072782058603
  }
}