{
  "id": "JVASP-60332",
  "atomic_numbers": [
    58,
    58,
    14,
    14,
    53,
    53
  ],
  "frac_coords": [
    [
      0.0,
      0.0,
      0.07670284807682037
    ],
    [
      0.0,
      0.0,
      0.2139541506767273
    ],
    [
      0.6666659712791443,
      0.3333339989185333,
      0.14707164466381073
    ],
    [
      0.3333339989185333,
      0.6666659712791443,
      0.14358535408973694
    ],
    [
      0.3333339989185333,
      0.6666659712791443,
      0.2904720902442932
    ],
    [
      0.6666659712791443,
      0.3333339989185333,
      0.00018490901857148856
    ]
  ],
  "lattice": [
    [
      2.077535629272461,
      -3.5983974933624268,
      0.0
    ],
    [
      2.077535629272461,
      3.5983974933624268,
      0.0
    ],
    [
      0.0,
      0.0,
      28.195119857788086
    ]
  ],
  "properties": {
    "deltaG_H": 0.01054628868897756,
    "thermo_stability": -2.0,
    "synth_score": 0.01798620996209156
  }
}