{
  "id": "JVASP-9026",
  "atomic_numbers": [
    19,
    19,
    51,
    51,
    16,
    16,
    16,
    16
  ],
  "frac_coords": [
    [
      0.5,
      0.25,
      0.12298058718442917
    ],
    [
      0.5,
      0.75,
      0.22168441116809845
    ],
    [
      0.0,
      0.75,
      0.20218418538570404
    ],
    [
      1.3877787807814457e-17,
      0.25,
      0.14248181879520416
    ],
    [
      0.21484366059303284,
      0.72910076379776,
      0.1466875970363617
    ],
    [
      0.7851563096046448,
      0.77089923620224,
      0.1466875970363617
    ],
    [
      0.21484366059303284,
      0.22910076379776,
      0.1979784071445465
    ],
    [
      0.7851563096046448,
      0.27089923620224,
      0.1979784071445465
    ]
  ],
  "lattice": [
    [
      8.5616455078125,
      -0.18679124116897583,
      0.0
    ],
    [
      -3.65769624710083,
      5.885843276977539,
      0.0
    ],
    [
      0.0,
      0.0,
      27.466899871826172
    ]
  ],
  "properties": {
    "deltaG_H": 0.013850063115358354,
    "thermo_stability": -0.09631598194440216,
    "synth_score": 0.45199037535070236
  }
}