{
  "id": "JVASP-76462",
  "atomic_numbers": [
    41,
    16,
    16
  ],
  "frac_coords": [
    [
      0.9298341274261475,
      0.07016585767269135,
      0.06774300336837769
    ],
    [
      0.2439425140619278,
      0.7175746560096741,
      -0.00013620704703498632
    ],
    [
      0.2824253439903259,
      0.7560575008392334,
      0.13562220335006714
    ]
  ],
  "lattice": [
    [
      -2.911884069442749,
      -1.6799356937408447,
      -0.06911999732255936
    ],
    [
      2.911884069442749,
      -1.6799356937408447,
      -0.06911999732255936
    ],
    [
      0.0,
      0.0,
      23.153955459594727
    ]
  ],
  "properties": {
    "deltaG_H": 0.008890763620535534,
    "thermo_stability": -0.9527140031258265,
    "synth_score": 0.1294953637008608
  }
}