{
  "id": "JVASP-76418",
  "atomic_numbers": [
    51,
    51,
    15,
    15,
    8,
    8,
    8,
    8,
    8,
    8,
    8,
    8
  ],
  "frac_coords": [
    [
      0.665444016456604,
      0.25,
      0.8621199727058411
    ],
    [
      0.194364994764328,
      0.75,
      0.9976890087127686
    ],
    [
      0.6286320090293884,
      0.75,
      0.9035019874572754
    ],
    [
      0.2311760038137436,
      0.25,
      0.956305980682373
    ],
    [
      0.6944059729576111,
      0.5667330026626587,
      0.8696190118789673
    ],
    [
      0.6944059729576111,
      0.9332669973373413,
      0.8696190118789673
    ],
    [
      0.07441800087690353,
      0.25,
      0.89308100938797
    ],
    [
      0.5474650263786316,
      0.25,
      0.9434990286827087
    ],
    [
      0.7853909730911255,
      0.75,
      0.9667279720306396
    ],
    [
      0.3123440146446228,
      0.75,
      0.9163100123405457
    ],
    [
      0.16540199518203735,
      0.06673300266265869,
      0.9901890158653259
    ],
    [
      0.16540199518203735,
      0.4332669973373413,
      0.9901890158653259
    ]
  ],
  "lattice": [
    [
      0.0,
      4.77455997467041,
      -0.4606750011444092
    ],
    [
      -6.797881126403809,
      0.0,
      0.0
    ],
    [
      0.0,
      0.0,
      23.210086822509766
    ]
  ],
  "properties": {
    "deltaG_H": -0.006596386988957723,
    "thermo_stability": -0.7132676810026168,
    "synth_score": 0.19363908903446886
  }
}