{
  "id": "JVASP-77997",
  "atomic_numbers": [
    80,
    53,
    35
  ],
  "frac_coords": [
    [
      0.8322548270225525,
      0.16774539649486542,
      0.50282222032547
    ],
    [
      0.0807855874300003,
      0.9192137718200684,
      0.4227851331233978
    ],
    [
      0.5854415893554688,
      0.41455885767936707,
      0.5743926167488098
    ]
  ],
  "lattice": [
    [
      4.276639461517334,
      -0.2219415158033371,
      -0.10095799714326859
    ],
    [
      -1.633109450340271,
      3.9587674140930176,
      0.10095799714326859
    ],
    [
      -0.5354434847831726,
      0.3787866234779358,
      23.432518005371094
    ]
  ],
  "properties": {
    "deltaG_H": 0.019010760585467024,
    "thermo_stability": -1.2049017518758776,
    "synth_score": 0.08242817866137525
  }
}