{
  "id": "JVASP-60507",
  "atomic_numbers": [
    52,
    52,
    1,
    1,
    1,
    1,
    8,
    8,
    8,
    8,
    8,
    8,
    8,
    8
  ],
  "frac_coords": [
    [
      0.25017282366752625,
      0.4726090729236603,
      0.08667077869176865
    ],
    [
      0.7498272061347961,
      0.9726090431213379,
      0.08667077869176865
    ],
    [
      0.03504078835248947,
      0.6758723855018616,
      0.17118820548057556
    ],
    [
      0.4768696427345276,
      0.571289598941803,
      0.0005888050654903054
    ],
    [
      0.5231303572654724,
      0.07128962874412537,
      0.0005888050654903054
    ],
    [
      0.9649592041969299,
      0.17587237060070038,
      0.17118820548057556
    ],
    [
      0.10474002361297607,
      0.5002954602241516,
      0.16184087097644806
    ],
    [
      0.3953036069869995,
      0.4095880687236786,
      0.011957218870520592
    ],
    [
      0.9365972876548767,
      0.26755961775779724,
      0.06069377809762955
    ],
    [
      0.4324551522731781,
      0.17456375062465668,
      0.1120593473315239
    ],
    [
      0.5675448775291443,
      0.6745637655258179,
      0.1120593473315239
    ],
    [
      0.06340271979570389,
      0.7675596475601196,
      0.06069377809762955
    ],
    [
      0.6046963930130005,
      0.909588098526001,
      0.011957218870520592
    ],
    [
      0.8952599763870239,
      0.0002954831288661808,
      0.16184087097644806
    ]
  ],
  "lattice": [
    [
      -4.901167392730713,
      0.0,
      0.0
    ],
    [
      0.0,
      -5.248483180999756,
      -0.35298699140548706
    ],
    [
      0.0,
      0.0,
      24.194826126098633
    ]
  ],
  "properties": {
    "deltaG_H": -0.017079649482454575,
    "thermo_stability": -2.0,
    "synth_score": 0.01798620996209156
  }
}