{
  "id": "JVASP-75287",
  "atomic_numbers": [
    39,
    39,
    39,
    53,
    53,
    53,
    53,
    53,
    53,
    53,
    8
  ],
  "frac_coords": [
    [
      0.7092148661613464,
      0.1428603082895279,
      0.5071575045585632
    ],
    [
      0.15257731080055237,
      0.6993528604507446,
      0.5071492195129395
    ],
    [
      0.1527087688446045,
      0.14272667467594147,
      0.5071629881858826
    ],
    [
      0.33806362748146057,
      0.3283775746822357,
      0.43279868364334106
    ],
    [
      0.8323227763175964,
      0.8228142261505127,
      0.4254662096500397
    ],
    [
      0.0015612918650731444,
      0.49654388427734375,
      0.579529881477356
    ],
    [
      0.5067337155342102,
      0.9914559721946716,
      0.5795076489448547
    ],
    [
      0.8324138522148132,
      0.33981844782829285,
      0.4255022704601288
    ],
    [
      0.5065636038780212,
      0.4966987371444702,
      0.5795122981071472
    ],
    [
      0.3493459224700928,
      0.8227049112319946,
      0.42546626925468445
    ],
    [
      0.004874241538345814,
      0.9949473142623901,
      0.5307460427284241
    ]
  ],
  "lattice": [
    [
      8.283014297485352,
      -0.0005242039333097637,
      -0.0013160000089555979
    ],
    [
      4.141994476318359,
      7.172840118408203,
      0.00038300000596791506
    ],
    [
      -0.00372917833738029,
      0.003408561460673809,
      23.609251022338867
    ]
  ],
  "properties": {
    "deltaG_H": 0.012585937922651119,
    "thermo_stability": -1.1430602192878725,
    "synth_score": 0.0922790022971198
  }
}