{
  "id": "JVASP-6328",
  "atomic_numbers": [
    19,
    19,
    79,
    79,
    16,
    16
  ],
  "frac_coords": [
    [
      0.25,
      0.13497836887836456,
      0.12119100242853165
    ],
    [
      0.75,
      0.8650226593017578,
      0.12119100242853165
    ],
    [
      0.0,
      0.5,
      0.12119100242853165
    ],
    [
      0.5,
      0.5,
      0.12119100242853165
    ],
    [
      0.25,
      0.7295953035354614,
      0.12119100242853165
    ],
    [
      0.75,
      0.2704046964645386,
      0.12119100242853165
    ]
  ],
  "lattice": [
    [
      6.183911323547363,
      0.0,
      0.0
    ],
    [
      0.0,
      7.67744779586792,
      0.0
    ],
    [
      0.0,
      0.0,
      26.39850616455078
    ]
  ],
  "properties": {
    "deltaG_H": 0.010225466092427572,
    "thermo_stability": 0.608130294084549,
    "synth_score": 0.7714048130009032
  }
}