{
  "id": "JVASP-28077",
  "atomic_numbers": [
    59,
    59,
    59,
    59,
    6,
    6,
    17,
    17,
    17,
    17,
    17
  ],
  "frac_coords": [
    [
      0.49999871850013733,
      0.0,
      0.387174516916275
    ],
    [
      0.7154675126075745,
      0.5,
      0.5000125169754028
    ],
    [
      0.28453248739242554,
      0.5,
      0.4999874532222748
    ],
    [
      0.5000013113021851,
      0.0,
      0.6128254532814026
    ],
    [
      0.499998539686203,
      0.0,
      0.47319716215133667
    ],
    [
      0.5000014901161194,
      0.0,
      0.5268028378486633
    ],
    [
      0.23531275987625122,
      0.5,
      0.38415995240211487
    ],
    [
      0.764682948589325,
      0.5,
      0.38419395685195923
    ],
    [
      0.7646872401237488,
      0.5,
      0.6158400177955627
    ],
    [
      0.0,
      0.0,
      0.5
    ],
    [
      0.23531705141067505,
      0.5,
      0.6158060431480408
    ]
  ],
  "lattice": [
    [
      7.856029987335205,
      0.0,
      -0.001740999985486269
    ],
    [
      0.0,
      3.924110174179077,
      0.0
    ],
    [
      0.0,
      0.0,
      25.972431182861328
    ]
  ],
  "properties": {
    "deltaG_H": -0.007697297605601225,
    "thermo_stability": -2.0,
    "synth_score": 0.01798620996209156
  }
}