{
  "id": "JVASP-5944",
  "atomic_numbers": [
    31,
    31,
    16,
    16
  ],
  "frac_coords": [
    [
      0.6666669845581055,
      0.33333298563957214,
      0.11409346014261246
    ],
    [
      0.6666669845581055,
      0.33333298563957214,
      0.20359253883361816
    ],
    [
      0.33333298563957214,
      0.6666669845581055,
      0.074432373046875
    ],
    [
      0.33333298563957214,
      0.6666669845581055,
      0.24325363337993622
    ]
  ],
  "lattice": [
    [
      3.6136441230773926,
      2.1196533417366936e-09,
      0.0
    ],
    [
      -1.8068225383758545,
      3.1295082569122314,
      0.0
    ],
    [
      0.0,
      0.0,
      27.42527198791504
    ]
  ],
  "properties": {
    "deltaG_H": 0.011180788576602936,
    "thermo_stability": -0.8359087934096656,
    "synth_score": 0.1581819977635632
  }
}