{
  "id": "JVASP-27780",
  "atomic_numbers": [
    40,
    22,
    34,
    34,
    34,
    34
  ],
  "frac_coords": [
    [
      0.01909800060093403,
      0.905135989189148,
      0.12537899613380432
    ],
    [
      0.5190979838371277,
      0.40513598918914795,
      0.12537899613380432
    ],
    [
      0.36458712816238403,
      0.905135989189148,
      0.18293878436088562
    ],
    [
      0.8403940796852112,
      0.40513598918914795,
      0.18484066426753998
    ],
    [
      0.19780190289020538,
      0.40513598918914795,
      0.06591733545064926
    ],
    [
      0.6736098527908325,
      0.905135989189148,
      0.06781920790672302
    ]
  ],
  "lattice": [
    [
      6.370016574859619,
      0.0,
      0.0
    ],
    [
      0.0,
      3.674194812774658,
      0.0
    ],
    [
      -0.024581607431173325,
      0.0,
      26.660720825195312
    ]
  ],
  "properties": {
    "deltaG_H": 0.011041415880123775,
    "thermo_stability": -0.38000828723112745,
    "synth_score": 0.31864266772664607
  }
}