{
  "id": "JVASP-28270",
  "atomic_numbers": [
    83,
    83,
    83,
    83,
    16,
    16,
    16,
    16,
    16,
    16,
    16,
    16
  ],
  "frac_coords": [
    [
      0.6398369073867798,
      0.0,
      0.47921276092529297
    ],
    [
      0.8601630926132202,
      0.5,
      0.520787239074707
    ],
    [
      0.3601630628108978,
      0.0,
      0.520787239074707
    ],
    [
      0.13983692228794098,
      0.5,
      0.47921276092529297
    ],
    [
      0.7609676718711853,
      0.0,
      0.5685986280441284
    ],
    [
      0.7390323281288147,
      0.5,
      0.4314013719558716
    ],
    [
      0.547015905380249,
      0.5,
      0.5377237200737
    ],
    [
      0.4529840648174286,
      0.5,
      0.46227630972862244
    ],
    [
      0.952984094619751,
      0.0,
      0.46227630972862244
    ],
    [
      0.2609676718711853,
      0.5,
      0.5685986280441284
    ],
    [
      0.2390323132276535,
      0.0,
      0.4314013719558716
    ],
    [
      0.047015927731990814,
      0.0,
      0.5377237200737
    ]
  ],
  "lattice": [
    [
      14.888160705566406,
      0.0,
      -1.555819034576416
    ],
    [
      0.0,
      4.084716320037842,
      0.0
    ],
    [
      0.0,
      0.0,
      23.025915145874023
    ]
  ],
  "properties": {
    "deltaG_H": 0.005306726137797039,
    "thermo_stability": -0.7007188518842062,
    "synth_score": 0.19758806867896575
  }
}