{
  "id": "JVASP-60290",
  "atomic_numbers": [
    28,
    35,
    35
  ],
  "frac_coords": [
    [
      2.5804001779761165e-06,
      0.9999967813491821,
      0.9383766651153564
    ],
    [
      0.6666669249534607,
      0.333332896232605,
      0.0007309502107091248
    ],
    [
      0.33332952857017517,
      0.6666703224182129,
      0.8765104413032532
    ]
  ],
  "lattice": [
    [
      -3.6538782119750977,
      -4.073215677635744e-05,
      0.0
    ],
    [
      1.8269730806350708,
      3.1643311977386475,
      0.0
    ],
    [
      0.0,
      0.0,
      -22.802993774414062
    ]
  ],
  "properties": {
    "deltaG_H": 0.0036693529287974043,
    "thermo_stability": -2.0,
    "synth_score": 0.01798620996209156
  }
}