{
  "id": "JVASP-60537",
  "atomic_numbers": [
    72,
    72,
    72,
    42,
    42,
    42,
    42,
    42,
    42,
    8,
    8,
    8,
    8,
    8,
    8,
    8,
    8,
    8,
    8,
    8,
    8,
    8,
    8,
    8,
    8,
    8,
    8,
    8,
    8,
    8,
    8,
    8,
    8
  ],
  "frac_coords": [
    [
      0.33333298563957214,
      0.6666659712791443,
      0.8503959774971008
    ],
    [
      0.6666669845581055,
      0.3333339989185333,
      0.8906520009040833
    ],
    [
      0.0,
      0.0,
      0.870523989200592
    ],
    [
      0.6762197017669678,
      0.02831236831843853,
      0.8053207397460938
    ],
    [
      0.3237802982330322,
      0.9716876149177551,
      0.9357272386550903
    ],
    [
      0.028313368558883667,
      0.3520936667919159,
      0.9357272386550903
    ],
    [
      0.3520926833152771,
      0.32377931475639343,
      0.8053207397460938
    ],
    [
      0.6479073166847229,
      0.676220715045929,
      0.9357272386550903
    ],
    [
      0.9716866612434387,
      0.6479063034057617,
      0.8053207397460938
    ],
    [
      0.02858959324657917,
      0.1809423714876175,
      0.9147395491600037
    ],
    [
      0.8351571559906006,
      0.32481059432029724,
      0.9316429495811462
    ],
    [
      0.1809413731098175,
      0.1523507833480835,
      0.8263084292411804
    ],
    [
      0.5106874108314514,
      0.3529324233531952,
      0.8442171216011047
    ],
    [
      0.8422450423240662,
      0.48931360244750977,
      0.8442171216011047
    ],
    [
      0.6751903891563416,
      0.5103475451469421,
      0.9316429495811462
    ],
    [
      0.8190586566925049,
      0.8476492166519165,
      0.9147395491600037
    ],
    [
      0.6103147268295288,
      0.7014374732971191,
      0.9949246644973755
    ],
    [
      0.09112171828746796,
      0.38968625664711,
      0.9949246644973755
    ],
    [
      0.3896852731704712,
      0.29856255650520325,
      0.7461243867874146
    ],
    [
      0.29856353998184204,
      0.908879280090332,
      0.9949246644973755
    ],
    [
      0.6470685601234436,
      0.15775595605373383,
      0.8442171216011047
    ],
    [
      0.15235178172588348,
      0.971411406993866,
      0.9147395491600037
    ],
    [
      0.8476482033729553,
      0.028588594868779182,
      0.8263084292411804
    ],
    [
      0.9714103937149048,
      0.8190576434135437,
      0.8263084292411804
    ],
    [
      0.701436460018158,
      0.09112071990966797,
      0.7461243867874146
    ],
    [
      0.16484282910823822,
      0.6751893758773804,
      0.8094061017036438
    ],
    [
      0.48931261897087097,
      0.6470675468444824,
      0.8968319296836853
    ],
    [
      0.32480961084365845,
      0.4896524250507355,
      0.8094061017036438
    ],
    [
      0.15775495767593384,
      0.5106863975524902,
      0.8968319296836853
    ],
    [
      0.3529314398765564,
      0.842244029045105,
      0.8968319296836853
    ],
    [
      0.5103465914726257,
      0.8351561427116394,
      0.8094061017036438
    ],
    [
      0.48965343832969666,
      0.1648438274860382,
      0.9316429495811462
    ],
    [
      0.9088782668113708,
      0.6103137135505676,
      0.7461243867874146
    ]
  ],
  "lattice": [
    [
      -10.011804580688477,
      -1.7438056829632842e-06,
      0.0
    ],
    [
      5.005901336669922,
      8.670475959777832,
      0.0
    ],
    [
      0.0,
      0.0,
      -26.988773345947266
    ]
  ],
  "properties": {
    "deltaG_H": -0.008922534205696796,
    "thermo_stability": -2.0,
    "synth_score": 0.01798620996209156
  }
}