{
  "id": "JVASP-6349",
  "atomic_numbers": [
    40,
    40,
    17,
    17
  ],
  "frac_coords": [
    [
      0.0,
      0.0,
      0.626359224319458
    ],
    [
      0.6666669845581055,
      0.33333298563957214,
      0.7069737911224365
    ],
    [
      0.33333298563957214,
      0.6666669845581055,
      0.567261815071106
    ],
    [
      0.33333298563957214,
      0.6666669845581055,
      0.7660722136497498
    ]
  ],
  "lattice": [
    [
      3.4361014366149902,
      0.0,
      0.0
    ],
    [
      -1.7180507183074951,
      2.9757511615753174,
      0.0
    ],
    [
      0.0,
      0.0,
      29.568891525268555
    ]
  ],
  "properties": {
    "deltaG_H": 0.01639780879020691,
    "thermo_stability": -1.6732296268145248,
    "synth_score": 0.03401130198612709
  }
}