{
  "id": "JVASP-77996",
  "atomic_numbers": [
    3,
    3,
    28,
    8,
    8
  ],
  "frac_coords": [
    [
      0.33333298563957214,
      0.33333298563957214,
      0.5764150619506836
    ],
    [
      0.6666669845581055,
      0.6666669845581055,
      0.4235849678516388
    ],
    [
      0.0,
      0.0,
      0.5
    ],
    [
      0.33333298563957214,
      0.33333298563957214,
      0.44923093914985657
    ],
    [
      0.6666669845581055,
      0.6666669845581055,
      0.550769031047821
    ]
  ],
  "lattice": [
    [
      3.0474867820739746,
      1.8542922752828872e-09,
      0.0
    ],
    [
      1.523742914199829,
      2.6392006874084473,
      0.0
    ],
    [
      0.0,
      0.0,
      23.689624786376953
    ]
  ],
  "properties": {
    "deltaG_H": -0.0008284109830856332,
    "thermo_stability": -0.8693913663427035,
    "synth_score": 0.14946761611055323
  }
}