{
  "id": "JVASP-60473",
  "atomic_numbers": [
    59,
    59,
    59,
    59,
    59,
    59,
    76,
    76,
    53,
    53,
    53,
    53,
    53,
    53
  ],
  "frac_coords": [
    [
      0.75,
      0.883594274520874,
      0.022660860791802406
    ],
    [
      0.25,
      0.09906493872404099,
      0.11530817300081253
    ],
    [
      0.25,
      0.6868078112602234,
      0.11348222941160202
    ],
    [
      0.75,
      0.9009350538253784,
      0.2119128257036209
    ],
    [
      0.75,
      0.3131921887397766,
      0.21373876929283142
    ],
    [
      0.25,
      0.11640571802854538,
      0.304560124874115
    ],
    [
      0.75,
      0.8892298936843872,
      0.1127166673541069
    ],
    [
      0.25,
      0.1107700914144516,
      0.21450333297252655
    ],
    [
      0.75,
      0.3950277268886566,
      0.10562942177057266
    ],
    [
      0.25,
      0.604972243309021,
      0.22159157693386078
    ],
    [
      0.25,
      0.6276258826255798,
      0.002558833220973611
    ],
    [
      0.25,
      0.13077352941036224,
      0.0005400963127613068
    ],
    [
      0.75,
      0.8692264556884766,
      0.32668089866638184
    ],
    [
      0.75,
      0.37237414717674255,
      0.3246621787548065
    ]
  ],
  "lattice": [
    [
      -4.345200061798096,
      0.0,
      0.0
    ],
    [
      0.0,
      -9.207436561584473,
      -0.5075550079345703
    ],
    [
      0.0,
      0.0,
      29.727439880371094
    ]
  ],
  "properties": {
    "deltaG_H": 0.012686900837080819,
    "thermo_stability": -2.0,
    "synth_score": 0.01798620996209156
  }
}