{
  "id": "JVASP-13526",
  "atomic_numbers": [
    39,
    39,
    39,
    39,
    35,
    35,
    35,
    35,
    35,
    35,
    35,
    35,
    35,
    35,
    35,
    35
  ],
  "frac_coords": [
    [
      0.0333469994366169,
      0.6240773797035217,
      0.18711699545383453
    ],
    [
      0.0333469994366169,
      0.9574286341667175,
      0.18711699545383453
    ],
    [
      0.533348023891449,
      0.12407737970352173,
      0.18711699545383453
    ],
    [
      0.533348023891449,
      0.45742860436439514,
      0.18711699545383453
    ],
    [
      0.28912708163261414,
      0.4666719138622284,
      0.25101763010025024
    ],
    [
      0.28912708163261414,
      0.11483508348464966,
      0.25101763010025024
    ],
    [
      0.26134052872657776,
      0.7907530069351196,
      0.251011461019516
    ],
    [
      0.7891271114349365,
      0.9666709303855896,
      0.25101763010025024
    ],
    [
      0.7891271114349365,
      0.6148350834846497,
      0.25101763010025024
    ],
    [
      0.7613405585289001,
      0.29075300693511963,
      0.251011461019516
    ],
    [
      0.3053544759750366,
      0.29075300693511963,
      0.12322354316711426
    ],
    [
      0.27756792306900024,
      0.9666709303855896,
      0.12321636825799942
    ],
    [
      0.27756792306900024,
      0.6148350834846497,
      0.12321636825799942
    ],
    [
      0.8053554892539978,
      0.7907530069351196,
      0.12322354316711426
    ],
    [
      0.7775679230690002,
      0.4666719138622284,
      0.12321636825799942
    ],
    [
      0.7775679230690002,
      0.11483508348464966,
      0.12321636825799942
    ]
  ],
  "lattice": [
    [
      7.091458797454834,
      0.0,
      0.0
    ],
    [
      0.0,
      12.28412914276123,
      0.0
    ],
    [
      -8.862874984741211,
      0.0,
      25.0
    ]
  ],
  "properties": {
    "deltaG_H": 0.02721809208393097,
    "thermo_stability": -0.6263979941606521,
    "synth_score": 0.22221651514416033
  }
}