{
  "id": "JVASP-27956",
  "atomic_numbers": [
    12,
    12,
    12,
    1,
    1,
    8,
    8,
    8,
    8
  ],
  "frac_coords": [
    [
      0.6666669845581055,
      0.33333298563957214,
      0.5842251777648926
    ],
    [
      0.0,
      0.0,
      0.4999712109565735
    ],
    [
      0.33333298563957214,
      0.6666669845581055,
      0.41571688652038574
    ],
    [
      0.0,
      0.0,
      0.6540706753730774
    ],
    [
      0.0,
      0.0,
      0.34586814045906067
    ],
    [
      0.0,
      0.0,
      0.6206583976745605
    ],
    [
      0.33333298563957214,
      0.6666669845581055,
      0.5419523119926453
    ],
    [
      0.6666669845581055,
      0.33333298563957214,
      0.4579877257347107
    ],
    [
      0.0,
      0.0,
      0.3792804479598999
    ]
  ],
  "lattice": [
    [
      3.05106520652771,
      4.090904504039372e-09,
      0.0
    ],
    [
      -1.5255330801010132,
      2.6422996520996094,
      0.0
    ],
    [
      0.0,
      0.0,
      28.961292266845703
    ]
  ],
  "properties": {
    "deltaG_H": -0.019033017887009517,
    "thermo_stability": -2.0,
    "synth_score": 0.01798620996209156
  }
}