{
  "id": "JVASP-6265",
  "atomic_numbers": [
    13,
    15,
    16,
    16,
    16,
    16
  ],
  "frac_coords": [
    [
      0.5,
      0.0,
      0.22513200342655182
    ],
    [
      0.0,
      0.0,
      0.22513200342655182
    ],
    [
      0.7756868600845337,
      0.21709999442100525,
      0.17795412242412567
    ],
    [
      0.2243131399154663,
      0.7829000353813171,
      0.17795412242412567
    ],
    [
      0.7756868600845337,
      0.7829000353813171,
      0.27231088280677795
    ],
    [
      0.2243131399154663,
      0.21709999442100525,
      0.27231088280677795
    ]
  ],
  "lattice": [
    [
      5.706075668334961,
      0.0,
      0.0
    ],
    [
      0.0,
      5.070526123046875,
      0.0
    ],
    [
      0.0,
      0.0,
      25.466787338256836
    ]
  ],
  "properties": {
    "deltaG_H": 0.005721439341704051,
    "thermo_stability": -0.24412047564983386,
    "synth_score": 0.3803080420384584
  }
}