{
  "id": "JVASP-6463",
  "atomic_numbers": [
    81,
    81,
    81,
    81,
    81,
    81,
    81,
    81,
    50,
    50,
    16,
    16,
    16,
    16,
    16,
    16
  ],
  "frac_coords": [
    [
      0.4086090326309204,
      0.8932597041130066,
      0.05877601355314255
    ],
    [
      0.8932597041130066,
      0.09139097481966019,
      0.05877601355314255
    ],
    [
      0.09139097481966019,
      0.6067402958869934,
      0.05877601355314255
    ],
    [
      0.6067402958869934,
      0.4086090326309204,
      0.05877601355314255
    ],
    [
      0.9086090326309204,
      0.10674026608467102,
      0.2149059921503067
    ],
    [
      0.393259733915329,
      0.9086090326309204,
      0.2149059921503067
    ],
    [
      0.5913909673690796,
      0.393259733915329,
      0.2149059921503067
    ],
    [
      0.10674026608467102,
      0.5913909673690796,
      0.2149059921503067
    ],
    [
      0.25,
      0.25,
      0.13031873106956482
    ],
    [
      0.75,
      0.75,
      0.14336428046226501
    ],
    [
      0.75,
      0.75,
      0.04775204882025719
    ],
    [
      0.9171484112739563,
      0.4171484112739563,
      0.13684099912643433
    ],
    [
      0.5828515887260437,
      0.0828515887260437,
      0.13684099912643433
    ],
    [
      0.4171484112739563,
      0.5828515887260437,
      0.13684099912643433
    ],
    [
      0.0828515887260437,
      0.9171484112739563,
      0.13684099912643433
    ],
    [
      0.25,
      0.25,
      0.22593094408512115
    ]
  ],
  "lattice": [
    [
      8.011983871459961,
      0.0,
      0.0
    ],
    [
      0.0,
      8.011983871459961,
      0.0
    ],
    [
      0.0,
      0.0,
      26.511394500732422
    ]
  ],
  "properties": {
    "deltaG_H": 0.015257685482501983,
    "thermo_stability": -1.4786951164404551,
    "synth_score": 0.0493883885086117
  }
}