{
  "id": "JVASP-6145",
  "atomic_numbers": [
    92,
    92,
    16,
    16,
    16,
    16,
    16,
    16
  ],
  "frac_coords": [
    [
      0.07278821617364883,
      0.9751549959182739,
      0.24323217570781708
    ],
    [
      0.5513187646865845,
      0.47515401244163513,
      0.14691981673240662
    ],
    [
      0.5670183300971985,
      0.9751549959182739,
      0.2173386812210083
    ],
    [
      0.2796911299228668,
      0.47515401244163513,
      0.3039121925830841
    ],
    [
      0.8929957747459412,
      0.47515401244163513,
      0.3039202392101288
    ],
    [
      0.7311112284660339,
      0.9751549959182739,
      0.08623175323009491
    ],
    [
      0.3444158732891083,
      0.9751549959182739,
      0.08623979985713959
    ],
    [
      0.05708868429064751,
      0.47515401244163513,
      0.1728133261203766
    ]
  ],
  "lattice": [
    [
      5.394067287445068,
      0.0,
      0.0
    ],
    [
      0.0,
      3.8904435634613037,
      0.0
    ],
    [
      -1.202622890472412,
      0.0,
      27.5350284576416
    ]
  ],
  "properties": {
    "deltaG_H": -0.00013635963201522744,
    "thermo_stability": -2.0,
    "synth_score": 0.01798620996209156
  }
}