{
  "id": "JVASP-6874",
  "atomic_numbers": [
    20,
    20,
    14,
    14
  ],
  "frac_coords": [
    [
      0.5,
      0.25,
      0.15060943365097046
    ],
    [
      0.5,
      0.75,
      0.26585355401039124
    ],
    [
      0.0,
      0.25,
      0.2377757579088211
    ],
    [
      0.0,
      0.75,
      0.17868824303150177
    ]
  ],
  "lattice": [
    [
      4.348172187805176,
      0.0,
      0.0
    ],
    [
      0.0,
      3.8863515853881836,
      0.0
    ],
    [
      0.0,
      0.0,
      25.705339431762695
    ]
  ],
  "properties": {
    "deltaG_H": 0.017022114396095276,
    "thermo_stability": -0.24573533932367964,
    "synth_score": 0.3795471745995167
  }
}