{
  "id": "JVASP-77700",
  "atomic_numbers": [
    5,
    5,
    5,
    5,
    7,
    7,
    7,
    7
  ],
  "frac_coords": [
    [
      0.35785165429115295,
      0.14216232299804688,
      0.4999987781047821
    ],
    [
      0.6421483755111694,
      0.8578376770019531,
      0.5000011920928955
    ],
    [
      0.8578516244888306,
      0.3578376770019531,
      0.5000011920928955
    ],
    [
      0.14214836061000824,
      0.6421623229980469,
      0.4999987781047821
    ],
    [
      0.3431640863418579,
      0.8431693315505981,
      0.49999815225601196
    ],
    [
      0.15683592855930328,
      0.34316930174827576,
      0.49999815225601196
    ],
    [
      0.6568359136581421,
      0.15683069825172424,
      0.500001847743988
    ],
    [
      0.8431640863418579,
      0.6568306684494019,
      0.500001847743988
    ]
  ],
  "lattice": [
    [
      4.934524059295654,
      0.0,
      0.0
    ],
    [
      0.0,
      4.934401512145996,
      1.9999999949504854e-06
    ],
    [
      0.0,
      9.00715258467244e-06,
      19.992948532104492
    ]
  ],
  "properties": {
    "deltaG_H": -0.003445385932922363,
    "thermo_stability": 0.3885110422968864,
    "synth_score": 0.6850379503848346
  }
}