{
  "id": "JVASP-60494",
  "atomic_numbers": [
    75,
    75,
    75,
    75,
    75,
    75,
    34,
    34,
    34,
    34,
    34,
    34,
    34,
    34,
    17,
    17
  ],
  "frac_coords": [
    [
      0.8214089274406433,
      0.34854456782341003,
      0.20722053945064545
    ],
    [
      0.6785916686058044,
      0.15145574510097504,
      0.07954569905996323
    ],
    [
      0.005108302924782038,
      0.2968871593475342,
      0.12332280725240707
    ],
    [
      0.4948919415473938,
      0.2031133472919464,
      0.16344285011291504
    ],
    [
      0.8417025208473206,
      0.9897658228874207,
      0.1541808396577835
    ],
    [
      0.6582973599433899,
      0.5102360844612122,
      0.1325855553150177
    ],
    [
      0.016844935715198517,
      0.9537757039070129,
      0.07477196305990219
    ],
    [
      0.15045510232448578,
      0.12597040832042694,
      0.19995281100273132
    ],
    [
      0.9944978952407837,
      0.6338358521461487,
      0.17480842769145966
    ],
    [
      0.5055025219917297,
      0.8661656975746155,
      0.1119585707783699
    ],
    [
      0.6648204326629639,
      0.04494034871459007,
      0.23366279900074005
    ],
    [
      0.48315516114234924,
      0.546224057674408,
      0.21199476718902588
    ],
    [
      0.3495458662509918,
      0.3740302622318268,
      0.08681364357471466
    ],
    [
      0.8351776599884033,
      0.4550611972808838,
      0.05310358852148056
    ],
    [
      0.9123113751411438,
      0.4730425477027893,
      0.28579816222190857
    ],
    [
      0.5876852869987488,
      0.02695327065885067,
      0.0009689870639704168
    ]
  ],
  "lattice": [
    [
      -6.659153938293457,
      0.010010283440351486,
      -0.25727900862693787
    ],
    [
      -0.4341856837272644,
      -6.642495155334473,
      -0.7337669730186462
    ],
    [
      0.0,
      0.0,
      28.222509384155273
    ]
  ],
  "properties": {
    "deltaG_H": 0.004500293135643005,
    "thermo_stability": -2.0,
    "synth_score": 0.01798620996209156
  }
}