{
  "id": "JVASP-13616",
  "atomic_numbers": [
    33,
    17,
    17,
    17,
    17,
    17
  ],
  "frac_coords": [
    [
      0.8247541189193726,
      0.0,
      0.14366500079631805
    ],
    [
      0.8229120969772339,
      0.0,
      0.06346769630908966
    ],
    [
      0.6523618102073669,
      0.7388960123062134,
      0.14366500079631805
    ],
    [
      0.6523618102073669,
      0.261104017496109,
      0.14366500079631805
    ],
    [
      0.1689249873161316,
      0.0,
      0.14366500079631805
    ],
    [
      0.8229120969772339,
      0.0,
      0.22386130690574646
    ]
  ],
  "lattice": [
    [
      6.3400678634643555,
      0.0,
      0.0
    ],
    [
      0.0,
      7.271881580352783,
      0.0
    ],
    [
      0.0,
      0.0,
      28.06346321105957
    ]
  ],
  "properties": {
    "deltaG_H": 0.018266794701417288,
    "thermo_stability": -1.014002181092898,
    "synth_score": 0.11629385596520105
  }
}