{
  "id": "JVASP-60301",
  "atomic_numbers": [
    14,
    14,
    14,
    14,
    14,
    14,
    15,
    15,
    15,
    15,
    15,
    15
  ],
  "frac_coords": [
    [
      0.06025749817490578,
      0.12051499634981155,
      0.10767290741205215
    ],
    [
      0.17078617215156555,
      0.3415723443031311,
      0.08326303958892822
    ],
    [
      0.7948712706565857,
      0.5897425413131714,
      0.1388535350561142
    ],
    [
      0.7981425523757935,
      0.5962851643562317,
      0.04315841570496559
    ],
    [
      0.43617314100265503,
      0.8723462820053101,
      0.05208779498934746
    ],
    [
      0.43290433287620544,
      0.8658086657524109,
      0.14778538048267365
    ],
    [
      0.2304609715938568,
      0.4609219431877136,
      0.1627046912908554
    ],
    [
      0.689277172088623,
      0.37855440378189087,
      0.02601449377834797
    ],
    [
      0.0005844025290571153,
      0.0011688050581142306,
      0.02823616936802864
    ],
    [
      0.541774332523346,
      0.08354870975017548,
      0.16492238640785217
    ],
    [
      0.8860272765159607,
      0.7720545530319214,
      0.19135400652885437
    ],
    [
      0.34501683712005615,
      0.6900336742401123,
      -0.0004138107178732753
    ]
  ],
  "lattice": [
    [
      3.5443801879882812,
      0.0,
      0.0
    ],
    [
      -1.7721900939941406,
      10.311776161193848,
      0.0
    ],
    [
      0.0,
      0.0,
      24.73016929626465
    ]
  ],
  "properties": {
    "deltaG_H": 0.01035908079147339,
    "thermo_stability": -1.7255894015232727,
    "synth_score": 0.030733724369931936
  }
}