{
  "id": "JVASP-747",
  "atomic_numbers": [
    52,
    52,
    78
  ],
  "frac_coords": [
    [
      0.33333298563957214,
      0.6666669845581055,
      0.16435648500919342
    ],
    [
      0.6666669845581055,
      0.33333298563957214,
      0.0704985186457634
    ],
    [
      0.0,
      0.0,
      0.1174279972910881
    ]
  ],
  "lattice": [
    [
      1.9969244003295898,
      -3.4587740898132324,
      0.0
    ],
    [
      1.9969244003295898,
      3.4587740898132324,
      0.0
    ],
    [
      0.0,
      0.0,
      30.345008850097656
    ]
  ],
  "properties": {
    "deltaG_H": 0.013992226074139278,
    "thermo_stability": -0.005040856202443544,
    "synth_score": 0.49747959324678154
  }
}