{
  "id": "JVASP-6664",
  "atomic_numbers": [
    20,
    20,
    25,
    25,
    14,
    14
  ],
  "frac_coords": [
    [
      0.9791799783706665,
      0.4791800081729889,
      0.23234374821186066
    ],
    [
      0.4791800081729889,
      0.9791799783706665,
      0.046257246285676956
    ],
    [
      0.4791800081729889,
      0.4791800081729889,
      0.13930100202560425
    ],
    [
      0.9791799783706665,
      0.9791799783706665,
      0.13930100202560425
    ],
    [
      0.4791800081729889,
      0.9791799783706665,
      0.18982040882110596
    ],
    [
      0.9791799783706665,
      0.4791800081729889,
      0.08878058195114136
    ]
  ],
  "lattice": [
    [
      3.859586000442505,
      0.0,
      0.0
    ],
    [
      0.0,
      3.859586000442505,
      0.0
    ],
    [
      0.0,
      0.0,
      27.72391128540039
    ]
  ],
  "properties": {
    "deltaG_H": 0.00896797001361847,
    "thermo_stability": -1.4264416863520943,
    "synth_score": 0.05453246325133364
  }
}