{
  "id": "JVASP-6307",
  "atomic_numbers": [
    12,
    12,
    15,
    15,
    34,
    34,
    34,
    34,
    34,
    34
  ],
  "frac_coords": [
    [
      0.6666669845581055,
      0.33333298563957214,
      0.14623357355594635
    ],
    [
      0.0,
      0.0,
      0.14777442812919617
    ],
    [
      0.33333298563957214,
      0.6666669845581055,
      0.10289520770311356
    ],
    [
      0.33333298563957214,
      0.6666669845581055,
      0.19111280143260956
    ],
    [
      0.002197790890932083,
      0.3334597647190094,
      0.0790228545665741
    ],
    [
      0.3312619626522064,
      0.997802197933197,
      0.0790228545665741
    ],
    [
      0.666540265083313,
      0.6687380075454712,
      0.0790228545665741
    ],
    [
      0.00012676329060923308,
      0.6645959615707397,
      0.21498514711856842
    ],
    [
      0.6644691824913025,
      0.9998732209205627,
      0.21498514711856842
    ],
    [
      0.33540403842926025,
      0.3355307877063751,
      0.21498514711856842
    ]
  ],
  "lattice": [
    [
      6.425617218017578,
      2.406044030678345e-09,
      0.0
    ],
    [
      -3.212808609008789,
      5.5647478103637695,
      0.0
    ],
    [
      0.0,
      0.0,
      25.429380416870117
    ]
  ],
  "properties": {
    "deltaG_H": 0.008062396490573883,
    "thermo_stability": -0.7462910234928131,
    "synth_score": 0.1835344925508405
  }
}