{
  "id": "JVASP-20044",
  "atomic_numbers": [
    57,
    57,
    53,
    53,
    8,
    8
  ],
  "frac_coords": [
    [
      0.5,
      0.0,
      0.20416337251663208
    ],
    [
      0.0,
      0.5,
      0.12354162335395813
    ],
    [
      0.0,
      0.5,
      0.2677813172340393
    ],
    [
      0.5,
      0.0,
      0.0599236935377121
    ],
    [
      0.0,
      0.0,
      0.1638520061969757
    ],
    [
      0.5,
      0.5,
      0.1638520061969757
    ]
  ],
  "lattice": [
    [
      4.151092529296875,
      -0.0,
      0.0
    ],
    [
      -0.0,
      4.151092529296875,
      0.0
    ],
    [
      0.0,
      0.0,
      29.748823165893555
    ]
  ],
  "properties": {
    "deltaG_H": 0.010450893739859263,
    "thermo_stability": -1.7892937282721206,
    "synth_score": 0.027157010989388497
  }
}