{
  "id": "JVASP-75194",
  "atomic_numbers": [
    47,
    47,
    82,
    82,
    82,
    82,
    82,
    82,
    82,
    82,
    17,
    17,
    8,
    8,
    8,
    8,
    8,
    8,
    8,
    8
  ],
  "frac_coords": [
    [
      0.5,
      0.0,
      0.5115923881530762
    ],
    [
      0.0,
      0.5,
      0.48840761184692383
    ],
    [
      0.17106598615646362,
      0.15901538729667664,
      0.4440973997116089
    ],
    [
      0.15901538729667664,
      0.8289340138435364,
      0.5559026002883911
    ],
    [
      0.8409846425056458,
      0.17106598615646362,
      0.5559026002883911
    ],
    [
      0.3289340138435364,
      0.34098461270332336,
      0.5559026002883911
    ],
    [
      0.34098461270332336,
      0.6710659861564636,
      0.4440973997116089
    ],
    [
      0.6590153574943542,
      0.3289340138435364,
      0.4440973997116089
    ],
    [
      0.8289340138435364,
      0.8409846425056458,
      0.4440973997116089
    ],
    [
      0.6710659861564636,
      0.6590153574943542,
      0.5559026002883911
    ],
    [
      0.0,
      0.5,
      0.39263662695884705
    ],
    [
      0.5,
      0.0,
      0.6073633432388306
    ],
    [
      0.9070244431495667,
      0.7660069465637207,
      0.5234200954437256
    ],
    [
      0.2339930683374405,
      0.9070244431495667,
      0.4765799343585968
    ],
    [
      0.5929755568504333,
      0.7339930534362793,
      0.4765799343585968
    ],
    [
      0.7660069465637207,
      0.09297555685043335,
      0.4765799343585968
    ],
    [
      0.40702444314956665,
      0.2660069167613983,
      0.4765799343585968
    ],
    [
      0.09297555685043335,
      0.2339930683374405,
      0.5234200954437256
    ],
    [
      0.7339930534362793,
      0.40702444314956665,
      0.5234200954437256
    ],
    [
      0.2660069167613983,
      0.5929755568504333,
      0.5234200954437256
    ]
  ],
  "lattice": [
    [
      8.204864501953125,
      -2.1497362112654628e-08,
      0.0
    ],
    [
      2.1497362112654628e-08,
      8.204864501953125,
      0.0
    ],
    [
      0.0,
      0.0,
      26.380027770996094
    ]
  ],
  "properties": {
    "deltaG_H": 0.008670491576194764,
    "thermo_stability": -2.0,
    "synth_score": 0.01798620996209156
  }
}