{
  "id": "JVASP-5872",
  "atomic_numbers": [
    73,
    16,
    16
  ],
  "frac_coords": [
    [
      0.6231740117073059,
      0.1882459968328476,
      0.12436799705028534
    ],
    [
      0.9565070271492004,
      0.8549129962921143,
      0.17914630472660065
    ],
    [
      0.2898409962654114,
      0.5215790271759033,
      0.06958968937397003
    ]
  ],
  "lattice": [
    [
      3.3836276531219482,
      9.123715116743369e-10,
      0.0
    ],
    [
      -1.691813349723816,
      2.930307149887085,
      0.0
    ],
    [
      0.0,
      0.0,
      27.95285987854004
    ]
  ],
  "properties": {
    "deltaG_H": 0.009117892185846965,
    "thermo_stability": -0.2666839629411699,
    "synth_score": 0.36973171593820353
  }
}