{
  "id": "JVASP-27754",
  "atomic_numbers": [
    28,
    1,
    1,
    8,
    8
  ],
  "frac_coords": [
    [
      0.14811700582504272,
      0.8404800295829773,
      0.09353099763393402
    ],
    [
      0.8147839903831482,
      0.17381300032138824,
      0.17412309348583221
    ],
    [
      0.48144999146461487,
      0.5071470141410828,
      0.012939912267029285
    ],
    [
      0.8147839903831482,
      0.17381300032138824,
      0.13454367220401764
    ],
    [
      0.48144999146461487,
      0.5071470141410828,
      0.05251932516694069
    ]
  ],
  "lattice": [
    [
      3.1250722408294678,
      0.0,
      0.0
    ],
    [
      -1.5625361204147339,
      2.7063915729522705,
      0.0
    ],
    [
      0.0,
      0.0,
      24.60214614868164
    ]
  ],
  "properties": {
    "deltaG_H": -0.018748892545700075,
    "thermo_stability": -1.5957295094927155,
    "synth_score": 0.039488403121645664
  }
}