{
  "id": "JVASP-6394",
  "atomic_numbers": [
    73,
    73,
    53,
    53,
    53,
    53,
    17,
    17,
    17,
    17
  ],
  "frac_coords": [
    [
      0.20949707925319672,
      0.5,
      0.17571699619293213
    ],
    [
      0.7905029058456421,
      0.5,
      0.17571699619293213
    ],
    [
      0.0,
      0.5,
      0.10119684785604477
    ],
    [
      0.5,
      0.5,
      0.11342855542898178
    ],
    [
      0.5,
      0.5,
      0.23800544440746307
    ],
    [
      0.0,
      0.5,
      0.2502371370792389
    ],
    [
      0.7691283822059631,
      0.7828475832939148,
      0.17571699619293213
    ],
    [
      0.7691283822059631,
      0.2171524167060852,
      0.17571699619293213
    ],
    [
      0.23087161779403687,
      0.7828475832939148,
      0.17571699619293213
    ],
    [
      0.23087161779403687,
      0.2171524167060852,
      0.17571699619293213
    ]
  ],
  "lattice": [
    [
      7.527897357940674,
      0.0,
      0.0
    ],
    [
      0.0,
      8.165148735046387,
      0.0
    ],
    [
      0.0,
      0.0,
      30.837270736694336
    ]
  ],
  "properties": {
    "deltaG_H": 0.018321012258529664,
    "thermo_stability": -0.7732622494300208,
    "synth_score": 0.17558880547997882
  }
}