{
  "id": "JVASP-78019",
  "atomic_numbers": [
    53
  ],
  "frac_coords": [
    [
      0.5,
      0.5,
      0.5
    ]
  ],
  "lattice": [
    [
      3.2448737621307373,
      0.0,
      0.0
    ],
    [
      0.0,
      3.2448737621307373,
      0.0
    ],
    [
      0.0,
      0.0,
      20.0
    ]
  ],
  "properties": {
    "deltaG_H": 0.6,
    "thermo_stability": 0.7,
    "synth_score": 0.8021838885585817
  }
}