{
  "id": "JVASP-6478",
  "atomic_numbers": [
    16,
    16,
    16,
    7,
    7,
    17,
    17
  ],
  "frac_coords": [
    [
      0.8376159071922302,
      0.7700864672660828,
      0.1655832827091217
    ],
    [
      0.6723646521568298,
      0.36278611421585083,
      0.21184104681015015
    ],
    [
      0.8959047198295593,
      0.8101115822792053,
      0.24033769965171814
    ],
    [
      0.7451763153076172,
      0.5093702673912048,
      0.1642976701259613
    ],
    [
      0.75910484790802,
      0.5427339673042297,
      0.2502725422382355
    ],
    [
      0.47821930050849915,
      0.8598297834396362,
      0.1561790108680725
    ],
    [
      0.12405628710985184,
      0.2528107762336731,
      0.2016187459230423
    ]
  ],
  "lattice": [
    [
      5.429208755493164,
      -0.46011099219322205,
      0.0
    ],
    [
      -1.9194886684417725,
      6.123595237731934,
      0.0
    ],
    [
      0.0,
      0.0,
      29.15441131591797
    ]
  ],
  "properties": {
    "deltaG_H": -0.001047054239681787,
    "thermo_stability": 0.14761664519707351,
    "synth_score": 0.5732768436019343
  }
}