{
  "id": "JVASP-28183",
  "atomic_numbers": [
    22,
    22,
    50,
    50,
    8,
    8,
    8,
    8,
    8,
    8
  ],
  "frac_coords": [
    [
      0.33333298563957214,
      0.6666669845581055,
      0.4981163442134857
    ],
    [
      0.0,
      0.0,
      0.5018846392631531
    ],
    [
      0.6666669845581055,
      0.33333298563957214,
      0.40895867347717285
    ],
    [
      0.6666669845581055,
      0.33333298563957214,
      0.5910413265228271
    ],
    [
      0.022927043959498405,
      0.6899457573890686,
      0.45585599541664124
    ],
    [
      0.6670176982879639,
      0.9770729541778564,
      0.45585599541664124
    ],
    [
      0.3100542724132538,
      0.33298230171203613,
      0.45585599541664124
    ],
    [
      0.023278729990124702,
      0.33368468284606934,
      0.5441449880599976
    ],
    [
      0.6663153171539307,
      0.689594030380249,
      0.5441449880599976
    ],
    [
      0.310405969619751,
      0.9767212867736816,
      0.5441449880599976
    ]
  ],
  "lattice": [
    [
      5.115013122558594,
      4.714900967428548e-07,
      0.0
    ],
    [
      -2.5575075149536133,
      4.429731369018555,
      0.0
    ],
    [
      0.0,
      0.0,
      24.414907455444336
    ]
  ],
  "properties": {
    "deltaG_H": -0.000712517261505127,
    "thermo_stability": -1.5560426980257036,
    "synth_score": 0.0426114877302816
  }
}