{
  "id": "JVASP-19557",
  "atomic_numbers": [
    78,
    16,
    16,
    17,
    17,
    17,
    17,
    17,
    17
  ],
  "frac_coords": [
    [
      0.5,
      0.5,
      0.14787599444389343
    ],
    [
      0.18607744574546814,
      0.2529594302177429,
      0.0853576809167862
    ],
    [
      0.8139225244522095,
      0.7470405697822571,
      0.21039432287216187
    ],
    [
      0.22414612770080566,
      0.30836817622184753,
      0.018537623807787895
    ],
    [
      0.8031444549560547,
      0.6352193355560303,
      0.09985202550888062
    ],
    [
      0.4068235456943512,
      -0.016888514161109924,
      0.08030768483877182
    ],
    [
      0.5931764841079712,
      0.016888514161109924,
      0.21544431149959564
    ],
    [
      0.19685551524162292,
      0.36478063464164734,
      0.19590097665786743
    ],
    [
      0.7758538722991943,
      0.6916318535804749,
      0.277214378118515
    ]
  ],
  "lattice": [
    [
      4.468812465667725,
      -0.08994460850954056,
      -0.5961970090866089
    ],
    [
      -0.6748136281967163,
      6.242539882659912,
      -1.6927770376205444
    ],
    [
      0.0,
      0.0,
      28.39910125732422
    ]
  ],
  "properties": {
    "deltaG_H": 0.00966206603580051,
    "thermo_stability": -2.0,
    "synth_score": 0.01798620996209156
  }
}