{
  "id": "JVASP-60262",
  "atomic_numbers": [
    83,
    83,
    83,
    83,
    8,
    8,
    8,
    8,
    8,
    8
  ],
  "frac_coords": [
    [
      0.09008217602968216,
      0.2873161733150482,
      0.9445248246192932
    ],
    [
      0.497090220451355,
      0.8604953289031982,
      0.9931716918945312
    ],
    [
      0.9099178314208984,
      0.7126838564872742,
      0.9123622179031372
    ],
    [
      0.502909779548645,
      0.13950468599796295,
      0.8637153506278992
    ],
    [
      0.2578701972961426,
      0.0022486145608127117,
      0.9359599351882935
    ],
    [
      0.7431161403656006,
      0.6940494775772095,
      0.9933362007141113
    ],
    [
      0.256883829832077,
      0.3059505224227905,
      0.8635498285293579
    ],
    [
      0.7767611742019653,
      0.369620680809021,
      0.9106305837631226
    ],
    [
      0.22323885560035706,
      0.630379319190979,
      0.9462564587593079
    ],
    [
      0.7421298027038574,
      -0.0022486145608127117,
      0.9209270477294922
    ]
  ],
  "lattice": [
    [
      -5.603821277618408,
      -0.04579157009720802,
      0.0
    ],
    [
      2.76811146736145,
      6.925105094909668,
      0.0
    ],
    [
      0.0,
      0.0,
      -23.340307235717773
    ]
  ],
  "properties": {
    "deltaG_H": 0.004997213649749756,
    "thermo_stability": -0.6553266614675521,
    "synth_score": 0.21237754009031812
  }
}