{
  "id": "JVASP-6838",
  "atomic_numbers": [
    31,
    31,
    52,
    52
  ],
  "frac_coords": [
    [
      0.33333298563957214,
      0.6666669845581055,
      0.12788690626621246
    ],
    [
      0.33333298563957214,
      0.6666669845581055,
      0.22074508666992188
    ],
    [
      0.6666669845581055,
      0.33333298563957214,
      0.07947316765785217
    ],
    [
      0.6666669845581055,
      0.33333298563957214,
      0.26915884017944336
    ]
  ],
  "lattice": [
    [
      4.111785411834717,
      0.0,
      0.0
    ],
    [
      -2.0558927059173584,
      3.560910224914551,
      0.0
    ],
    [
      0.0,
      0.0,
      26.425569534301758
    ]
  ],
  "properties": {
    "deltaG_H": 0.012782891392707826,
    "thermo_stability": -1.1836489965518315,
    "synth_score": 0.08570062108408918
  }
}