{
  "id": "JVASP-19998",
  "atomic_numbers": [
    48,
    17,
    17
  ],
  "frac_coords": [
    [
      0.6666511297225952,
      0.3333488702774048,
      0.21818549931049347
    ],
    [
      1.3141891031409614e-05,
      -1.3141891031409614e-05,
      0.16765132546424866
    ],
    [
      0.3333357572555542,
      0.6666642427444458,
      0.26863718032836914
    ]
  ],
  "lattice": [
    [
      3.856919765472412,
      1.9833711121464148e-05,
      0.0
    ],
    [
      -1.9284427165985107,
      3.340200185775757,
      0.0
    ],
    [
      0.0,
      0.0,
      28.946800231933594
    ]
  ],
  "properties": {
    "deltaG_H": 0.02290427664915721,
    "thermo_stability": -0.12381835977236433,
    "synth_score": 0.43840526819598735
  }
}