{
  "id": "JVASP-60594",
  "atomic_numbers": [
    5,
    7
  ],
  "frac_coords": [
    [
      0.6666659712791443,
      0.3333339989185333,
      0.0
    ],
    [
      0.0,
      0.0,
      0.0
    ]
  ],
  "lattice": [
    [
      1.2552133798599243,
      -2.174093246459961,
      0.0
    ],
    [
      1.2552133798599243,
      2.174093246459961,
      0.0
    ],
    [
      0.0,
      0.0,
      20.0
    ]
  ],
  "properties": {
    "deltaG_H": -0.0025120296478271485,
    "thermo_stability": 0.4643672287464141,
    "synth_score": 0.7168184638354318
  }
}