{
  "id": "JVASP-8975",
  "atomic_numbers": [
    56,
    56,
    12,
    12,
    83,
    83
  ],
  "frac_coords": [
    [
      -1.5059388260851847e-06,
      1.5059388260851847e-06,
      0.2762813866138458
    ],
    [
      1.5059388260851847e-06,
      -1.5059388260851847e-06,
      0.5573186278343201
    ],
    [
      0.6666629910469055,
      0.3333370089530945,
      0.38312822580337524
    ],
    [
      0.3333370089530945,
      0.6666629910469055,
      0.45047175884246826
    ],
    [
      0.6666706800460815,
      0.33332931995391846,
      0.4836132526397705
    ],
    [
      0.33332931995391846,
      0.6666706800460815,
      0.349986732006073
    ]
  ],
  "lattice": [
    [
      4.811559200286865,
      -2.907991256506648e-05,
      0.0
    ],
    [
      -2.4058046340942383,
      4.16691780090332,
      0.0
    ],
    [
      0.0,
      0.0,
      30.048099517822266
    ]
  ],
  "properties": {
    "deltaG_H": 0.022400599360466004,
    "thermo_stability": -2.0,
    "synth_score": 0.01798620996209156
  }
}