{
  "id": "JVASP-13628",
  "atomic_numbers": [
    26,
    26,
    16,
    16
  ],
  "frac_coords": [
    [
      0.2584969997406006,
      0.2584969997406006,
      0.10714100301265717
    ],
    [
      0.7584969997406006,
      0.7584969997406006,
      0.10714100301265717
    ],
    [
      0.2584969997406006,
      0.7584969997406006,
      0.15536406636238098
    ],
    [
      0.7584969997406006,
      0.2584969997406006,
      0.05891793221235275
    ]
  ],
  "lattice": [
    [
      3.581341505050659,
      0.0,
      0.0
    ],
    [
      0.0,
      3.581341505050659,
      0.0
    ],
    [
      0.0,
      0.0,
      25.454435348510742
    ]
  ],
  "properties": {
    "deltaG_H": 0.0014910535514354698,
    "thermo_stability": 0.06756443083286268,
    "synth_score": 0.5337309043732381
  }
}