{
  "id": "JVASP-76613",
  "atomic_numbers": [
    39,
    39,
    35,
    35,
    35,
    35,
    35,
    35
  ],
  "frac_coords": [
    [
      0.23783116042613983,
      0.9044788479804993,
      0.07115499675273895
    ],
    [
      0.9044788479804993,
      0.23783116042613983,
      0.07115499675273895
    ],
    [
      0.957475483417511,
      0.6056243181228638,
      0.14047056436538696
    ],
    [
      0.8886563777923584,
      0.8886563777923584,
      0.0018169715767726302
    ],
    [
      0.2536536455154419,
      0.2536536455154419,
      0.14049303531646729
    ],
    [
      0.5366846919059753,
      0.18483349680900574,
      0.001838440541177988
    ],
    [
      0.6056243181228638,
      0.957475483417511,
      0.14047056436538696
    ],
    [
      0.18483349680900574,
      0.5366846919059753,
      0.001838440541177988
    ]
  ],
  "lattice": [
    [
      6.141227722167969,
      3.5051562786102295,
      -0.5365210175514221
    ],
    [
      -6.141227722167969,
      3.5051562786102295,
      -0.5365210175514221
    ],
    [
      0.0,
      0.0,
      23.31585693359375
    ]
  ],
  "properties": {
    "deltaG_H": 0.02699796885251999,
    "thermo_stability": -0.9171276211738588,
    "synth_score": 0.13773213264272793
  }
}