{
  "id": "JVASP-6643",
  "atomic_numbers": [
    19,
    19,
    19,
    19,
    34,
    34,
    34,
    34,
    34,
    34,
    34,
    34,
    34,
    34
  ],
  "frac_coords": [
    [
      0.0768023356795311,
      0.8449732065200806,
      0.21738949418067932
    ],
    [
      0.358319491147995,
      0.4267866313457489,
      0.3306882083415985
    ],
    [
      0.8583194613456726,
      0.0732133612036705,
      0.33388280868530273
    ],
    [
      0.5768023133277893,
      0.6550267934799194,
      0.4471815228462219
    ],
    [
      0.5274251103401184,
      0.26883649826049805,
      0.20636801421642303
    ],
    [
      0.09954755753278732,
      0.3543013632297516,
      0.23388239741325378
    ],
    [
      0.5683034658432007,
      0.9230853319168091,
      0.23472881317138672
    ],
    [
      0.7553001046180725,
      0.4505671560764313,
      0.25509485602378845
    ],
    [
      0.38821396231651306,
      0.9193591475486755,
      0.3038899302482605
    ],
    [
      0.8882139921188354,
      0.5806408524513245,
      0.36068105697631836
    ],
    [
      0.2553001046180725,
      0.04943285137414932,
      0.4094761610031128
    ],
    [
      0.06830344349145889,
      0.5769146680831909,
      0.42984217405319214
    ],
    [
      0.5995475649833679,
      0.1456986367702484,
      0.4306885898113251
    ],
    [
      0.027425121515989304,
      0.23116348683834076,
      0.458202987909317
    ]
  ],
  "lattice": [
    [
      6.580323219299316,
      0.0,
      0.0
    ],
    [
      0.0,
      6.588079929351807,
      0.0
    ],
    [
      0.0,
      0.0,
      29.812570571899414
    ]
  ],
  "properties": {
    "deltaG_H": 0.00895761319569179,
    "thermo_stability": -2.0,
    "synth_score": 0.01798620996209156
  }
}