{
  "id": "JVASP-76667",
  "atomic_numbers": [
    14,
    14,
    14,
    14,
    33,
    33,
    33,
    33,
    33,
    33,
    33,
    33
  ],
  "frac_coords": [
    [
      0.5,
      0.7992075681686401,
      0.10685954242944717
    ],
    [
      0.0,
      0.08201122283935547,
      0.061239615082740784
    ],
    [
      0.0,
      0.5820112228393555,
      0.17557638883590698
    ],
    [
      0.5,
      0.29920753836631775,
      0.12995645403862
    ],
    [
      0.5,
      0.8911452889442444,
      0.19387125968933105
    ],
    [
      0.5,
      0.947787344455719,
      0.03604203835129738
    ],
    [
      0.0,
      0.6562883853912354,
      0.08897817879915237
    ],
    [
      0.0,
      0.7614601850509644,
      0.23404431343078613
    ],
    [
      0.0,
      0.26146018505096436,
      0.0027716855984181166
    ],
    [
      0.0,
      0.15628841519355774,
      0.14783881604671478
    ],
    [
      0.5,
      0.447787344455719,
      0.20077396929264069
    ],
    [
      0.5,
      0.3911452889442444,
      0.042944736778736115
    ]
  ],
  "lattice": [
    [
      3.6903982162475586,
      0.0,
      0.0
    ],
    [
      0.0,
      10.363974571228027,
      0.0
    ],
    [
      0.0,
      0.0,
      26.206003189086914
    ]
  ],
  "properties": {
    "deltaG_H": 0.011302604258060456,
    "thermo_stability": -2.0,
    "synth_score": 0.01798620996209156
  }
}