{
  "id": "JVASP-75218",
  "atomic_numbers": [
    47,
    47,
    79,
    79,
    17,
    17,
    17,
    17,
    17,
    17,
    17,
    17
  ],
  "frac_coords": [
    [
      0.48643258213996887,
      0.7500045299530029,
      0.5000045895576477
    ],
    [
      0.5135673880577087,
      0.24999548494815826,
      0.4999954402446747
    ],
    [
      0.0,
      0.0,
      0.5
    ],
    [
      3.3881317890172014e-21,
      0.5,
      0.5
    ],
    [
      0.9576418399810791,
      0.14084622263908386,
      0.5611207485198975
    ],
    [
      0.9576600790023804,
      0.3591570556163788,
      0.43887782096862793
    ],
    [
      0.3125111758708954,
      0.40513840317726135,
      0.565338134765625
    ],
    [
      0.3124805986881256,
      0.09485781192779541,
      0.43465930223464966
    ],
    [
      0.687488853931427,
      0.5948615670204163,
      0.4346618354320526
    ],
    [
      0.04235817864537239,
      0.8591538071632385,
      0.4388792812824249
    ],
    [
      0.042339932173490524,
      0.6408429145812988,
      0.5611221790313721
    ],
    [
      0.6875194311141968,
      0.9051421880722046,
      0.5653406977653503
    ]
  ],
  "lattice": [
    [
      4.07266902923584,
      0.0006730013992637396,
      0.0
    ],
    [
      -0.00020917852816637605,
      13.1159086227417,
      0.0
    ],
    [
      0.0,
      0.0,
      22.92501449584961
    ]
  ],
  "properties": {
    "deltaG_H": 0.015553020636240643,
    "thermo_stability": -0.8753352532784144,
    "synth_score": 0.14796264751515587
  }
}