{
  "id": "JVASP-6130",
  "atomic_numbers": [
    92,
    92,
    34,
    34,
    34,
    34,
    34,
    34
  ],
  "frac_coords": [
    [
      0.5736508965492249,
      0.013635000213980675,
      0.23785418272018433
    ],
    [
      0.05130109563469887,
      0.513634979724884,
      0.1420828253030777
    ],
    [
      0.0674138069152832,
      0.013635000213980675,
      0.21105505526065826
    ],
    [
      0.3745163381099701,
      0.513634979724884,
      0.29528969526290894
    ],
    [
      0.7997299432754517,
      0.513634979724884,
      0.29525133967399597
    ],
    [
      0.8252220749855042,
      0.013635000213980675,
      0.08468666672706604
    ],
    [
      0.2504356801509857,
      0.013635000213980675,
      0.08464730530977249
    ],
    [
      0.5575382113456726,
      0.513634979724884,
      0.16888195276260376
    ]
  ],
  "lattice": [
    [
      5.664487361907959,
      0.0,
      0.0
    ],
    [
      0.0,
      4.001914024353027,
      0.0
    ],
    [
      -1.318320870399475,
      0.0,
      30.110010147094727
    ]
  ],
  "properties": {
    "deltaG_H": 0.006460508108139039,
    "thermo_stability": -1.9229307194550835,
    "synth_score": 0.020920947885387578
  }
}