{
  "id": "JVASP-6841",
  "atomic_numbers": [
    22,
    34,
    34
  ],
  "frac_coords": [
    [
      0.6666669845581055,
      0.33333298563957214,
      0.20925000309944153
    ],
    [
      0.0,
      0.0,
      0.14430199563503265
    ],
    [
      0.0,
      0.0,
      0.2741979956626892
    ]
  ],
  "lattice": [
    [
      3.4890329837799072,
      8.576453325304101e-09,
      0.0
    ],
    [
      -1.7445160150527954,
      3.0215914249420166,
      0.0
    ],
    [
      0.0,
      0.0,
      24.886829376220703
    ]
  ],
  "properties": {
    "deltaG_H": 0.01072283277908961,
    "thermo_stability": -0.48221751252810163,
    "synth_score": 0.27599110824282014
  }
}