{
  "id": "JVASP-6535",
  "atomic_numbers": [
    83,
    83,
    16,
    16,
    35,
    35
  ],
  "frac_coords": [
    [
      0.75,
      0.7280259132385254,
      0.1466323882341385
    ],
    [
      0.25,
      0.2719740569591522,
      0.15081560611724854
    ],
    [
      0.25,
      0.5768118500709534,
      0.09497959911823273
    ],
    [
      0.75,
      0.42318814992904663,
      0.2024683952331543
    ],
    [
      0.75,
      0.08686672151088715,
      0.08479250222444534
    ],
    [
      0.25,
      0.9131332635879517,
      0.21265549957752228
    ]
  ],
  "lattice": [
    [
      4.085597991943359,
      0.0,
      0.0
    ],
    [
      0.0,
      7.200926780700684,
      0.0
    ],
    [
      0.0,
      0.0,
      28.467639923095703
    ]
  ],
  "properties": {
    "deltaG_H": 0.022313093582789104,
    "thermo_stability": -0.5245081504185996,
    "synth_score": 0.25941404279328695
  }
}