{
  "id": "JVASP-75063",
  "atomic_numbers": [
    41,
    41,
    29,
    16,
    16,
    16,
    16
  ],
  "frac_coords": [
    [
      0.6666669845581055,
      0.33333298563957214,
      0.6216080188751221
    ],
    [
      0.33333298563957214,
      0.6666669845581055,
      0.3783920109272003
    ],
    [
      0.0,
      0.0,
      0.5
    ],
    [
      0.6666669845581055,
      0.33333298563957214,
      0.5441765785217285
    ],
    [
      0.33333298563957214,
      0.6666669845581055,
      0.45582345128059387
    ],
    [
      0.6666669845581055,
      0.33333298563957214,
      0.33750489354133606
    ],
    [
      0.33333298563957214,
      0.6666669845581055,
      0.6624950766563416
    ]
  ],
  "lattice": [
    [
      3.6104726791381836,
      1.7215958658667319e-09,
      0.0
    ],
    [
      -1.8052374124526978,
      3.126762628555298,
      0.0
    ],
    [
      0.0,
      0.0,
      29.590740203857422
    ]
  ],
  "properties": {
    "deltaG_H": 3.955338682447122e-05,
    "thermo_stability": -2.0,
    "synth_score": 0.01798620996209156
  }
}