{
  "id": "JVASP-14425",
  "atomic_numbers": [
    39,
    39,
    31,
    31,
    53,
    53
  ],
  "frac_coords": [
    [
      0.2940469980239868,
      0.6793590188026428,
      0.2881014347076416
    ],
    [
      0.2940469980239868,
      0.6793590188026428,
      0.1453825682401657
    ],
    [
      0.9607139825820923,
      0.012691999785602093,
      0.22925902903079987
    ],
    [
      0.6273800134658813,
      0.3460260033607483,
      0.20422497391700745
    ],
    [
      0.6273800134658813,
      0.3460260033607483,
      0.35876649618148804
    ],
    [
      0.9607139825820923,
      0.012691999785602093,
      0.0747164934873581
    ]
  ],
  "lattice": [
    [
      4.181055068969727,
      -3.847916207888602e-09,
      0.0
    ],
    [
      -2.090526819229126,
      3.620899200439453,
      0.0
    ],
    [
      0.0,
      0.0,
      28.24278450012207
    ]
  ],
  "properties": {
    "deltaG_H": 0.01295934518178304,
    "thermo_stability": -2.0,
    "synth_score": 0.01798620996209156
  }
}