{
  "id": "JVASP-6010",
  "atomic_numbers": [
    22,
    22,
    34,
    34
  ],
  "frac_coords": [
    [
      0.7161210179328918,
      0.7161210179328918,
      0.11515399813652039
    ],
    [
      0.21612200140953064,
      0.21612200140953064,
      0.11515399813652039
    ],
    [
      0.7161210179328918,
      0.21612200140953064,
      0.17125552892684937
    ],
    [
      0.21612200140953064,
      0.7161210179328918,
      0.059052467346191406
    ]
  ],
  "lattice": [
    [
      4.141325950622559,
      0.0,
      0.0
    ],
    [
      0.0,
      4.141325950622559,
      0.0
    ],
    [
      0.0,
      0.0,
      25.98442268371582
    ]
  ],
  "properties": {
    "deltaG_H": 0.008402596712112426,
    "thermo_stability": -0.1950485676527025,
    "synth_score": 0.4036939175746422
  }
}