{
  "id": "JVASP-77584",
  "atomic_numbers": [
    20,
    8,
    8
  ],
  "frac_coords": [
    [
      0.5,
      0.5,
      0.5
    ],
    [
      0.0,
      0.0,
      0.4642307162284851
    ],
    [
      0.0,
      0.0,
      0.5357692837715149
    ]
  ],
  "lattice": [
    [
      3.2248332500457764,
      0.0,
      0.0
    ],
    [
      0.0,
      3.2248332500457764,
      0.0
    ],
    [
      0.0,
      0.0,
      21.5194149017334
    ]
  ],
  "properties": {
    "deltaG_H": -0.003974741299947102,
    "thermo_stability": 0.49538642714420944,
    "synth_score": 0.7292405485117638
  }
}