{
  "id": "JVASP-75372",
  "atomic_numbers": [
    71,
    71,
    1,
    1,
    1,
    1,
    17,
    17,
    8,
    8,
    8,
    8
  ],
  "frac_coords": [
    [
      0.75,
      0.2536870539188385,
      0.5268232226371765
    ],
    [
      0.25,
      0.7463129758834839,
      0.4731767773628235
    ],
    [
      0.75,
      0.04761463403701782,
      0.4217900335788727
    ],
    [
      0.25,
      0.31996840238571167,
      0.4405885934829712
    ],
    [
      0.75,
      0.6800315976142883,
      0.5594114065170288
    ],
    [
      0.25,
      0.9523853659629822,
      0.5782099366188049
    ],
    [
      0.25,
      0.38373231887817383,
      0.6038203239440918
    ],
    [
      0.75,
      0.6162676811218262,
      0.3961796760559082
    ],
    [
      0.25,
      0.9951406717300415,
      0.54110187292099
    ],
    [
      0.25,
      0.36880627274513245,
      0.47717681527137756
    ],
    [
      0.75,
      0.6311937570571899,
      0.5228232145309448
    ],
    [
      0.75,
      0.004859317559748888,
      0.4588981568813324
    ]
  ],
  "lattice": [
    [
      3.46256160736084,
      0.0,
      0.0
    ],
    [
      0.0,
      6.156735897064209,
      0.0
    ],
    [
      0.0,
      0.0,
      25.356487274169922
    ]
  ],
  "properties": {
    "deltaG_H": -0.017147676944732668,
    "thermo_stability": -2.0,
    "synth_score": 0.01798620996209156
  }
}