{
  "id": "JVASP-60426",
  "atomic_numbers": [
    41,
    41,
    15,
    15,
    15,
    15,
    16,
    16,
    16,
    16,
    16,
    16,
    16,
    16,
    16,
    16,
    16,
    16,
    16,
    16,
    16,
    16
  ],
  "frac_coords": [
    [
      0.5702465176582336,
      0.4300140142440796,
      0.9145188331604004
    ],
    [
      0.43001410365104675,
      0.5702473521232605,
      0.9145178198814392
    ],
    [
      0.5029919743537903,
      0.8782433867454529,
      0.9223735332489014
    ],
    [
      0.12174642086029053,
      0.49660587310791016,
      0.906916081905365
    ],
    [
      0.8782385587692261,
      0.5029884576797485,
      0.922382116317749
    ],
    [
      0.4966055452823639,
      0.12174688279628754,
      0.9069131016731262
    ],
    [
      0.6301479935646057,
      0.07951988279819489,
      0.9515686631202698
    ],
    [
      0.36916449666023254,
      0.9203523993492126,
      0.8778970837593079
    ],
    [
      0.8158621788024902,
      0.5926456451416016,
      0.8710241317749023
    ],
    [
      0.407012403011322,
      0.18454541265964508,
      0.9580758810043335
    ],
    [
      0.589946448802948,
      0.2605997622013092,
      0.8467888236045837
    ],
    [
      0.7391534447669983,
      0.4100227653980255,
      0.9824516773223877
    ],
    [
      0.18455097079277039,
      0.4070163369178772,
      0.9580773711204529
    ],
    [
      0.6455020904541016,
      0.6455020308494568,
      0.9672366380691528
    ],
    [
      0.5225939750671387,
      0.5225929617881775,
      0.8290775418281555
    ],
    [
      0.07951952517032623,
      0.6301475167274475,
      0.9515722393989563
    ],
    [
      0.4780718982219696,
      0.47807398438453674,
      -5.2976371080148965e-05
    ],
    [
      0.5926404595375061,
      0.8158569931983948,
      0.8710174560546875
    ],
    [
      0.26058730483055115,
      0.5899366736412048,
      0.8467878103256226
    ],
    [
      0.41002118587493896,
      0.7391544580459595,
      0.9824450016021729
    ],
    [
      0.3550318777561188,
      0.35503119230270386,
      0.8616518974304199
    ],
    [
      0.9203488230705261,
      0.36915895342826843,
      0.8779062628746033
    ]
  ],
  "lattice": [
    [
      -5.585719585418701,
      -10.32181167602539,
      0.0
    ],
    [
      -5.58571195602417,
      10.321817398071289,
      0.0
    ],
    [
      0.0,
      0.0,
      -24.11977767944336
    ]
  ],
  "properties": {
    "deltaG_H": -0.015166646762327717,
    "thermo_stability": -2.0,
    "synth_score": 0.01798620996209156
  }
}