{
  "id": "JVASP-687",
  "atomic_numbers": [
    31,
    31,
    34,
    34
  ],
  "frac_coords": [
    [
      0.6666669845581055,
      0.33333298563957214,
      0.3851814270019531
    ],
    [
      0.6666669845581055,
      0.33333298563957214,
      0.3201255798339844
    ],
    [
      0.33333298563957214,
      0.6666669845581055,
      0.4163302183151245
    ],
    [
      0.33333298563957214,
      0.6666669845581055,
      0.288976788520813
    ]
  ],
  "lattice": [
    [
      1.8983311653137207,
      -3.2880046367645264,
      0.0
    ],
    [
      1.8983311653137207,
      3.2880046367645264,
      0.0
    ],
    [
      0.0,
      0.0,
      37.75045394897461
    ]
  ],
  "properties": {
    "deltaG_H": 0.014070687294006347,
    "thermo_stability": -0.1447782844305039,
    "synth_score": 0.4281124298172488
  }
}