{
  "id": "JVASP-75132",
  "atomic_numbers": [
    49,
    49,
    49,
    49,
    52,
    52,
    52,
    52,
    35,
    35,
    35,
    35
  ],
  "frac_coords": [
    [
      0.7023964524269104,
      0.372651070356369,
      0.49275973439216614
    ],
    [
      0.2023964375257492,
      0.12734894454479218,
      0.5072402358055115
    ],
    [
      0.297603577375412,
      0.6273489594459534,
      0.5072402358055115
    ],
    [
      0.7976035475730896,
      0.8726510405540466,
      0.49275973439216614
    ],
    [
      0.8711113333702087,
      0.14670972526073456,
      0.5605078935623169
    ],
    [
      0.37111133337020874,
      0.35329025983810425,
      0.4394921064376831
    ],
    [
      0.12888865172863007,
      0.8532902598381042,
      0.4394921064376831
    ],
    [
      0.6288886666297913,
      0.6467097401618958,
      0.5605078935623169
    ],
    [
      0.9054266214370728,
      0.4465011656284332,
      0.4127641022205353
    ],
    [
      0.40542665123939514,
      0.05349881947040558,
      0.5872359275817871
    ],
    [
      0.09457336366176605,
      0.5534988045692444,
      0.5872359275817871
    ],
    [
      0.5945733785629272,
      0.9465011954307556,
      0.4127641022205353
    ]
  ],
  "lattice": [
    [
      7.669280052185059,
      0.0,
      0.0
    ],
    [
      0.0,
      8.36359691619873,
      0.0
    ],
    [
      0.0,
      0.0,
      24.280729293823242
    ]
  ],
  "properties": {
    "deltaG_H": 0.01947546700636546,
    "thermo_stability": -1.4085576852162678,
    "synth_score": 0.05640627052034224
  }
}