{
  "id": "JVASP-5932",
  "atomic_numbers": [
    23,
    16,
    16
  ],
  "frac_coords": [
    [
      0.6143360137939453,
      0.1817760020494461,
      0.1231750026345253
    ],
    [
      0.2810029983520508,
      0.5151090025901794,
      0.17842312157154083
    ],
    [
      0.9476690292358398,
      0.8484429717063904,
      0.06792787462472916
    ]
  ],
  "lattice": [
    [
      3.195180892944336,
      0.0,
      0.0
    ],
    [
      -1.597590446472168,
      2.7671074867248535,
      0.0
    ],
    [
      0.0,
      0.0,
      26.537551879882812
    ]
  ],
  "properties": {
    "deltaG_H": 0.00658455694715182,
    "thermo_stability": -0.28232782284418745,
    "synth_score": 0.3624709189838915
  }
}