{
  "id": "JVASP-8987",
  "atomic_numbers": [
    11,
    7,
    8,
    8
  ],
  "frac_coords": [
    [
      3.959754479865296e-08,
      1.6208676925089094e-06,
      0.11610539257526398
    ],
    [
      0.49999967217445374,
      0.49999353289604187,
      0.08898888528347015
    ],
    [
      0.5000001192092896,
      0.7043783664703369,
      0.11940060555934906
    ],
    [
      0.5000001788139343,
      0.2956264913082123,
      0.11940711736679077
    ]
  ],
  "lattice": [
    [
      3.472548246383667,
      1.0131112730960012e-06,
      0.0
    ],
    [
      1.526773871773912e-06,
      5.23357629776001,
      0.0
    ],
    [
      0.0,
      0.0,
      22.610681533813477
    ]
  ],
  "properties": {
    "deltaG_H": -0.008425985395908355,
    "thermo_stability": 0.41897102743387205,
    "synth_score": 0.6980316120278115
  }
}