{
  "id": "JVASP-60485",
  "atomic_numbers": [
    58,
    58,
    52,
    52,
    52,
    52,
    52,
    52
  ],
  "frac_coords": [
    [
      0.9209340810775757,
      0.25,
      0.22912754118442535
    ],
    [
      0.4209340810775757,
      0.75,
      0.08418545871973038
    ],
    [
      0.920795202255249,
      0.75,
      0.31305888295173645
    ],
    [
      0.4208087921142578,
      0.25,
      0.31305864453315735
    ],
    [
      0.4209619462490082,
      0.75,
      0.19701384007930756
    ],
    [
      0.9209619760513306,
      0.25,
      0.11629916727542877
    ],
    [
      0.42079517245292664,
      0.25,
      0.00025411471142433584
    ],
    [
      0.9208087921142578,
      0.75,
      0.00025436971918679774
    ]
  ],
  "lattice": [
    [
      4.429230213165283,
      0.0,
      0.0
    ],
    [
      0.0,
      4.429271221160889,
      0.0
    ],
    [
      0.0,
      0.0,
      29.12535285949707
    ]
  ],
  "properties": {
    "deltaG_H": 0.018882120847702025,
    "thermo_stability": -2.0,
    "synth_score": 0.01798620996209156
  }
}