{
  "id": "JVASP-6016",
  "atomic_numbers": [
    14,
    14,
    16,
    16,
    16,
    16
  ],
  "frac_coords": [
    [
      0.25,
      0.5,
      0.17665499448776245
    ],
    [
      0.75,
      0.5,
      0.17665499448776245
    ],
    [
      0.5,
      0.2804516851902008,
      0.13741332292556763
    ],
    [
      0.0,
      0.7195482850074768,
      0.13741332292556763
    ],
    [
      0.5,
      0.7195482850074768,
      0.21589767932891846
    ],
    [
      0.0,
      0.2804516851902008,
      0.21589767932891846
    ]
  ],
  "lattice": [
    [
      5.606803894042969,
      0.0,
      0.0
    ],
    [
      1.0000000168623835e-16,
      4.955021381378174,
      0.0
    ],
    [
      0.0,
      0.0,
      30.926759719848633
    ]
  ],
  "properties": {
    "deltaG_H": 0.00809040586153666,
    "thermo_stability": 0.4493114431699117,
    "synth_score": 0.7106664231543351
  }
}