{
  "id": "JVASP-6916",
  "atomic_numbers": [
    20,
    20,
    1,
    1,
    1
  ],
  "frac_coords": [
    [
      0.33333298563957214,
      0.6666669845581055,
      0.05752592533826828
    ],
    [
      0.6666669845581055,
      0.33333298563957214,
      0.15317507088184357
    ],
    [
      0.6666669845581055,
      0.33333298563957214,
      0.06180499494075775
    ],
    [
      0.0,
      0.0,
      0.10535100102424622
    ],
    [
      0.33333298563957214,
      0.6666669845581055,
      0.1488960087299347
    ]
  ],
  "lattice": [
    [
      3.8722338676452637,
      0.0,
      0.0
    ],
    [
      -1.9361169338226318,
      3.3534531593322754,
      0.0
    ],
    [
      0.0,
      0.0,
      25.338972091674805
    ]
  ],
  "properties": {
    "deltaG_H": 0.012852365523576737,
    "thermo_stability": 0.0836244801680246,
    "synth_score": 0.5417150468660749
  }
}