{
  "id": "JVASP-31356",
  "atomic_numbers": [
    41,
    8,
    8
  ],
  "frac_coords": [
    [
      0.33333298563957214,
      0.6666669845581055,
      0.11647100001573563
    ],
    [
      0.6666669845581055,
      0.33333298563957214,
      0.06359610706567764
    ],
    [
      0.6666669845581055,
      0.33333298563957214,
      0.1693459004163742
    ]
  ],
  "lattice": [
    [
      3.0016446113586426,
      -5.963194937841365e-10,
      0.0
    ],
    [
      -1.5008227825164795,
      2.5995001792907715,
      0.0
    ],
    [
      0.0,
      0.0,
      22.4670467376709
    ]
  ],
  "properties": {
    "deltaG_H": 0.00157314086953799,
    "thermo_stability": 0.18441801344354936,
    "synth_score": 0.5911776915796672
  }
}