{
  "id": "JVASP-19545",
  "atomic_numbers": [
    94,
    94,
    35,
    35,
    8,
    8
  ],
  "frac_coords": [
    [
      0.5854079723358154,
      0.08540800213813782,
      0.1927424818277359
    ],
    [
      0.08540800213813782,
      0.5854079723358154,
      0.10694552212953568
    ],
    [
      0.08540800213813782,
      0.5854079723358154,
      0.24950739741325378
    ],
    [
      0.5854079723358154,
      0.08540800213813782,
      0.05018160864710808
    ],
    [
      0.5854079723358154,
      0.5854079723358154,
      0.1498440057039261
    ],
    [
      0.08540800213813782,
      0.08540800213813782,
      0.1498440057039261
    ]
  ],
  "lattice": [
    [
      3.9012701511383057,
      0.0,
      0.0
    ],
    [
      0.0,
      3.9012701511383057,
      0.0
    ],
    [
      0.0,
      0.0,
      28.558713912963867
    ]
  ],
  "properties": {
    "deltaG_H": 0.008749267558256786,
    "thermo_stability": -1.6470963055888816,
    "synth_score": 0.03577095508599845
  }
}