{
  "id": "JVASP-77610",
  "atomic_numbers": [
    23,
    23,
    34,
    34
  ],
  "frac_coords": [
    [
      0.0,
      0.0,
      0.5
    ],
    [
      0.5,
      0.5,
      0.5
    ],
    [
      0.0,
      0.5,
      0.5744906067848206
    ],
    [
      0.5,
      0.0,
      0.42550939321517944
    ]
  ],
  "lattice": [
    [
      3.597029685974121,
      0.0,
      0.0
    ],
    [
      0.0,
      3.597029685974121,
      0.0
    ],
    [
      0.0,
      0.0,
      23.448734283447266
    ]
  ],
  "properties": {
    "deltaG_H": 0.007162783145904542,
    "thermo_stability": -0.8080202261606853,
    "synth_score": 0.16575166434167463
  }
}