{
  "id": "JVASP-75088",
  "atomic_numbers": [
    31,
    31,
    26,
    16,
    16,
    16,
    16
  ],
  "frac_coords": [
    [
      0.33333298563957214,
      0.6666669845581055,
      0.6205991506576538
    ],
    [
      0.6666669845581055,
      0.33333298563957214,
      0.3794008493423462
    ],
    [
      0.0,
      0.0,
      0.5
    ],
    [
      0.6666669845581055,
      0.33333298563957214,
      0.45572665333747864
    ],
    [
      0.33333298563957214,
      0.6666669845581055,
      0.544273316860199
    ],
    [
      0.6666669845581055,
      0.33333298563957214,
      0.6564173102378845
    ],
    [
      0.33333298563957214,
      0.6666669845581055,
      0.3435826897621155
    ]
  ],
  "lattice": [
    [
      3.646432638168335,
      -2.5542579162873835e-10,
      0.0
    ],
    [
      -1.8232167959213257,
      3.1579043865203857,
      0.0
    ],
    [
      0.0,
      0.0,
      29.103609085083008
    ]
  ],
  "properties": {
    "deltaG_H": 0.003170435428619385,
    "thermo_stability": -2.0,
    "synth_score": 0.01798620996209156
  }
}