{
  "id": "JVASP-688",
  "atomic_numbers": [
    5,
    7
  ],
  "frac_coords": [
    [
      0.6666669845581055,
      0.33333298563957214,
      0.0627480000257492
    ],
    [
      0.33333298563957214,
      0.6666669845581055,
      0.0627480000257492
    ]
  ],
  "lattice": [
    [
      1.2552098035812378,
      -2.1740875244140625,
      0.0
    ],
    [
      1.2552098035812378,
      2.1740875244140625,
      0.0
    ],
    [
      0.0,
      0.0,
      30.707265853881836
    ]
  ],
  "properties": {
    "deltaG_H": -0.0025121083259582507,
    "thermo_stability": 0.8365863010287284,
    "synth_score": 0.8419983531193769
  }
}