{
  "id": "JVASP-60505",
  "atomic_numbers": [
    13,
    13,
    1,
    1,
    1,
    1,
    1,
    1,
    8,
    8,
    8,
    8,
    8,
    8
  ],
  "frac_coords": [
    [
      0.8363542556762695,
      0.8271774649620056,
      0.08311714231967926
    ],
    [
      0.16364572942256927,
      0.17282256484031677,
      0.08310285210609436
    ],
    [
      0.8948312401771545,
      0.5325222015380859,
      0.16490724682807922
    ],
    [
      0.10516876727342606,
      0.46747779846191406,
      0.0013127567945048213
    ],
    [
      0.32277271151542664,
      0.7474828362464905,
      0.1376936286687851
    ],
    [
      0.677227258682251,
      0.2525171935558319,
      0.028527377173304558
    ],
    [
      0.548663318157196,
      0.2963636815547943,
      0.13757731020450592
    ],
    [
      0.45133668184280396,
      0.7036363482475281,
      0.02864268608391285
    ],
    [
      0.8454756736755371,
      0.5171006917953491,
      0.12604689598083496
    ],
    [
      0.15452434122562408,
      0.4828992784023285,
      0.04017310217022896
    ],
    [
      0.11976035684347153,
      0.8950385451316833,
      0.12654641270637512
    ],
    [
      0.8802396655082703,
      0.10496146231889725,
      0.03967459127306938
    ],
    [
      0.4974382817745209,
      0.13986393809318542,
      0.12653030455112457
    ],
    [
      0.5025616884231567,
      0.860136091709137,
      0.039689693599939346
    ]
  ],
  "lattice": [
    [
      -4.894035339355469,
      0.1542581170797348,
      -0.017184000462293625
    ],
    [
      -2.304399251937866,
      4.595083713531494,
      0.33261600136756897
    ],
    [
      0.0,
      0.0,
      -24.055885314941406
    ]
  ],
  "properties": {
    "deltaG_H": -0.015939683743885585,
    "thermo_stability": -1.77340240602692,
    "synth_score": 0.02800943140272325
  }
}