{
  "id": "JVASP-76319",
  "atomic_numbers": [
    65,
    65,
    17,
    17,
    17,
    17,
    17,
    17
  ],
  "frac_coords": [
    [
      0.0,
      0.5,
      0.07770011574029922
    ],
    [
      0.5,
      0.0,
      0.08829488605260849
    ],
    [
      0.0,
      0.817375659942627,
      0.032138314098119736
    ],
    [
      0.5,
      0.5,
      0.00012593129940796643
    ],
    [
      0.0,
      0.18262436985969543,
      0.032138314098119736
    ],
    [
      0.5,
      0.682624340057373,
      0.13385668396949768
    ],
    [
      0.5,
      0.31737563014030457,
      0.13385668396949768
    ],
    [
      0.0,
      0.0,
      0.1658690720796585
    ]
  ],
  "lattice": [
    [
      3.796619415283203,
      0.0,
      0.0
    ],
    [
      0.0,
      8.502696990966797,
      0.0
    ],
    [
      0.0,
      0.0,
      23.980670928955078
    ]
  ],
  "properties": {
    "deltaG_H": 0.023592357039451603,
    "thermo_stability": -1.176859430472056,
    "synth_score": 0.0867706311466891
  }
}