{
  "id": "JVASP-76512",
  "atomic_numbers": [
    48,
    35,
    35
  ],
  "frac_coords": [
    [
      0.0,
      0.0,
      0.06804899871349335
    ],
    [
      0.6666659712791443,
      0.3333339989185333,
      -0.0004402972699608654
    ],
    [
      0.3333339989185333,
      0.6666659712791443,
      0.1365382969379425
    ]
  ],
  "lattice": [
    [
      2.006350517272949,
      -3.4751009941101074,
      0.0
    ],
    [
      2.006350517272949,
      3.4751009941101074,
      0.0
    ],
    [
      0.0,
      0.0,
      23.15076446533203
    ]
  ],
  "properties": {
    "deltaG_H": 0.02507454613844554,
    "thermo_stability": -0.7237157891194026,
    "synth_score": 0.1903971633779183
  }
}