{
  "id": "JVASP-13525",
  "atomic_numbers": [
    20,
    82,
    53,
    53,
    53,
    53
  ],
  "frac_coords": [
    [
      0.0023360000923275948,
      0.8729779720306396,
      0.16045500338077545
    ],
    [
      0.5023360252380371,
      0.37297698855400085,
      0.16045500338077545
    ],
    [
      0.8453710079193115,
      0.37297698855400085,
      0.23230206966400146
    ],
    [
      0.3243917226791382,
      0.8729779720306396,
      0.23467102646827698
    ],
    [
      0.6802802681922913,
      0.8729779720306396,
      0.08623796701431274
    ],
    [
      0.15930098295211792,
      0.37297698855400085,
      0.08860692381858826
    ]
  ],
  "lattice": [
    [
      7.89680814743042,
      0.0,
      0.0
    ],
    [
      0.0,
      4.51255989074707,
      0.0
    ],
    [
      -0.11498641967773438,
      0.0,
      25.0
    ]
  ],
  "properties": {
    "deltaG_H": 0.03652190665404002,
    "thermo_stability": -0.9088919977347056,
    "synth_score": 0.13969998844972273
  }
}