{
  "id": "JVASP-60525",
  "atomic_numbers": [
    23,
    47,
    15,
    15,
    34,
    34,
    34,
    34,
    34,
    34
  ],
  "frac_coords": [
    [
      0.5957267880439758,
      0.6589983701705933,
      0.07477399706840515
    ],
    [
      0.2613714933395386,
      0.32770901918411255,
      0.07477399706840515
    ],
    [
      0.948610782623291,
      0.9932642579078674,
      0.02713085152208805
    ],
    [
      0.9085789322853088,
      0.9932642579078674,
      0.12241514772176743
    ],
    [
      0.3144487738609314,
      0.6777775287628174,
      0.0013908783439546824
    ],
    [
      0.8582257032394409,
      0.6777775287628174,
      0.14815711975097656
    ],
    [
      0.2524930238723755,
      0.9542657732963562,
      0.14803917706012726
    ],
    [
      0.6436942219734192,
      0.9542657732963562,
      0.0015068284701555967
    ],
    [
      0.5819951891899109,
      0.347934752702713,
      0.14818644523620605
    ],
    [
      0.9205230474472046,
      0.347934752702713,
      0.001360556692816317
    ]
  ],
  "lattice": [
    [
      -3.1217894935764434e-09,
      -6.349984645843506,
      0.7368500232696533
    ],
    [
      5.539560317993164,
      -3.174992799758911,
      0.36842501163482666
    ],
    [
      0.0,
      0.0,
      23.51285743713379
    ]
  ],
  "properties": {
    "deltaG_H": 0.00497296448945999,
    "thermo_stability": -0.8407281508048376,
    "synth_score": 0.15690272683291007
  }
}