{
  "id": "JVASP-60300",
  "atomic_numbers": [
    60,
    60,
    35,
    35,
    35,
    35,
    35,
    35
  ],
  "frac_coords": [
    [
      0.5,
      0.0,
      0.08459202945232391
    ],
    [
      0.0,
      0.5,
      0.09536396712064743
    ],
    [
      0.5,
      0.31628236174583435,
      0.034762315452098846
    ],
    [
      0.0,
      0.0,
      2.598933133413084e-05
    ],
    [
      0.5,
      0.683717668056488,
      0.034762315452098846
    ],
    [
      0.0,
      0.18371765315532684,
      0.1451936811208725
    ],
    [
      0.0,
      0.816282331943512,
      0.1451936811208725
    ],
    [
      0.5,
      0.5,
      0.17993001639842987
    ]
  ],
  "lattice": [
    [
      4.090918064117432,
      0.0,
      0.0
    ],
    [
      0.0,
      9.195923805236816,
      0.0
    ],
    [
      0.0,
      0.0,
      24.388933181762695
    ]
  ],
  "properties": {
    "deltaG_H": 0.028247384130954744,
    "thermo_stability": -1.4125088274478914,
    "synth_score": 0.05598714594761928
  }
}