{
  "id": "JVASP-75065",
  "atomic_numbers": [
    70,
    70,
    17,
    17,
    17,
    17,
    17,
    17
  ],
  "frac_coords": [
    [
      0.8564073443412781,
      0.2871863543987274,
      0.5
    ],
    [
      0.14359267055988312,
      0.712813675403595,
      0.5
    ],
    [
      0.5669822096824646,
      0.66664719581604,
      0.44702020287513733
    ],
    [
      0.4330178201198578,
      0.33335280418395996,
      0.5529798269271851
    ],
    [
      0.7663705945014954,
      0.66664719581604,
      0.5529798269271851
    ],
    [
      0.23362939059734344,
      0.33335280418395996,
      0.44702020287513733
    ],
    [
      0.9019081592559814,
      5.278999893471026e-13,
      0.42260509729385376
    ],
    [
      0.09809185564517975,
      -5.278999893471026e-13,
      0.5773949027061462
    ]
  ],
  "lattice": [
    [
      6.164775371551514,
      -6.053545220652268e-09,
      0.0
    ],
    [
      3.082388162612915,
      6.444173812866211,
      0.0
    ],
    [
      0.0,
      0.0,
      22.454130172729492
    ]
  ],
  "properties": {
    "deltaG_H": 0.022849061489105225,
    "thermo_stability": -1.0952407042185466,
    "synth_score": 0.10060852424781964
  }
}