{
  "id": "JVASP-60235",
  "atomic_numbers": [
    15,
    15,
    15,
    15
  ],
  "frac_coords": [
    [
      0.5,
      0.08668839186429977,
      -0.00023765375954099
    ],
    [
      0.0,
      0.5866883993148804,
      0.0961056500673294
    ],
    [
      0.5,
      0.9133116006851196,
      0.0961056500673294
    ],
    [
      0.0,
      0.41331160068511963,
      -0.00023765375954099
    ]
  ],
  "lattice": [
    [
      3.322355270385742,
      0.0,
      0.0
    ],
    [
      0.0,
      4.578868865966797,
      0.0
    ],
    [
      0.0,
      0.0,
      22.120662689208984
    ]
  ],
  "properties": {
    "deltaG_H": 0.00977760937809944,
    "thermo_stability": -0.06407501002152771,
    "synth_score": 0.468006267572742
  }
}