{
  "id": "JVASP-14456",
  "atomic_numbers": [
    27,
    8,
    8
  ],
  "frac_coords": [
    [
      0.6666669845581055,
      0.33333298563957214,
      0.10268300026655197
    ],
    [
      0.6666669845581055,
      0.33333298563957214,
      0.04038352146744728
    ],
    [
      0.6666669845581055,
      0.33333298563957214,
      0.16498148441314697
    ]
  ],
  "lattice": [
    [
      2.8717362880706787,
      0.0,
      0.0
    ],
    [
      -1.4358681440353394,
      2.486996650695801,
      0.0
    ],
    [
      0.0,
      0.0,
      25.45522689819336
    ]
  ],
  "properties": {
    "deltaG_H": -0.009108850558598836,
    "thermo_stability": -0.3899245540301006,
    "synth_score": 0.3143524076406031
  }
}