{
  "id": "JVASP-20007",
  "atomic_numbers": [
    12,
    17,
    17
  ],
  "frac_coords": [
    [
      0.3333388864994049,
      0.6666610836982727,
      0.44239434599876404
    ],
    [
      0.6666678190231323,
      0.33333221077919006,
      0.396131694316864
    ],
    [
      -6.687443601549603e-06,
      6.687443601549603e-06,
      0.48857197165489197
    ]
  ],
  "lattice": [
    [
      3.6413207054138184,
      -1.529078872408718e-05,
      0.0
    ],
    [
      -1.8206735849380493,
      3.1534688472747803,
      0.0
    ],
    [
      0.0,
      0.0,
      29.722000122070312
    ]
  ],
  "properties": {
    "deltaG_H": 0.025032671491305034,
    "thermo_stability": 0.018592882156371893,
    "synth_score": 0.5092953699810684
  }
}