{
  "id": "JVASP-6175",
  "atomic_numbers": [
    68,
    68,
    34,
    34,
    53,
    53
  ],
  "frac_coords": [
    [
      0.668241024017334,
      0.874692976474762,
      0.2026463747024536
    ],
    [
      0.1682409942150116,
      0.37469300627708435,
      0.126658633351326
    ],
    [
      0.668241024017334,
      0.37469300627708435,
      0.1913244128227234
    ],
    [
      0.1682409942150116,
      0.874692976474762,
      0.13797958195209503
    ],
    [
      0.1682409942150116,
      0.874692976474762,
      0.27546215057373047
    ],
    [
      0.668241024017334,
      0.37469300627708435,
      0.05384184420108795
    ]
  ],
  "lattice": [
    [
      4.167655944824219,
      0.0,
      0.0
    ],
    [
      0.0,
      5.568190574645996,
      0.0
    ],
    [
      0.0,
      0.0,
      29.81979751586914
    ]
  ],
  "properties": {
    "deltaG_H": 0.018324014643828077,
    "thermo_stability": -2.0,
    "synth_score": 0.01798620996209156
  }
}