{
  "id": "JVASP-20017",
  "atomic_numbers": [
    25,
    53,
    53
  ],
  "frac_coords": [
    [
      0.37233299016952515,
      0.004616999998688698,
      0.1328289955854416
    ],
    [
      0.039000000804662704,
      0.3379499912261963,
      0.1938754767179489
    ],
    [
      0.7056660056114197,
      0.671284019947052,
      0.07178252190351486
    ]
  ],
  "lattice": [
    [
      4.120415687561035,
      0.0,
      0.0
    ],
    [
      -2.0602078437805176,
      3.5683844089508057,
      0.0
    ],
    [
      0.0,
      0.0,
      27.23526954650879
    ]
  ],
  "properties": {
    "deltaG_H": 0.027271544287602107,
    "thermo_stability": -0.4756229539712271,
    "synth_score": 0.2786343288659443
  }
}