{
  "id": "JVASP-6994",
  "atomic_numbers": [
    83,
    83,
    52,
    52,
    52
  ],
  "frac_coords": [
    [
      0.0,
      0.0,
      0.4091491103172302
    ],
    [
      0.0,
      0.0,
      0.6002633571624756
    ],
    [
      0.33333298563957214,
      0.6666669845581055,
      0.4657345712184906
    ],
    [
      0.6666669845581055,
      0.33333298563957214,
      0.5343055129051208
    ],
    [
      0.33333298563957214,
      0.6666669845581055,
      0.6572144627571106
    ]
  ],
  "lattice": [
    [
      4.366649627685547,
      -1.4381091872905927e-08,
      0.0
    ],
    [
      -2.1833243370056152,
      3.7816290855407715,
      0.0
    ],
    [
      0.0,
      0.0,
      31.1508731842041
    ]
  ],
  "properties": {
    "deltaG_H": 0.022362435626983642,
    "thermo_stability": -2.0,
    "synth_score": 0.01798620996209156
  }
}