{
  "id": "JVASP-76508",
  "atomic_numbers": [
    72,
    72,
    35,
    35,
    7,
    7
  ],
  "frac_coords": [
    [
      0.0,
      0.5,
      0.08061825484037399
    ],
    [
      0.5,
      0.0,
      0.14756274223327637
    ],
    [
      0.0,
      0.0,
      0.22772295773029327
    ],
    [
      0.5,
      0.5,
      0.0004580351524055004
    ],
    [
      0.5,
      0.5,
      0.12587140500545502
    ],
    [
      0.0,
      0.0,
      0.10230959206819534
    ]
  ],
  "lattice": [
    [
      3.568147897720337,
      0.0,
      0.0
    ],
    [
      0.0,
      4.1110100746154785,
      0.0
    ],
    [
      0.0,
      0.0,
      25.912796020507812
    ]
  ],
  "properties": {
    "deltaG_H": 0.005407458682854971,
    "thermo_stability": -2.0,
    "synth_score": 0.01798620996209156
  }
}