{
  "id": "JVASP-6826",
  "atomic_numbers": [
    83,
    83,
    52,
    34,
    34
  ],
  "frac_coords": [
    [
      0.33333081007003784,
      0.6666691899299622,
      0.2653995752334595
    ],
    [
      -1.0835831290023634e-06,
      1.0835831290023634e-06,
      0.40123996138572693
    ],
    [
      0.6666526198387146,
      0.3333473801612854,
      0.33331790566444397
    ],
    [
      -8.584466741012875e-06,
      8.584466741012875e-06,
      0.21731673181056976
    ],
    [
      0.3333262503147125,
      0.6666737794876099,
      0.449325829744339
    ]
  ],
  "lattice": [
    [
      4.258016109466553,
      8.477057235722896e-06,
      0.0
    ],
    [
      -2.1290009021759033,
      3.687554359436035,
      0.0
    ],
    [
      0.0,
      0.0,
      31.696399688720703
    ]
  ],
  "properties": {
    "deltaG_H": 0.019009158480167387,
    "thermo_stability": -2.0,
    "synth_score": 0.01798620996209156
  }
}