{
  "id": "JVASP-60286",
  "atomic_numbers": [
    13,
    46,
    46,
    46,
    46,
    46,
    53,
    53
  ],
  "frac_coords": [
    [
      0.5,
      0.5,
      0.13327699899673462
    ],
    [
      0.0,
      0.5,
      0.19824399054050446
    ],
    [
      0.5,
      0.0,
      0.19824399054050446
    ],
    [
      0.5,
      0.0,
      0.06831000745296478
    ],
    [
      0.0,
      0.5,
      0.06831000745296478
    ],
    [
      0.0,
      0.0,
      0.13327699899673462
    ],
    [
      0.0,
      0.0,
      0.26870304346084595
    ],
    [
      0.0,
      0.0,
      -0.0021490538492798805
    ]
  ],
  "lattice": [
    [
      4.06319522857666,
      0.0,
      0.0
    ],
    [
      0.0,
      4.06319522857666,
      0.0
    ],
    [
      0.0,
      0.0,
      27.26854133605957
    ]
  ],
  "properties": {
    "deltaG_H": 0.011618242263793944,
    "thermo_stability": -2.0,
    "synth_score": 0.01798620996209156
  }
}