{
  "id": "JVASP-76350",
  "atomic_numbers": [
    41,
    41,
    41,
    35,
    35,
    35,
    35,
    35,
    35,
    35,
    35
  ],
  "frac_coords": [
    [
      0.46864286065101624,
      0.9372840523719788,
      0.9254550337791443
    ],
    [
      0.0627126470208168,
      0.5313562154769897,
      0.9254552721977234
    ],
    [
      0.4686436653137207,
      0.5313570499420166,
      0.9254549741744995
    ],
    [
      0.3333333134651184,
      0.6666670441627502,
      0.8409000039100647
    ],
    [
      0.6666666865348816,
      0.3333318531513214,
      0.9852995276451111
    ],
    [
      0.8359492421150208,
      0.6718997359275818,
      0.8647781014442444
    ],
    [
      0.665817141532898,
      0.8329070806503296,
      0.0002492422645445913
    ],
    [
      0.16709239780902863,
      0.3341839909553528,
      0.0002493211068212986
    ],
    [
      0.32809925079345703,
      0.16405008733272552,
      0.8647791743278503
    ],
    [
      0.835949182510376,
      0.16405139863491058,
      0.8647780418395996
    ],
    [
      0.16709057986736298,
      0.8329064846038818,
      0.0002493293723091483
    ]
  ],
  "lattice": [
    [
      -7.125329494476318,
      -5.751808566856198e-05,
      0.0
    ],
    [
      3.5627143383026123,
      6.170835018157959,
      0.0
    ],
    [
      0.0,
      0.0,
      -23.755104064941406
    ]
  ],
  "properties": {
    "deltaG_H": 0.005360066348856147,
    "thermo_stability": -2.0,
    "synth_score": 0.01798620996209156
  }
}