{
  "id": "JVASP-78014",
  "atomic_numbers": [
    26,
    27,
    27,
    27,
    8,
    8,
    8,
    8,
    8,
    8,
    8,
    8
  ],
  "frac_coords": [
    [
      0.6666669845581055,
      0.6666669845581055,
      0.5
    ],
    [
      0.16666699945926666,
      0.16666699945926666,
      0.5
    ],
    [
      0.16666699945926666,
      0.6666669845581055,
      0.5
    ],
    [
      0.6666669845581055,
      0.16666699945926666,
      0.5
    ],
    [
      0.3349500298500061,
      0.8325249552726746,
      0.457114577293396
    ],
    [
      0.8325249552726746,
      0.3349500298500061,
      0.457114577293396
    ],
    [
      0.8325249552726746,
      0.8325249552726746,
      0.457114577293396
    ],
    [
      0.33333298563957214,
      0.33333298563957214,
      0.45800086855888367
    ],
    [
      0.0,
      0.0,
      0.541999101638794
    ],
    [
      0.5008080005645752,
      0.5008080005645752,
      0.542885422706604
    ],
    [
      0.5008080005645752,
      0.9983829855918884,
      0.542885422706604
    ],
    [
      0.9983829855918884,
      0.5008080005645752,
      0.542885422706604
    ]
  ],
  "lattice": [
    [
      5.636788845062256,
      -1.1382699227624471e-08,
      0.0
    ],
    [
      2.818394899368286,
      4.881603240966797,
      0.0
    ],
    [
      0.0,
      0.0,
      22.052534103393555
    ]
  ],
  "properties": {
    "deltaG_H": -0.0026023395856221558,
    "thermo_stability": -0.006455398599306772,
    "synth_score": 0.49677234553467847
  }
}