{
  "id": "JVASP-27866",
  "atomic_numbers": [
    5,
    5,
    5,
    5,
    5,
    5,
    5,
    5,
    5,
    5,
    5,
    5,
    5,
    15,
    15
  ],
  "frac_coords": [
    [
      0.33333298563957214,
      0.6666669845581055,
      0.5
    ],
    [
      0.07783351093530655,
      0.5389167666435242,
      0.44048693776130676
    ],
    [
      0.46108323335647583,
      0.9221664667129517,
      0.44048693776130676
    ],
    [
      0.46108323335647583,
      0.5389167666435242,
      0.44048693776130676
    ],
    [
      0.20558375120162964,
      0.7944162487983704,
      0.5595130324363708
    ],
    [
      0.5888335108757019,
      0.7944162487983704,
      0.5595130324363708
    ],
    [
      0.20558375120162964,
      0.4111665189266205,
      0.5595130324363708
    ],
    [
      0.9181541204452515,
      0.4590775668621063,
      0.512660562992096
    ],
    [
      0.5409224033355713,
      0.08184584975242615,
      0.512660562992096
    ],
    [
      0.5409224033355713,
      0.4590775668621063,
      0.512660562992096
    ],
    [
      0.125743567943573,
      0.874256432056427,
      0.48733946681022644
    ],
    [
      0.748512864112854,
      0.874256432056427,
      0.48733946681022644
    ],
    [
      0.125743567943573,
      0.251487135887146,
      0.48733946681022644
    ],
    [
      0.6666669845581055,
      0.33333298563957214,
      0.3973402678966522
    ],
    [
      0.0,
      0.0,
      0.6026597023010254
    ]
  ],
  "lattice": [
    [
      4.820011138916016,
      -3.035515838689662e-09,
      0.0
    ],
    [
      -2.4100050926208496,
      4.174251556396484,
      0.0
    ],
    [
      0.0,
      0.0,
      25.085594177246094
    ]
  ],
  "properties": {
    "deltaG_H": 0.0007320465803146358,
    "thermo_stability": -1.858541113138199,
    "synth_score": 0.023728074694192525
  }
}