{
  "id": "JVASP-77596",
  "atomic_numbers": [
    60,
    32,
    32
  ],
  "frac_coords": [
    [
      0.5,
      0.5,
      0.5
    ],
    [
      0.0,
      0.0,
      0.44548994302749634
    ],
    [
      0.0,
      0.0,
      0.5545100569725037
    ]
  ],
  "lattice": [
    [
      4.04183292388916,
      0.0,
      0.0
    ],
    [
      0.0,
      4.04183292388916,
      0.0
    ],
    [
      0.0,
      0.0,
      22.598543167114258
    ]
  ],
  "properties": {
    "deltaG_H": 0.012093513011932375,
    "thermo_stability": -0.07255742152531952,
    "synth_score": 0.46378481950796707
  }
}