{
  "id": "JVASP-31363",
  "atomic_numbers": [
    32,
    51,
    51,
    52,
    52,
    52,
    52
  ],
  "frac_coords": [
    [
      0.0,
      0.0,
      0.37616899609565735
    ],
    [
      0.6666640639305115,
      0.3333359658718109,
      0.4926614761352539
    ],
    [
      0.3333359658718109,
      0.6666640639305115,
      0.259677529335022
    ],
    [
      -8.038200576265808e-06,
      8.038200576265808e-06,
      0.20660832524299622
    ],
    [
      0.3333469331264496,
      0.666653037071228,
      0.4293593466281891
    ],
    [
      0.666653037071228,
      0.3333469331264496,
      0.3229796588420868
    ],
    [
      8.038200576265808e-06,
      -8.038200576265808e-06,
      0.5457306504249573
    ]
  ],
  "lattice": [
    [
      4.2964348793029785,
      3.543871935107745e-05,
      0.0
    ],
    [
      -2.148186683654785,
      3.720839262008667,
      0.0
    ],
    [
      0.0,
      0.0,
      32.30220031738281
    ]
  ],
  "properties": {
    "deltaG_H": 0.019809516446931023,
    "thermo_stability": -2.0,
    "synth_score": 0.01798620996209156
  }
}