{
  "id": "JVASP-5874",
  "atomic_numbers": [
    78,
    8,
    8
  ],
  "frac_coords": [
    [
      0.6666669845581055,
      0.33333298563957214,
      0.15501299500465393
    ],
    [
      0.33333298563957214,
      0.6666669845581055,
      0.12388622015714645
    ],
    [
      0.0,
      0.0,
      0.18613778054714203
    ]
  ],
  "lattice": [
    [
      3.1486995220184326,
      -2.801246790085088e-09,
      0.0
    ],
    [
      -1.574349284172058,
      2.726853609085083,
      0.0
    ],
    [
      0.0,
      0.0,
      30.435836791992188
    ]
  ],
  "properties": {
    "deltaG_H": 0.001419960806767146,
    "thermo_stability": 0.5217325766881307,
    "synth_score": 0.739518056184375
  }
}