{
  "id": "JVASP-60369",
  "atomic_numbers": [
    28,
    28,
    15,
    15,
    15,
    15
  ],
  "frac_coords": [
    [
      0.0,
      0.0,
      0.014701000414788723
    ],
    [
      0.5,
      0.5,
      0.014701000414788723
    ],
    [
      0.3668065071105957,
      0.8668018579483032,
      0.014683631248772144
    ],
    [
      0.8668065071105957,
      0.6331981420516968,
      0.014717369340360165
    ],
    [
      0.1331934779882431,
      0.36680182814598083,
      0.014683631248772144
    ],
    [
      0.6331934928894043,
      0.13319817185401917,
      0.014717369340360165
    ]
  ],
  "lattice": [
    [
      -5.567573070526123,
      0.0,
      0.0
    ],
    [
      0.0,
      -5.555264472961426,
      -0.37197500467300415
    ],
    [
      0.0,
      0.0,
      20.60584259033203
    ]
  ],
  "properties": {
    "deltaG_H": 0.004949121914803982,
    "thermo_stability": 0.4451562941074372,
    "synth_score": 0.7089546755881588
  }
}