{
  "id": "JVASP-6877",
  "atomic_numbers": [
    31,
    31,
    34,
    34
  ],
  "frac_coords": [
    [
      0.6666669845581055,
      0.33333298563957214,
      0.27604126930236816
    ],
    [
      0.6666669845581055,
      0.33333298563957214,
      0.3642697334289551
    ],
    [
      0.33333298563957214,
      0.6666669845581055,
      0.23375409841537476
    ],
    [
      0.33333298563957214,
      0.6666669845581055,
      0.4065569043159485
    ]
  ],
  "lattice": [
    [
      3.796816825866699,
      -3.371328105572502e-09,
      0.0
    ],
    [
      -1.8984079360961914,
      3.288139820098877,
      0.0
    ],
    [
      0.0,
      0.0,
      27.801795959472656
    ]
  ],
  "properties": {
    "deltaG_H": 0.01310213804244995,
    "thermo_stability": -0.9022678862015407,
    "synth_score": 0.14129982474297836
  }
}