{
  "id": "JVASP-723",
  "atomic_numbers": [
    46,
    46,
    34,
    34,
    34,
    34
  ],
  "frac_coords": [
    [
      0.5,
      0.5,
      0.16373799741268158
    ],
    [
      0.0,
      0.0,
      0.16373799741268158
    ],
    [
      0.607405960559845,
      0.11882417649030685,
      0.18914887309074402
    ],
    [
      0.10740594565868378,
      0.38117581605911255,
      0.13832812011241913
    ],
    [
      0.892594039440155,
      0.6188241839408875,
      0.18914887309074402
    ],
    [
      0.3925940692424774,
      0.8811758160591125,
      0.13832812011241913
    ]
  ],
  "lattice": [
    [
      5.686704635620117,
      0.0,
      0.0
    ],
    [
      0.0,
      5.893914699554443,
      0.0
    ],
    [
      0.0,
      0.0,
      30.585060119628906
    ]
  ],
  "properties": {
    "deltaG_H": 0.009107087353865307,
    "thermo_stability": 0.4109772026538848,
    "synth_score": 0.6946510485465657
  }
}