{
  "id": "JVASP-60482",
  "atomic_numbers": [
    22,
    22,
    17,
    17,
    17,
    17,
    17,
    17
  ],
  "frac_coords": [
    [
      0.4853876531124115,
      0.5146123766899109,
      0.06306499987840652
    ],
    [
      0.16347844898700714,
      0.836521565914154,
      0.06306499987840652
    ],
    [
      0.17222245037555695,
      0.5233590006828308,
      0.1264960616827011
    ],
    [
      0.4766410291194916,
      0.8277775645256042,
      0.9996329545974731
    ],
    [
      0.16408862173557281,
      0.1721334010362625,
      0.002601579064503312
    ],
    [
      0.484772264957428,
      0.1790020763874054,
      0.12352824211120605
    ],
    [
      0.820997953414917,
      0.515227735042572,
      0.002600759966298938
    ],
    [
      0.8278666138648987,
      0.8359113931655884,
      0.1235274225473404
    ]
  ],
  "lattice": [
    [
      -5.184051990509033,
      -3.0111918449401855,
      -0.05967799946665764
    ],
    [
      5.184051990509033,
      -3.0111918449401855,
      -0.05967799946665764
    ],
    [
      0.0,
      0.0,
      22.886674880981445
    ]
  ],
  "properties": {
    "deltaG_H": 0.0019162559509277354,
    "thermo_stability": -2.0,
    "synth_score": 0.01798620996209156
  }
}