{
  "id": "JVASP-8879",
  "atomic_numbers": [
    23,
    17,
    17
  ],
  "frac_coords": [
    [
      0.31311100721359253,
      0.9612640142440796,
      0.1166519969701767
    ],
    [
      0.6464440226554871,
      0.6279309988021851,
      0.16829966008663177
    ],
    [
      0.979777991771698,
      0.29459699988365173,
      0.06500433385372162
    ]
  ],
  "lattice": [
    [
      3.626624584197998,
      0.0,
      0.0
    ],
    [
      -1.813312292098999,
      3.140748977661133,
      0.0
    ],
    [
      0.0,
      0.0,
      26.085968017578125
    ]
  ],
  "properties": {
    "deltaG_H": 0.0193975035349528,
    "thermo_stability": -0.16233026186625166,
    "synth_score": 0.4195403643018877
  }
}