{
  "id": "JVASP-27923",
  "atomic_numbers": [
    52,
    52,
    52,
    52,
    79,
    79,
    79,
    79,
    53,
    53,
    53,
    53
  ],
  "frac_coords": [
    [
      0.011743724346160889,
      0.8596874475479126,
      0.4500354528427124
    ],
    [
      0.9882562756538391,
      0.1403125673532486,
      0.5499645471572876
    ],
    [
      0.5117437243461609,
      0.6403125524520874,
      0.4500354528427124
    ],
    [
      0.4882562756538391,
      0.3596874177455902,
      0.5499645471572876
    ],
    [
      0.7648749947547913,
      0.8667590022087097,
      0.5113700032234192
    ],
    [
      0.23512499034404755,
      0.1332409828901291,
      0.4886299967765808
    ],
    [
      0.26487499475479126,
      0.6332409977912903,
      0.5113700032234192
    ],
    [
      0.7351250052452087,
      0.3667590022087097,
      0.4886299967765808
    ],
    [
      0.6046240925788879,
      0.9183490872383118,
      0.5954287648200989
    ],
    [
      0.39537590742111206,
      0.08165092766284943,
      0.4045712351799011
    ],
    [
      0.10462410002946854,
      0.5816509127616882,
      0.5954287648200989
    ],
    [
      0.8953759074211121,
      0.41834908723831177,
      0.4045712351799011
    ]
  ],
  "lattice": [
    [
      7.024598121643066,
      0.0,
      -1.8576960563659668
    ],
    [
      0.0,
      7.740688323974609,
      0.0
    ],
    [
      0.0,
      0.0,
      25.521963119506836
    ]
  ],
  "properties": {
    "deltaG_H": 0.01616668621699015,
    "thermo_stability": -1.7261704226334893,
    "synth_score": 0.030699126975432558
  }
}