{
  "id": "JVASP-6751",
  "atomic_numbers": [
    82,
    82,
    35,
    35,
    35,
    35
  ],
  "frac_coords": [
    [
      0.75,
      0.7499703764915466,
      0.18706496059894562
    ],
    [
      0.25,
      0.25002962350845337,
      0.18695704638957977
    ],
    [
      0.25,
      -0.08362357318401337,
      0.12420187890529633
    ],
    [
      0.75,
      0.41693904995918274,
      0.12415214627981186
    ],
    [
      0.25,
      0.5830609202384949,
      0.24986985325813293
    ],
    [
      0.75,
      0.08362357318401337,
      0.24982011318206787
    ]
  ],
  "lattice": [
    [
      4.3973846435546875,
      0.0,
      0.0
    ],
    [
      0.0,
      7.6159234046936035,
      0.0
    ],
    [
      0.0,
      0.0,
      27.157508850097656
    ]
  ],
  "properties": {
    "deltaG_H": 0.035314999024073285,
    "thermo_stability": -0.5128681580225627,
    "synth_score": 0.2639115428052558
  }
}