{
  "id": "JVASP-78001",
  "atomic_numbers": [
    83,
    83,
    34,
    34
  ],
  "frac_coords": [
    [
      -0.0010931742144748569,
      -0.0010931742144748569,
      0.42937105894088745
    ],
    [
      0.501686692237854,
      0.501686692237854,
      0.5706305503845215
    ],
    [
      0.0015335455536842346,
      0.0015335455536842346,
      0.5540085434913635
    ],
    [
      0.4991329610347748,
      0.4991329610347748,
      0.44598981738090515
    ]
  ],
  "lattice": [
    [
      4.212841987609863,
      -0.00017515051877126098,
      -0.0070409998297691345
    ],
    [
      0.0002522645518183708,
      4.212841987609863,
      -0.0070409998297691345
    ],
    [
      -0.04278269410133362,
      -0.04277864098548889,
      23.97307777404785
    ]
  ],
  "properties": {
    "deltaG_H": 0.022933172941207884,
    "thermo_stability": -0.6798158506552379,
    "synth_score": 0.20430016699127038
  }
}