{
  "id": "JVASP-76515",
  "atomic_numbers": [
    83,
    83,
    53,
    53,
    53,
    53,
    53,
    53
  ],
  "frac_coords": [
    [
      0.6666659712791443,
      0.3333339989185333,
      0.07716400176286697
    ],
    [
      0.3333339989185333,
      0.6666659712791443,
      0.07716400176286697
    ],
    [
      -6.175338018721277e-12,
      0.33633387088775635,
      -0.00010390327224740759
    ],
    [
      0.6636661291122437,
      0.6636661291122437,
      -0.00010390327224740759
    ],
    [
      0.33633387088775635,
      0.33633387088775635,
      0.15443089604377747
    ],
    [
      0.33633387088775635,
      -6.175393529872508e-12,
      -0.00010390327224740759
    ],
    [
      6.175504552174971e-12,
      0.6636661291122437,
      0.15443089604377747
    ],
    [
      0.6636661291122437,
      6.175282507570046e-12,
      0.15443089604377747
    ]
  ],
  "lattice": [
    [
      3.7944202423095703,
      -6.5721282958984375,
      0.0
    ],
    [
      3.7944202423095703,
      6.5721282958984375,
      0.0
    ],
    [
      0.0,
      0.0,
      23.649803161621094
    ]
  ],
  "properties": {
    "deltaG_H": 0.03588797408342362,
    "thermo_stability": -0.9477068901062011,
    "synth_score": 0.13062842504255565
  }
}