{
  "id": "JVASP-8894",
  "atomic_numbers": [
    82,
    82,
    17,
    17,
    9,
    9
  ],
  "frac_coords": [
    [
      0.3827109932899475,
      0.8827120065689087,
      0.1908550262451172
    ],
    [
      0.8827120065689087,
      0.3827109932899475,
      0.07753897458314896
    ],
    [
      0.8827120065689087,
      0.3827109932899475,
      0.23350070416927338
    ],
    [
      0.3827109932899475,
      0.8827120065689087,
      0.034894295036792755
    ],
    [
      0.3827109932899475,
      0.3827109932899475,
      0.13419699668884277
    ],
    [
      0.8827120065689087,
      0.8827120065689087,
      0.13419699668884277
    ]
  ],
  "lattice": [
    [
      4.002347469329834,
      0.0,
      0.0
    ],
    [
      0.0,
      4.002347469329834,
      0.0
    ],
    [
      0.0,
      0.0,
      27.33713722229004
    ]
  ],
  "properties": {
    "deltaG_H": 0.023305495778719584,
    "thermo_stability": -1.6351092278957369,
    "synth_score": 0.036607123205014434
  }
}