{
  "id": "JVASP-60337",
  "atomic_numbers": [
    47,
    47,
    47,
    50,
    15,
    15,
    15,
    15,
    15,
    15,
    15
  ],
  "frac_coords": [
    [
      0.6992417573928833,
      0.3733893632888794,
      0.037815261632204056
    ],
    [
      0.5584763884544373,
      0.38831645250320435,
      0.2237507551908493
    ],
    [
      0.004784778226166964,
      0.3493832051753998,
      0.15515334904193878
    ],
    [
      0.5042139291763306,
      0.013252769596874714,
      0.12156404554843903
    ],
    [
      0.20646199584007263,
      0.29295864701271057,
      0.0631580576300621
    ],
    [
      0.01109885610640049,
      0.9925438761711121,
      0.19866180419921875
    ],
    [
      0.060632530599832535,
      0.747934103012085,
      0.13520963490009308
    ],
    [
      0.9488526582717896,
      0.04468557983636856,
      0.014796048402786255
    ],
    [
      0.7703896164894104,
      0.7786157131195068,
      0.06777732074260712
    ],
    [
      0.3839532732963562,
      0.009202771820127964,
      0.2552533447742462
    ],
    [
      0.6167972087860107,
      0.7976984977722168,
      0.2136603742837906
    ]
  ],
  "lattice": [
    [
      -0.4005860984325409,
      -5.05967378616333,
      -0.5348160266876221
    ],
    [
      5.995092391967773,
      0.4735773503780365,
      0.0
    ],
    [
      0.0,
      0.0,
      26.11238670349121
    ]
  ],
  "properties": {
    "deltaG_H": 0.002043456077575682,
    "thermo_stability": -2.0,
    "synth_score": 0.01798620996209156
  }
}