{
  "id": "JVASP-9038",
  "atomic_numbers": [
    38,
    38,
    35,
    7,
    7
  ],
  "frac_coords": [
    [
      1.0712199582485482e-05,
      -1.071219321602257e-05,
      0.5840650796890259
    ],
    [
      0.6666544675827026,
      0.333345502614975,
      0.4298451244831085
    ],
    [
      0.3333454728126526,
      0.6666545271873474,
      0.5069584250450134
    ],
    [
      0.6666831374168396,
      0.3333168923854828,
      0.6039124131202698
    ],
    [
      6.206972557265544e-06,
      -6.206963007571176e-06,
      0.4099879264831543
    ]
  ],
  "lattice": [
    [
      4.208849906921387,
      6.315690552582964e-05,
      0.0
    ],
    [
      -2.104370355606079,
      3.645003080368042,
      0.0
    ],
    [
      0.0,
      0.0,
      29.217199325561523
    ]
  ],
  "properties": {
    "deltaG_H": 0.01688456015586853,
    "thermo_stability": -1.6876205722490951,
    "synth_score": 0.03307826473212869
  }
}