{
  "id": "JVASP-13619",
  "atomic_numbers": [
    56,
    56,
    30,
    30,
    83,
    83
  ],
  "frac_coords": [
    [
      0.0,
      0.0,
      0.13385918736457825
    ],
    [
      0.5,
      0.5,
      0.28070181608200073
    ],
    [
      0.0,
      0.5,
      0.2072809934616089
    ],
    [
      0.5,
      0.0,
      0.2072809934616089
    ],
    [
      0.5,
      0.5,
      0.15179385244846344
    ],
    [
      0.0,
      0.0,
      0.26276713609695435
    ]
  ],
  "lattice": [
    [
      5.160344123840332,
      0.0,
      0.0
    ],
    [
      0.0,
      5.160344123840332,
      0.0
    ],
    [
      0.0,
      0.0,
      29.26064109802246
    ]
  ],
  "properties": {
    "deltaG_H": 0.022032767176628113,
    "thermo_stability": -0.7723771452903747,
    "synth_score": 0.1758452033630404
  }
}