{
  "id": "JVASP-5941",
  "atomic_numbers": [
    74,
    74,
    7
  ],
  "frac_coords": [
    [
      0.6666669845581055,
      0.33333298563957214,
      0.2865745425224304
    ],
    [
      0.33333298563957214,
      0.6666669845581055,
      0.4016154408454895
    ],
    [
      0.0,
      0.0,
      0.34409499168395996
    ]
  ],
  "lattice": [
    [
      2.776841878890991,
      1.181563202834468e-08,
      0.0
    ],
    [
      -1.3884214162826538,
      2.404815912246704,
      0.0
    ],
    [
      0.0,
      0.0,
      25.65665626525879
    ]
  ],
  "properties": {
    "deltaG_H": 0.00027997159957885787,
    "thermo_stability": -0.3580897221962611,
    "synth_score": 0.328234849473069
  }
}