{
  "id": "JVASP-60285",
  "atomic_numbers": [
    75,
    75,
    83,
    83,
    8,
    8,
    8,
    8,
    8,
    8,
    8,
    8
  ],
  "frac_coords": [
    [
      0.0,
      0.75,
      0.20297157764434814
    ],
    [
      0.0,
      0.25,
      0.1184714287519455
    ],
    [
      0.0,
      0.75,
      0.3086102604866028
    ],
    [
      0.0,
      0.25,
      0.01283373311161995
    ],
    [
      0.0,
      0.9812819957733154,
      0.25307998061180115
    ],
    [
      0.0,
      0.5187180042266846,
      0.25307998061180115
    ],
    [
      0.0,
      0.0,
      0.16072200238704681
    ],
    [
      0.0,
      0.5,
      0.16072200238704681
    ],
    [
      0.5,
      0.75,
      0.2029159963130951
    ],
    [
      0.0,
      0.018717976287007332,
      0.06836402416229248
    ],
    [
      0.0,
      0.4812820255756378,
      0.06836402416229248
    ],
    [
      0.5,
      0.25,
      0.11852800846099854
    ]
  ],
  "lattice": [
    [
      3.7661750316619873,
      -0.0,
      0.0
    ],
    [
      0.0,
      5.677008628845215,
      0.0
    ],
    [
      0.0,
      0.0,
      29.474348068237305
    ]
  ],
  "properties": {
    "deltaG_H": -0.004587099035580956,
    "thermo_stability": -2.0,
    "synth_score": 0.01798620996209156
  }
}