{
  "id": "JVASP-673",
  "atomic_numbers": [
    52,
    52,
    52,
    52,
    42,
    42
  ],
  "frac_coords": [
    [
      0.5445538759231567,
      0.25,
      0.16019795835018158
    ],
    [
      0.39817312359809875,
      0.75,
      0.2769680321216583
    ],
    [
      0.03846726566553116,
      0.75,
      0.17651082575321198
    ],
    [
      0.9042597413063049,
      0.25,
      0.26065516471862793
    ],
    [
      0.29091641306877136,
      0.25,
      0.22128485143184662
    ],
    [
      0.6518105864524841,
      0.75,
      0.2158801406621933
    ]
  ],
  "lattice": [
    [
      0.0,
      6.359416961669922,
      0.0
    ],
    [
      3.477332592010498,
      0.0,
      0.0
    ],
    [
      0.0,
      -0.6471166014671326,
      -35.534420013427734
    ]
  ],
  "properties": {
    "deltaG_H": 0.01357273648182551,
    "thermo_stability": -0.33419652978579206,
    "synth_score": 0.33885675497200923
  }
}