{
  "id": "JVASP-6322",
  "atomic_numbers": [
    48,
    48,
    48,
    48,
    15,
    15,
    15,
    15,
    16,
    16,
    16,
    16,
    16,
    16,
    16,
    16,
    16,
    16,
    16,
    16
  ],
  "frac_coords": [
    [
      0.47415098547935486,
      0.6812785863876343,
      0.17122100293636322
    ],
    [
      0.47415098547935486,
      0.014593388885259628,
      0.17122100293636322
    ],
    [
      0.9741510152816772,
      0.5145933628082275,
      0.17122100293636322
    ],
    [
      0.9741510152816772,
      0.18127861618995667,
      0.17122100293636322
    ],
    [
      0.9875749945640564,
      0.8479359745979309,
      0.2127409428358078
    ],
    [
      0.487574964761734,
      0.3479360044002533,
      0.2127409428358078
    ],
    [
      0.4607260227203369,
      0.3479360044002533,
      0.12970106303691864
    ],
    [
      0.9607260227203369,
      0.8479359745979309,
      0.12970106303691864
    ],
    [
      0.7972781658172607,
      0.6913183331489563,
      0.10855016857385635
    ],
    [
      0.26712289452552795,
      0.8479359745979309,
      0.108554907143116
    ],
    [
      0.29727816581726074,
      0.1913183480501175,
      0.10855016857385635
    ],
    [
      0.29727816581726074,
      0.5045536756515503,
      0.10855016857385635
    ],
    [
      0.6510228514671326,
      0.1913183480501175,
      0.2338908314704895
    ],
    [
      0.15102282166481018,
      0.6913183331489563,
      0.2338908314704895
    ],
    [
      0.681178092956543,
      0.8479359745979309,
      0.23388609290122986
    ],
    [
      0.15102282166481018,
      0.004553648177534342,
      0.2338908314704895
    ],
    [
      0.7972781658172607,
      0.004553648177534342,
      0.10855016857385635
    ],
    [
      0.18117810785770416,
      0.3479360044002533,
      0.23388609290122986
    ],
    [
      0.6510228514671326,
      0.5045536756515503,
      0.2338908314704895
    ],
    [
      0.7671238780021667,
      0.3479360044002533,
      0.108554907143116
    ]
  ],
  "lattice": [
    [
      6.259712219238281,
      0.0,
      0.0
    ],
    [
      0.0,
      10.84269905090332,
      0.0
    ],
    [
      -2.026853561401367,
      0.0,
      27.31400489807129
    ]
  ],
  "properties": {
    "deltaG_H": 0.0017752924203872644,
    "thermo_stability": -0.6011199871699016,
    "synth_score": 0.23107697722164958
  }
}