{
  "id": "JVASP-6148",
  "atomic_numbers": [
    45,
    45,
    45,
    45,
    17,
    17,
    17,
    17,
    17,
    17,
    17,
    17,
    17,
    17,
    17,
    17
  ],
  "frac_coords": [
    [
      0.8942570090293884,
      0.9757598638534546,
      0.1570190042257309
    ],
    [
      0.8942570090293884,
      0.6424181461334229,
      0.1570190042257309
    ],
    [
      0.3942570090293884,
      0.4757598638534546,
      0.1570190042257309
    ],
    [
      0.3942570090293884,
      0.14241814613342285,
      0.1570190042257309
    ],
    [
      0.08589847385883331,
      0.48393514752388,
      0.20744794607162476
    ],
    [
      0.08589847385883331,
      0.13424384593963623,
      0.20744794607162476
    ],
    [
      0.061325155198574066,
      0.8090890049934387,
      0.2074509710073471
    ],
    [
      0.5858984589576721,
      0.9839341640472412,
      0.20744794607162476
    ],
    [
      0.5858984589576721,
      0.6342438459396362,
      0.20744794607162476
    ],
    [
      0.5613251328468323,
      0.3090899884700775,
      0.2074509710073471
    ],
    [
      0.227187842130661,
      0.3090899884700775,
      0.10658802837133408
    ],
    [
      0.20261453092098236,
      0.9839341640472412,
      0.10659105330705643
    ],
    [
      0.20261453092098236,
      0.6342438459396362,
      0.10659105330705643
    ],
    [
      0.7271878719329834,
      0.8090890049934387,
      0.10658802837133408
    ],
    [
      0.7026145458221436,
      0.48393514752388,
      0.10659105330705643
    ],
    [
      0.7026145458221436,
      0.13424384593963623,
      0.10659105330705643
    ]
  ],
  "lattice": [
    [
      6.006155967712402,
      0.0,
      0.0
    ],
    [
      0.0,
      10.403080940246582,
      0.0
    ],
    [
      -2.0010132789611816,
      0.0,
      26.19688606262207
    ]
  ],
  "properties": {
    "deltaG_H": 0.018918348103761674,
    "thermo_stability": -0.1929049114386241,
    "synth_score": 0.4047264061797558
  }
}