{
  "id": "JVASP-28223",
  "atomic_numbers": [
    26,
    6,
    6,
    8,
    8,
    8,
    8,
    8,
    8
  ],
  "frac_coords": [
    [
      0.33333298563957214,
      0.6666669845581055,
      0.5
    ],
    [
      0.0,
      0.0,
      0.5473564267158508
    ],
    [
      0.6666669845581055,
      0.33333298563957214,
      0.452642560005188
    ],
    [
      0.7025740742683411,
      0.9662089943885803,
      0.5483393669128418
    ],
    [
      0.403033047914505,
      0.0359080545604229,
      0.4516606628894806
    ],
    [
      0.6328750252723694,
      0.5969669818878174,
      0.4516606628894806
    ],
    [
      0.03379098325967789,
      0.7363670468330383,
      0.5483393669128418
    ],
    [
      0.26363295316696167,
      0.2974259555339813,
      0.5483393669128418
    ],
    [
      0.964091956615448,
      0.3671249747276306,
      0.4516606628894806
    ]
  ],
  "lattice": [
    [
      4.5772175788879395,
      -7.780195687701053e-08,
      0.0
    ],
    [
      -2.288609027862549,
      3.963986396789551,
      0.0
    ],
    [
      0.0,
      0.0,
      22.326581954956055
    ]
  ],
  "properties": {
    "deltaG_H": -0.011109699606895448,
    "thermo_stability": -0.5280110806226732,
    "synth_score": 0.25807035841225423
  }
}