{
  "id": "JVASP-60474",
  "atomic_numbers": [
    3,
    3,
    92,
    53,
    53,
    53,
    53,
    53,
    53
  ],
  "frac_coords": [
    [
      0.6666659712791443,
      0.3333339989185333,
      0.07395599782466888
    ],
    [
      0.0,
      0.0,
      0.07395599782466888
    ],
    [
      0.3333339989185333,
      0.6666659712791443,
      0.07395599782466888
    ],
    [
      -0.0019327462650835514,
      0.3314177095890045,
      0.0002229554083896801
    ],
    [
      0.6685823202133179,
      0.0019327462650835514,
      0.14768904447555542
    ],
    [
      0.33334845304489136,
      0.3314177095890045,
      0.14768904447555542
    ],
    [
      0.33334845304489136,
      0.0019327462650835514,
      0.0002229554083896801
    ],
    [
      0.6685823202133179,
      0.6666515469551086,
      0.0002229554083896801
    ],
    [
      -0.0019327462650835514,
      0.6666515469551086,
      0.14768904447555542
    ]
  ],
  "lattice": [
    [
      3.681206464767456,
      -6.376038074493408,
      0.0
    ],
    [
      3.681206464767456,
      6.376038074493408,
      0.0
    ],
    [
      0.0,
      0.0,
      23.47175407409668
    ]
  ],
  "properties": {
    "deltaG_H": 0.031993734240531924,
    "thermo_stability": -0.8999326994021735,
    "synth_score": 0.14186745060512193
  }
}