{
  "id": "JVASP-6445",
  "atomic_numbers": [
    16,
    16,
    7,
    7
  ],
  "frac_coords": [
    [
      0.18190158903598785,
      0.28502970933914185,
      0.04250829666852951
    ],
    [
      0.32226741313934326,
      0.7850297093391418,
      0.11102570593357086
    ],
    [
      0.20152722299098969,
      0.9341632723808289,
      0.052066076546907425
    ],
    [
      0.30264177918434143,
      0.43416327238082886,
      0.10146892070770264
    ]
  ],
  "lattice": [
    [
      3.368396282196045,
      0.0,
      -0.9835219979286194
    ],
    [
      0.0,
      4.493791103363037,
      0.0
    ],
    [
      0.040537260472774506,
      0.0,
      25.964780807495117
    ]
  ],
  "properties": {
    "deltaG_H": -0.003477805346250534,
    "thermo_stability": 0.7940009042620657,
    "synth_score": 0.8303347857736225
  }
}