{
  "id": "JVASP-75141",
  "atomic_numbers": [
    92,
    92,
    52,
    52,
    8,
    8
  ],
  "frac_coords": [
    [
      0.0,
      0.5,
      0.4499279260635376
    ],
    [
      0.5,
      0.0,
      0.5500720739364624
    ],
    [
      0.0,
      0.5,
      0.6154324412345886
    ],
    [
      0.5,
      0.0,
      0.384567528963089
    ],
    [
      0.5,
      0.5,
      0.5
    ],
    [
      0.0,
      0.0,
      0.5
    ]
  ],
  "lattice": [
    [
      3.8734569549560547,
      0.0,
      0.0
    ],
    [
      0.0,
      3.8734569549560547,
      0.0
    ],
    [
      0.0,
      0.0,
      25.634685516357422
    ]
  ],
  "properties": {
    "deltaG_H": 0.00351870874563853,
    "thermo_stability": -2.0,
    "synth_score": 0.01798620996209156
  }
}