{
  "id": "JVASP-75050",
  "atomic_numbers": [
    39,
    51,
    51
  ],
  "frac_coords": [
    [
      0.0,
      0.0,
      0.5
    ],
    [
      2.7755575615628914e-17,
      0.5,
      0.39721253514289856
    ],
    [
      0.5,
      0.5,
      0.602787435054779
    ]
  ],
  "lattice": [
    [
      3.3364651203155518,
      1.2113273051284068e-08,
      0.0
    ],
    [
      -1.6682320833206177,
      3.1296234130859375,
      0.0
    ],
    [
      0.0,
      0.0,
      24.904260635375977
    ]
  ],
  "properties": {
    "deltaG_H": 0.021169133067131043,
    "thermo_stability": -1.6818038543065392,
    "synth_score": 0.0334523775546544
  }
}