{
  "id": "JVASP-60340",
  "atomic_numbers": [
    56,
    56,
    13,
    13,
    13,
    13,
    17,
    17,
    17,
    17,
    17,
    17,
    17,
    17,
    17,
    17,
    17,
    17,
    17,
    17,
    17,
    17
  ],
  "frac_coords": [
    [
      0.8480073809623718,
      0.25,
      0.1071000024676323
    ],
    [
      0.15199260413646698,
      0.75,
      0.1071000024676323
    ],
    [
      0.7284659147262573,
      0.5562172532081604,
      0.04327135160565376
    ],
    [
      0.7284659147262573,
      0.9437827467918396,
      0.17092764377593994
    ],
    [
      0.27153411507606506,
      0.4437827169895172,
      0.17092764377593994
    ],
    [
      0.27153411507606506,
      0.05621727555990219,
      0.04327135160565376
    ],
    [
      0.7959453463554382,
      0.8993862271308899,
      0.08618123084306717
    ],
    [
      0.4575333893299103,
      0.8791641592979431,
      0.18638654053211212
    ],
    [
      0.9477269649505615,
      0.8753619194030762,
      0.21286723017692566
    ],
    [
      0.7959453463554382,
      0.6006137728691101,
      0.12801776826381683
    ],
    [
      0.4575333893299103,
      0.6208358407020569,
      0.02781246043741703
    ],
    [
      0.9477269649505615,
      0.6246380805969238,
      0.0013317700941115618
    ],
    [
      0.20405462384223938,
      0.10061375796794891,
      0.12801776826381683
    ],
    [
      0.5424666404724121,
      0.3791641891002655,
      0.18638654053211212
    ],
    [
      0.5424666404724121,
      0.1208358183503151,
      0.02781246043741703
    ],
    [
      0.28143447637557983,
      0.6191623210906982,
      0.19570140540599823
    ],
    [
      0.05227304622530937,
      0.12463805079460144,
      0.0013317700941115618
    ],
    [
      0.05227304622530937,
      0.37536194920539856,
      0.21286723017692566
    ],
    [
      0.7185655236244202,
      0.11916233599185944,
      0.19570140540599823
    ],
    [
      0.7185655236244202,
      0.38083767890930176,
      0.01849759928882122
    ],
    [
      0.20405462384223938,
      0.3993862271308899,
      0.08618123084306717
    ],
    [
      0.28143447637557983,
      0.8808376789093018,
      0.01849759928882122
    ]
  ],
  "lattice": [
    [
      -7.108916759490967,
      0.0,
      0.0
    ],
    [
      0.0,
      -12.229963302612305,
      -2.45061993598938
    ],
    [
      0.0,
      0.0,
      25.451736450195312
    ]
  ],
  "properties": {
    "deltaG_H": 0.016117112419822003,
    "thermo_stability": -2.0,
    "synth_score": 0.01798620996209156
  }
}