{
  "id": "JVASP-28262",
  "atomic_numbers": [
    31,
    31,
    1,
    1,
    8,
    8,
    8,
    8
  ],
  "frac_coords": [
    [
      0.5,
      0.26342952251434326,
      0.4634353518486023
    ],
    [
      0.0,
      0.7634295225143433,
      0.5365646481513977
    ],
    [
      0.0,
      0.48001497983932495,
      0.39118388295173645
    ],
    [
      0.5,
      -0.019985008984804153,
      0.6088160872459412
    ],
    [
      0.0,
      0.2636047899723053,
      0.4119085371494293
    ],
    [
      0.0,
      0.26593267917633057,
      0.5199509263038635
    ],
    [
      0.5,
      0.7659326791763306,
      0.48004910349845886
    ],
    [
      0.5,
      0.7636048197746277,
      0.5880914330482483
    ]
  ],
  "lattice": [
    [
      3.0403518676757812,
      0.0,
      0.0
    ],
    [
      0.0,
      3.8232803344726562,
      0.0
    ],
    [
      0.0,
      0.0,
      25.15206527709961
    ]
  ],
  "properties": {
    "deltaG_H": -0.01729447066783905,
    "thermo_stability": -2.0,
    "synth_score": 0.01798620996209156
  }
}