{
  "id": "JVASP-7039",
  "atomic_numbers": [
    11,
    11,
    11,
    16,
    16
  ],
  "frac_coords": [
    [
      0.0,
      0.0,
      0.12456800043582916
    ],
    [
      0.6666669845581055,
      0.33333298563957214,
      0.05121723189949989
    ],
    [
      0.33333298563957214,
      0.6666669845581055,
      0.19791877269744873
    ],
    [
      0.6666669845581055,
      0.33333298563957214,
      0.176333948969841
    ],
    [
      0.33333298563957214,
      0.6666669845581055,
      0.07280205190181732
    ]
  ],
  "lattice": [
    [
      4.5736308097839355,
      0.0,
      0.0
    ],
    [
      -2.2868154048919678,
      3.9608805179595947,
      0.0
    ],
    [
      0.0,
      0.0,
      26.6359806060791
    ]
  ],
  "properties": {
    "deltaG_H": 0.01911511766910553,
    "thermo_stability": -0.7672488361597061,
    "synth_score": 0.1773365754392329
  }
}