{
  "id": "JVASP-6667",
  "atomic_numbers": [
    26,
    26,
    52,
    52
  ],
  "frac_coords": [
    [
      0.9675189852714539,
      0.9675189852714539,
      0.13003399968147278
    ],
    [
      0.46751800179481506,
      0.46751800179481506,
      0.13003399968147278
    ],
    [
      0.9675189852714539,
      0.46751800179481506,
      0.19905132055282593
    ],
    [
      0.46751800179481506,
      0.9675189852714539,
      0.06101668253540993
    ]
  ],
  "lattice": [
    [
      3.6067397594451904,
      0.0,
      0.0
    ],
    [
      0.0,
      3.6067397594451904,
      0.0
    ],
    [
      0.0,
      0.0,
      27.029495239257812
    ]
  ],
  "properties": {
    "deltaG_H": 0.00824621081352234,
    "thermo_stability": -0.6255798210700354,
    "synth_score": 0.2224994637729494
  }
}