{
  "id": "JVASP-6013",
  "atomic_numbers": [
    73,
    34,
    34
  ],
  "frac_coords": [
    [
      0.0,
      0.0,
      0.11013677716255188
    ],
    [
      0.33333298563957214,
      0.6666669845581055,
      0.05573020502924919
    ],
    [
      0.33333298563957214,
      0.6666669845581055,
      0.16454201936721802
    ]
  ],
  "lattice": [
    [
      3.4732182025909424,
      -3.3367824059382656e-09,
      0.0
    ],
    [
      -1.736608624458313,
      3.007894992828369,
      0.0
    ],
    [
      0.0,
      0.0,
      30.81268882751465
    ]
  ],
  "properties": {
    "deltaG_H": 0.011763923267523449,
    "thermo_stability": -0.13081435561180133,
    "synth_score": 0.4349633771355011
  }
}