{
  "id": "JVASP-77603",
  "atomic_numbers": [
    28,
    28,
    16,
    16
  ],
  "frac_coords": [
    [
      0.6666669845581055,
      0.33333298563957214,
      0.8807573914527893
    ],
    [
      0.33333298563957214,
      0.6666669845581055,
      0.8163706064224243
    ],
    [
      0.6666669845581055,
      0.33333298563957214,
      0.7862015962600708
    ],
    [
      0.33333298563957214,
      0.6666669845581055,
      0.9109254479408264
    ]
  ],
  "lattice": [
    [
      3.6138103008270264,
      2.8382773908930403e-09,
      0.0
    ],
    [
      -1.8069045543670654,
      3.1296515464782715,
      0.0
    ],
    [
      0.0,
      0.0,
      23.67887306213379
    ]
  ],
  "properties": {
    "deltaG_H": 0.0016122782230377193,
    "thermo_stability": -0.1009519825379055,
    "synth_score": 0.44969478462994616
  }
}