{
  "id": "JVASP-6766",
  "atomic_numbers": [
    72,
    26,
    17,
    17,
    17,
    17,
    17,
    17
  ],
  "frac_coords": [
    [
      0.6666669845581055,
      0.33333298563957214,
      0.12438099831342697
    ],
    [
      0.0,
      0.0,
      0.12438099831342697
    ],
    [
      0.684431791305542,
      0.019011063501238823,
      0.06967862695455551
    ],
    [
      0.9809889197349548,
      0.6654207110404968,
      0.06967862695455551
    ],
    [
      0.3345792889595032,
      0.315568208694458,
      0.06967862695455551
    ],
    [
      0.3345792889595032,
      0.019011063501238823,
      0.17908337712287903
    ],
    [
      0.684431791305542,
      0.6654207110404968,
      0.17908337712287903
    ],
    [
      0.9809889197349548,
      0.315568208694458,
      0.17908337712287903
    ]
  ],
  "lattice": [
    [
      6.22276496887207,
      1.262225968190478e-08,
      0.0
    ],
    [
      -3.1113829612731934,
      5.389072895050049,
      0.0
    ],
    [
      0.0,
      0.0,
      25.871877670288086
    ]
  ],
  "properties": {
    "deltaG_H": 0.02078438386321068,
    "thermo_stability": -0.35072229007879896,
    "synth_score": 0.3314920236671084
  }
}