{
  "id": "JVASP-9008",
  "atomic_numbers": [
    56,
    56,
    56,
    56,
    34,
    34,
    34,
    34
  ],
  "frac_coords": [
    [
      0.5891261100769043,
      0.6608152985572815,
      0.13457609713077545
    ],
    [
      0.08912612497806549,
      0.1608153134584427,
      0.13457609713077545
    ],
    [
      0.4108738899230957,
      0.3391847014427185,
      0.1984069049358368
    ],
    [
      -0.08912612497806549,
      0.8391847014427185,
      0.1984069049358368
    ],
    [
      0.9125138521194458,
      0.3375644087791443,
      0.19985976815223694
    ],
    [
      0.5874861478805542,
      0.1624356061220169,
      0.13312222063541412
    ],
    [
      0.4125138819217682,
      0.8375644087791443,
      0.19985976815223694
    ],
    [
      0.08748612552881241,
      0.6624355912208557,
      0.13312222063541412
    ]
  ],
  "lattice": [
    [
      11.048887252807617,
      3.5920495986938477,
      -4.505663871765137
    ],
    [
      1.7155029773712158,
      6.190448760986328,
      0.0
    ],
    [
      0.0,
      0.0,
      28.48501205444336
    ]
  ],
  "properties": {
    "deltaG_H": 0.029342019259929658,
    "thermo_stability": 0.3596434573332469,
    "synth_score": 0.6724499714926803
  }
}