{
  "id": "JVASP-75185",
  "atomic_numbers": [
    48,
    48,
    83,
    83,
    16,
    16,
    16,
    16,
    17,
    17
  ],
  "frac_coords": [
    [
      0.5,
      0.514772355556488,
      0.4972335994243622
    ],
    [
      0.5,
      0.014772350899875164,
      0.5027663707733154
    ],
    [
      0.0,
      0.27431198954582214,
      0.4238271415233612
    ],
    [
      0.0,
      0.7743120193481445,
      0.5761728882789612
    ],
    [
      0.5,
      0.25074729323387146,
      0.4933137595653534
    ],
    [
      0.0,
      0.9931509494781494,
      0.5719485878944397
    ],
    [
      0.5,
      0.7507473230361938,
      0.506686270236969
    ],
    [
      0.0,
      0.4931509494781494,
      0.4280513823032379
    ],
    [
      0.0,
      0.5012974143028259,
      0.5701558589935303
    ],
    [
      0.0,
      0.0012973952107131481,
      0.42984411120414734
    ]
  ],
  "lattice": [
    [
      3.835911512374878,
      0.0,
      0.0
    ],
    [
      0.0,
      11.625114440917969,
      0.0
    ],
    [
      0.0,
      0.0,
      25.697284698486328
    ]
  ],
  "properties": {
    "deltaG_H": 0.014279932522773743,
    "thermo_stability": -1.0191878845294315,
    "synth_score": 0.11523222503453666
  }
}