{
  "id": "JVASP-6190",
  "atomic_numbers": [
    5,
    15,
    16,
    16,
    16,
    16
  ],
  "frac_coords": [
    [
      0.0,
      0.5,
      0.19188299775123596
    ],
    [
      0.5,
      0.5,
      0.19188299775123596
    ],
    [
      0.767038881778717,
      0.7073912024497986,
      0.15074945986270905
    ],
    [
      0.23296111822128296,
      0.2926088273525238,
      0.15074945986270905
    ],
    [
      0.767038881778717,
      0.2926088273525238,
      0.23301555216312408
    ],
    [
      0.23296111822128296,
      0.7073912024497986,
      0.23301555216312408
    ]
  ],
  "lattice": [
    [
      5.293725967407227,
      0.0,
      0.0
    ],
    [
      0.0,
      4.722475051879883,
      0.0
    ],
    [
      0.0,
      0.0,
      27.58688735961914
    ]
  ],
  "properties": {
    "deltaG_H": 0.0033423363367716475,
    "thermo_stability": 0.3742177491386731,
    "synth_score": 0.678837706562963
  }
}