{
  "id": "JVASP-6358",
  "atomic_numbers": [
    81,
    81,
    78,
    78,
    78,
    78,
    16,
    16,
    16,
    16,
    16,
    16
  ],
  "frac_coords": [
    [
      0.011900999583303928,
      0.16341400146484375,
      0.17716474831104279
    ],
    [
      0.34523600339889526,
      0.830079972743988,
      0.028401246294379234
    ],
    [
      0.6785680055618286,
      0.4967469871044159,
      0.10278300195932388
    ],
    [
      0.1785690039396286,
      0.9967470169067383,
      0.10278300195932388
    ],
    [
      0.6785680055618286,
      0.9967470169067383,
      0.10278300195932388
    ],
    [
      0.1785680055618286,
      0.4967469871044159,
      0.10278300195932388
    ],
    [
      0.5093839168548584,
      0.15837782621383667,
      0.14285168051719666
    ],
    [
      0.016936175525188446,
      0.6659311056137085,
      0.14285168051719666
    ],
    [
      0.5093849301338196,
      0.6659311056137085,
      0.14285168051719666
    ],
    [
      0.8477520942687988,
      0.3275628983974457,
      0.06271432340145111
    ],
    [
      0.8477520942687988,
      0.8351151943206787,
      0.06271432340145111
    ],
    [
      0.340200811624527,
      0.3275628983974457,
      0.06271432340145111
    ]
  ],
  "lattice": [
    [
      7.109224319458008,
      0.0,
      0.0
    ],
    [
      -3.554612159729004,
      6.156768798828125,
      0.0
    ],
    [
      0.0,
      0.0,
      30.21015739440918
    ]
  ],
  "properties": {
    "deltaG_H": 0.006913922429084775,
    "thermo_stability": -0.9938360671202342,
    "synth_score": 0.1205033571615803
  }
}