{
  "id": "JVASP-13550",
  "atomic_numbers": [
    14,
    33,
    33,
    33
  ],
  "frac_coords": [
    [
      0.33333298563957214,
      0.6666669845581055,
      0.05347900092601776
    ],
    [
      0.8333232402801514,
      0.16667674481868744,
      0.05347900092601776
    ],
    [
      0.8333232402801514,
      0.6666474938392639,
      0.05347900092601776
    ],
    [
      0.3333525061607361,
      0.16667674481868744,
      0.05347900092601776
    ]
  ],
  "lattice": [
    [
      5.475484371185303,
      4.6152663912835123e-08,
      0.0
    ],
    [
      -2.7377426624298096,
      4.741909027099609,
      0.0
    ],
    [
      0.0,
      0.0,
      24.17038917541504
    ]
  ],
  "properties": {
    "deltaG_H": 0.022501639366149902,
    "thermo_stability": 0.6750488013029099,
    "synth_score": 0.7941455845725403
  }
}