{
  "id": "JVASP-6937",
  "atomic_numbers": [
    21,
    21,
    17,
    17
  ],
  "frac_coords": [
    [
      0.6666669845581055,
      0.33333298563957214,
      0.13345196843147278
    ],
    [
      0.0,
      0.0,
      0.22391803562641144
    ],
    [
      0.33333298563957214,
      0.6666669845581055,
      0.07452625036239624
    ],
    [
      0.33333298563957214,
      0.6666669845581055,
      0.282842755317688
    ]
  ],
  "lattice": [
    [
      3.470465660095215,
      0.0,
      0.0
    ],
    [
      -1.7352328300476074,
      3.0055112838745117,
      0.0
    ],
    [
      0.0,
      0.0,
      27.735517501831055
    ]
  ],
  "properties": {
    "deltaG_H": 0.015046974420547487,
    "thermo_stability": -1.8316647330919906,
    "synth_score": 0.02500566001036709
  }
}