{
  "id": "JVASP-6091",
  "atomic_numbers": [
    15,
    15,
    35,
    35,
    35,
    35,
    35,
    35
  ],
  "frac_coords": [
    [
      0.024110738188028336,
      0.0325000174343586,
      0.08855699747800827
    ],
    [
      0.47588926553726196,
      0.5325000286102295,
      0.08855699747800827
    ],
    [
      0.1346077024936676,
      0.1936059296131134,
      0.031840696930885315
    ],
    [
      0.3653922975063324,
      0.6936059594154358,
      0.031840696930885315
    ],
    [
      0.6740902066230774,
      0.09176711738109589,
      0.08855699747800827
    ],
    [
      0.8259097933769226,
      0.5917671322822571,
      0.08855699747800827
    ],
    [
      0.3653922975063324,
      0.6936059594154358,
      0.1452742964029312
    ],
    [
      0.1346077024936676,
      0.1936059296131134,
      0.1452742964029312
    ]
  ],
  "lattice": [
    [
      6.309169769287109,
      0.0,
      0.0
    ],
    [
      0.0,
      7.741847991943359,
      0.0
    ],
    [
      0.0,
      0.0,
      30.97076416015625
    ]
  ],
  "properties": {
    "deltaG_H": 0.019591382026672363,
    "thermo_stability": -0.26551032265027374,
    "synth_score": 0.37027887019653377
  }
}