{
  "id": "JVASP-75099",
  "atomic_numbers": [
    53,
    53,
    53,
    53
  ],
  "frac_coords": [
    [
      0.3356979787349701,
      0.37828150391578674,
      0.5
    ],
    [
      0.1643020212650299,
      0.8782815337181091,
      0.5
    ],
    [
      0.8356980085372925,
      0.12171848863363266,
      0.5
    ],
    [
      0.6643019914627075,
      0.6217184662818909,
      0.5
    ]
  ],
  "lattice": [
    [
      4.505423545837402,
      0.0,
      0.0
    ],
    [
      0.0,
      9.896124839782715,
      0.0
    ],
    [
      0.0,
      0.0,
      19.948097229003906
    ]
  ],
  "properties": {
    "deltaG_H": 0.036552834510803225,
    "thermo_stability": 0.555998507142067,
    "synth_score": 0.7525012291452131
  }
}