{
  "id": "JVASP-31357",
  "atomic_numbers": [
    41,
    41,
    41,
    53,
    53,
    53,
    53,
    53,
    53,
    53,
    53
  ],
  "frac_coords": [
    [
      0.46439772844314575,
      0.5356025695800781,
      0.1430453509092331
    ],
    [
      0.46439847350120544,
      0.9287952780723572,
      0.14304594695568085
    ],
    [
      0.07120489329099655,
      0.535601794719696,
      0.14304488897323608
    ],
    [
      0.33333516120910645,
      0.66666579246521,
      0.05928351357579231
    ],
    [
      0.32759323716163635,
      0.16379664838314056,
      0.08364484459161758
    ],
    [
      0.8362031579017639,
      0.6724066138267517,
      0.08364463597536087
    ],
    [
      0.8362021446228027,
      0.16379767656326294,
      0.08364371955394745
    ],
    [
      0.6666668653488159,
      0.3333338797092438,
      0.1999857872724533
    ],
    [
      0.6663296222686768,
      0.8331655263900757,
      0.2171715945005417
    ],
    [
      0.16683366894721985,
      0.33367013931274414,
      0.21717138588428497
    ],
    [
      0.1668340414762497,
      0.8331650495529175,
      0.2171703279018402
    ]
  ],
  "lattice": [
    [
      7.652973175048828,
      3.6667461245087907e-06,
      0.0
    ],
    [
      -3.8264832496643066,
      6.627668380737305,
      0.0
    ],
    [
      0.0,
      0.0,
      25.91324806213379
    ]
  ],
  "properties": {
    "deltaG_H": 0.02562765126878565,
    "thermo_stability": -0.9902689774831137,
    "synth_score": 0.12126150326290276
  }
}