{
  "id": "JVASP-27864",
  "atomic_numbers": [
    22,
    22,
    52,
    52,
    15
  ],
  "frac_coords": [
    [
      0.0,
      0.0,
      0.4494694173336029
    ],
    [
      0.6666669845581055,
      0.33333298563957214,
      0.5505306124687195
    ],
    [
      0.6666669845581055,
      0.33333298563957214,
      0.3797699809074402
    ],
    [
      0.0,
      0.0,
      0.6202300190925598
    ],
    [
      0.33333298563957214,
      0.6666669845581055,
      0.5000010132789612
    ]
  ],
  "lattice": [
    [
      3.6467597484588623,
      -0.0,
      0.0
    ],
    [
      -1.8233798742294312,
      3.158186435699463,
      0.0
    ],
    [
      0.0,
      0.0,
      26.27749252319336
    ]
  ],
  "properties": {
    "deltaG_H": 0.006374329471588135,
    "thermo_stability": -2.0,
    "synth_score": 0.01798620996209156
  }
}