{
  "id": "JVASP-20012",
  "atomic_numbers": [
    38,
    38,
    27,
    35,
    35,
    8,
    8
  ],
  "frac_coords": [
    [
      0.0,
      0.0,
      0.2529984712600708
    ],
    [
      0.0,
      0.0,
      0.38142451643943787
    ],
    [
      0.5,
      0.5,
      0.31721100211143494
    ],
    [
      0.5,
      0.5,
      0.1967151165008545
    ],
    [
      0.5,
      0.5,
      0.4377078711986542
    ],
    [
      0.5,
      0.0,
      0.31721100211143494
    ],
    [
      0.0,
      0.5,
      0.31721100211143494
    ]
  ],
  "lattice": [
    [
      3.8966224193573,
      0.0,
      0.0
    ],
    [
      0.0,
      3.8966224193573,
      0.0
    ],
    [
      0.0,
      0.0,
      27.354000091552734
    ]
  ],
  "properties": {
    "deltaG_H": 0.00343208338533129,
    "thermo_stability": -2.0,
    "synth_score": 0.01798620996209156
  }
}