{
  "id": "JVASP-6106",
  "atomic_numbers": [
    5,
    53,
    53,
    53
  ],
  "frac_coords": [
    [
      0.6666669845581055,
      0.33333298563957214,
      0.10115399956703186
    ],
    [
      0.6667073965072632,
      0.6357830166816711,
      0.10115399956703186
    ],
    [
      0.36421698331832886,
      0.030924394726753235,
      0.10115399956703186
    ],
    [
      0.969075620174408,
      0.3332926034927368,
      0.10115399956703186
    ]
  ],
  "lattice": [
    [
      7.0336995124816895,
      -3.7810374919899914e-07,
      0.0
    ],
    [
      -3.5168492794036865,
      6.091361999511719,
      0.0
    ],
    [
      0.0,
      0.0,
      21.8347110748291
    ]
  ],
  "properties": {
    "deltaG_H": 0.02004387378692627,
    "thermo_stability": 0.8426825433969498,
    "synth_score": 0.8436136507590486
  }
}