{
  "id": "JVASP-9023",
  "atomic_numbers": [
    37,
    37,
    37,
    37,
    46,
    46,
    46,
    46,
    46,
    46,
    16,
    16,
    16,
    16,
    16,
    16,
    16,
    16
  ],
  "frac_coords": [
    [
      0.5,
      0.0,
      0.32369890809059143
    ],
    [
      0.5,
      0.0,
      0.17192807793617249
    ],
    [
      0.0,
      0.5,
      0.17192807793617249
    ],
    [
      0.0,
      0.5,
      0.32369890809059143
    ],
    [
      0.75,
      0.75,
      0.24781300127506256
    ],
    [
      0.25,
      0.75,
      0.24781300127506256
    ],
    [
      0.75,
      0.25,
      0.24781300127506256
    ],
    [
      0.25,
      0.25,
      0.24781300127506256
    ],
    [
      0.5,
      0.5,
      0.24781300127506256
    ],
    [
      0.0,
      0.0,
      0.24781300127506256
    ],
    [
      0.5,
      0.3333379626274109,
      0.3042314052581787
    ],
    [
      0.0,
      0.1666620373725891,
      0.3042314052581787
    ],
    [
      0.0,
      0.1666620373725891,
      0.19139458239078522
    ],
    [
      0.0,
      0.8333379626274109,
      0.3042314052581787
    ],
    [
      0.0,
      0.8333379626274109,
      0.19139458239078522
    ],
    [
      0.5,
      0.6666620373725891,
      0.3042314052581787
    ],
    [
      0.5,
      0.6666620373725891,
      0.19139458239078522
    ],
    [
      0.5,
      0.3333379626274109,
      0.19139458239078522
    ]
  ],
  "lattice": [
    [
      6.167438983917236,
      0.0,
      0.0
    ],
    [
      0.0,
      10.682300567626953,
      0.0
    ],
    [
      0.0,
      0.0,
      27.757200241088867
    ]
  ],
  "properties": {
    "deltaG_H": 0.007163864241705999,
    "thermo_stability": -0.9934045046567916,
    "synth_score": 0.12059486309221917
  }
}