{
  "id": "JVASP-6898",
  "atomic_numbers": [
    5,
    5,
    5,
    5,
    17,
    17,
    17,
    17,
    17,
    17,
    17,
    17
  ],
  "frac_coords": [
    [
      0.6153545379638672,
      0.9441429972648621,
      0.2159009724855423
    ],
    [
      0.8846454620361328,
      0.44414299726486206,
      0.2159009724855423
    ],
    [
      0.1153545156121254,
      0.5558570027351379,
      0.2281540334224701
    ],
    [
      0.3846454918384552,
      0.05585699900984764,
      0.2281540334224701
    ],
    [
      0.7676190733909607,
      0.4520106911659241,
      0.16094821691513062
    ],
    [
      0.7323809266090393,
      0.9520106911659241,
      0.16094821691513062
    ],
    [
      0.2577839195728302,
      0.18135394155979156,
      0.1845472753047943
    ],
    [
      0.242216095328331,
      0.6813539266586304,
      0.1845472753047943
    ],
    [
      0.7577838897705078,
      0.31864607334136963,
      0.2595077157020569
    ],
    [
      0.7422161102294922,
      0.8186460733413696,
      0.2595077157020569
    ],
    [
      0.2323809266090393,
      0.5479893088340759,
      0.28310778737068176
    ],
    [
      0.2676190733909607,
      0.047989316284656525,
      0.28310778737068176
    ]
  ],
  "lattice": [
    [
      6.237971782684326,
      0.0,
      0.0
    ],
    [
      0.0,
      7.549316883087158,
      0.0
    ],
    [
      0.0,
      0.0,
      28.77983856201172
    ]
  ],
  "properties": {
    "deltaG_H": 0.008322100440661114,
    "thermo_stability": -0.5305136660734813,
    "synth_score": 0.257113179142728
  }
}