{
  "id": "JVASP-6193",
  "atomic_numbers": [
    49,
    49,
    17,
    17,
    8,
    8
  ],
  "frac_coords": [
    [
      0.7105640172958374,
      0.5417010188102722,
      0.18667234480381012
    ],
    [
      0.2105640023946762,
      0.041701000183820724,
      0.11555764824151993
    ],
    [
      0.2105640023946762,
      0.5417010188102722,
      0.2501453757286072
    ],
    [
      0.7105640172958374,
      0.041701000183820724,
      0.052085619419813156
    ],
    [
      0.7105640172958374,
      0.041701000183820724,
      0.16407710313796997
    ],
    [
      0.2105640023946762,
      0.5417010188102722,
      0.13815391063690186
    ]
  ],
  "lattice": [
    [
      3.565385341644287,
      0.0,
      0.0
    ],
    [
      0.0,
      4.111559867858887,
      0.0
    ],
    [
      0.0,
      0.0,
      28.662752151489258
    ]
  ],
  "properties": {
    "deltaG_H": 0.010813109974066417,
    "thermo_stability": -1.625995876391729,
    "synth_score": 0.03725538243217667
  }
}