{
  "id": "JVASP-28268",
  "atomic_numbers": [
    32,
    52
  ],
  "frac_coords": [
    [
      1.0000001192092896,
      1.0000011920928955,
      0.45916739106178284
    ],
    [
      0.3333328664302826,
      0.66666579246521,
      0.5408325791358948
    ]
  ],
  "lattice": [
    [
      3.9253530502319336,
      -0.0002440641401335597,
      0.0
    ],
    [
      -1.9628883600234985,
      3.39951229095459,
      0.0
    ],
    [
      0.0,
      0.0,
      21.478662490844727
    ]
  ],
  "properties": {
    "deltaG_H": 0.023184697031974795,
    "thermo_stability": 0.24446637233098345,
    "synth_score": 0.6198549820511612
  }
}