{
  "id": "JVASP-689",
  "atomic_numbers": [
    40,
    16,
    16
  ],
  "frac_coords": [
    [
      0.0,
      0.0,
      0.1439809948205948
    ],
    [
      0.6666669845581055,
      0.33333298563957214,
      0.09657660126686096
    ],
    [
      0.33333298563957214,
      0.6666669845581055,
      0.1913854032754898
    ]
  ],
  "lattice": [
    [
      1.8410146236419678,
      -3.188730478286743,
      0.0
    ],
    [
      1.8410146236419678,
      3.188730478286743,
      0.0
    ],
    [
      0.0,
      0.0,
      30.611133575439453
    ]
  ],
  "properties": {
    "deltaG_H": 0.011247865657011668,
    "thermo_stability": -0.02088811695575732,
    "synth_score": 0.48955746021806335
  }
}