{
  "id": "JVASP-75175",
  "atomic_numbers": [
    47,
    47,
    83,
    83,
    16,
    16,
    17,
    17,
    17,
    17
  ],
  "frac_coords": [
    [
      0.0,
      0.5,
      0.5
    ],
    [
      0.0,
      0.0,
      0.5
    ],
    [
      0.5,
      0.25,
      0.5922081470489502
    ],
    [
      0.5,
      0.75,
      0.4077918529510498
    ],
    [
      0.0,
      0.25,
      0.5239407420158386
    ],
    [
      0.0,
      0.75,
      0.4760582447052002
    ],
    [
      0.5,
      0.4824916124343872,
      0.4176192581653595
    ],
    [
      0.5,
      0.5175083875656128,
      0.5823807716369629
    ],
    [
      0.5,
      0.9824916124343872,
      0.5823807716369629
    ],
    [
      0.5,
      0.017508380115032196,
      0.4176192581653595
    ]
  ],
  "lattice": [
    [
      3.887359619140625,
      0.0,
      0.0
    ],
    [
      0.0,
      10.007316589355469,
      0.0
    ],
    [
      0.0,
      0.0,
      25.92172622680664
    ]
  ],
  "properties": {
    "deltaG_H": 0.01726465644836426,
    "thermo_stability": -1.5442095865805943,
    "synth_score": 0.043587488335012886
  }
}