{
  "id": "JVASP-60331",
  "atomic_numbers": [
    30,
    30,
    33,
    33,
    33,
    33,
    8,
    8,
    8,
    8,
    8,
    8,
    8,
    8
  ],
  "frac_coords": [
    [
      0.7454276084899902,
      0.5119056105613708,
      0.8837250471115112
    ],
    [
      0.25457239151000977,
      0.01190559845417738,
      0.8858749270439148
    ],
    [
      0.022327912971377373,
      0.7843034267425537,
      0.7773566842079163
    ],
    [
      0.9776721000671387,
      0.2843034267425537,
      0.9922413229942322
    ],
    [
      0.5244603753089905,
      0.22658003866672516,
      0.7756280303001404
    ],
    [
      0.4755396246910095,
      0.726580023765564,
      0.9939720034599304
    ],
    [
      0.002729141851887107,
      0.7616459131240845,
      0.8459887504577637
    ],
    [
      -0.002729141851887107,
      0.2616459131240845,
      0.9236112236976624
    ],
    [
      0.4940677583217621,
      0.26573482155799866,
      0.8442435264587402
    ],
    [
      0.5059322714805603,
      0.765734851360321,
      0.9253564476966858
    ],
    [
      0.4109133183956146,
      0.87606281042099,
      0.7737598419189453
    ],
    [
      0.9129654765129089,
      0.13522936403751373,
      0.771245539188385
    ],
    [
      0.5890867114067078,
      0.3760628402233124,
      0.9958411455154419
    ],
    [
      0.08703453838825226,
      0.6352293491363525,
      0.998354434967041
    ]
  ],
  "lattice": [
    [
      0.0,
      4.568674564361572,
      0.018570000305771828
    ],
    [
      -5.045525550842285,
      0.0,
      0.0
    ],
    [
      0.0,
      0.0,
      25.98720359802246
    ]
  ],
  "properties": {
    "deltaG_H": -0.004618452242442542,
    "thermo_stability": -2.0,
    "synth_score": 0.01798620996209156
  }
}