{
  "id": "JVASP-28185",
  "atomic_numbers": [
    40,
    40,
    35,
    35,
    8,
    8
  ],
  "frac_coords": [
    [
      0.6666669845581055,
      0.33333298563957214,
      0.547395646572113
    ],
    [
      0.0,
      0.0,
      0.45260336995124817
    ],
    [
      0.33333298563957214,
      0.6666669845581055,
      0.6195198893547058
    ],
    [
      0.33333298563957214,
      0.6666669845581055,
      0.3804800808429718
    ],
    [
      0.6666669845581055,
      0.33333298563957214,
      0.46424373984336853
    ],
    [
      0.0,
      0.0,
      0.5357552766799927
    ]
  ],
  "lattice": [
    [
      3.7284719944000244,
      -0.0,
      0.0
    ],
    [
      -1.8642359972000122,
      3.2289512157440186,
      0.0
    ],
    [
      0.0,
      0.0,
      26.313777923583984
    ]
  ],
  "properties": {
    "deltaG_H": 0.005372170011202495,
    "thermo_stability": -2.0,
    "synth_score": 0.01798620996209156
  }
}