{
  "id": "JVASP-6454",
  "atomic_numbers": [
    33,
    33,
    33,
    33,
    8,
    8,
    8,
    8,
    8,
    8
  ],
  "frac_coords": [
    [
      0.9685484170913696,
      0.733153223991394,
      0.056080322712659836
    ],
    [
      0.4892580211162567,
      0.1429101526737213,
      0.08362826704978943
    ],
    [
      -0.010741965845227242,
      0.6429101824760437,
      0.18401873111724854
    ],
    [
      0.46854841709136963,
      0.23315323889255524,
      0.21156667172908783
    ],
    [
      0.35692209005355835,
      0.8326935172080994,
      0.05867699906229973
    ],
    [
      0.8685467839241028,
      0.04758904129266739,
      0.07642566412687302
    ],
    [
      0.9329566359519958,
      0.5569910407066345,
      0.11609231680631638
    ],
    [
      0.43295666575431824,
      0.05699101462960243,
      0.151554673910141
    ],
    [
      0.3685467839241028,
      0.5475890636444092,
      0.19122134149074554
    ],
    [
      0.8569220900535583,
      0.33269354701042175,
      0.20896999537944794
    ]
  ],
  "lattice": [
    [
      4.545072555541992,
      0.04586949571967125,
      0.0
    ],
    [
      -0.29610785841941833,
      5.304492950439453,
      0.0
    ],
    [
      0.0,
      0.0,
      25.822792053222656
    ]
  ],
  "properties": {
    "deltaG_H": -0.0010343067169189448,
    "thermo_stability": -1.1230004747708642,
    "synth_score": 0.09569497341897704
  }
}