{
  "id": "JVASP-60585",
  "atomic_numbers": [
    69,
    69,
    17,
    17,
    8,
    8
  ],
  "frac_coords": [
    [
      0.6666790843009949,
      0.33335867524147034,
      0.934212863445282
    ],
    [
      0.3333211839199066,
      0.6666411757469177,
      0.8268898129463196
    ],
    [
      5.093585855320271e-07,
      1.1970437299169134e-06,
      -0.00019449027604423463
    ],
    [
      -1.0524873914619093e-06,
      -1.4919311297489912e-06,
      0.7613115310668945
    ],
    [
      0.6666722893714905,
      0.333346426486969,
      0.8486908674240112
    ],
    [
      0.333327978849411,
      0.6666539907455444,
      0.9124054312705994
    ]
  ],
  "lattice": [
    [
      -3.724139451980591,
      -0.0001128950752899982,
      0.0
    ],
    [
      1.862167477607727,
      3.2250492572784424,
      0.0
    ],
    [
      0.0,
      0.0,
      -26.27756690979004
    ]
  ],
  "properties": {
    "deltaG_H": -0.00751949389775594,
    "thermo_stability": -2.0,
    "synth_score": 0.01798620996209156
  }
}