{
  "id": "JVASP-13547",
  "atomic_numbers": [
    14,
    51,
    51,
    51
  ],
  "frac_coords": [
    [
      0.33333298563957214,
      0.6666669845581055,
      0.06448999792337418
    ],
    [
      0.3333350121974945,
      0.16666750609874725,
      0.06448999792337418
    ],
    [
      0.8333324790000916,
      0.6666649580001831,
      0.06448999792337418
    ],
    [
      0.8333324790000916,
      0.16666750609874725,
      0.06448999792337418
    ]
  ],
  "lattice": [
    [
      6.107733249664307,
      -3.09995336067459e-08,
      0.0
    ],
    [
      -3.053866386413574,
      5.289451599121094,
      0.0
    ],
    [
      0.0,
      0.0,
      21.56222915649414
    ]
  ],
  "properties": {
    "deltaG_H": 0.028827013015747072,
    "thermo_stability": 0.6750038370490075,
    "synth_score": 0.7941308828173292
  }
}