{
  "id": "JVASP-75151",
  "atomic_numbers": [
    50,
    83,
    83,
    52,
    52,
    52,
    52
  ],
  "frac_coords": [
    [
      0.6666669845581055,
      0.6666669845581055,
      0.5
    ],
    [
      0.0,
      0.0,
      0.3732340335845947
    ],
    [
      0.33333298563957214,
      0.33333298563957214,
      0.6267659664154053
    ],
    [
      0.6666669845581055,
      0.6666669845581055,
      0.3185215890407562
    ],
    [
      0.0,
      0.0,
      0.5604089498519897
    ],
    [
      0.33333298563957214,
      0.33333298563957214,
      0.43959102034568787
    ],
    [
      0.6666669845581055,
      0.6666669845581055,
      0.6814784407615662
    ]
  ],
  "lattice": [
    [
      4.443589210510254,
      -7.090220077721199e-10,
      0.0
    ],
    [
      2.221795082092285,
      3.8482608795166016,
      0.0
    ],
    [
      0.0,
      0.0,
      31.307939529418945
    ]
  ],
  "properties": {
    "deltaG_H": 0.02072247244630541,
    "thermo_stability": -2.0,
    "synth_score": 0.01798620996209156
  }
}