{
  "id": "JVASP-649",
  "atomic_numbers": [
    42,
    34,
    34
  ],
  "frac_coords": [
    [
      0.6666669845581055,
      0.33333298563957214,
      0.32688599824905396
    ],
    [
      0.33333298563957214,
      0.6666669845581055,
      0.3740796446800232
    ],
    [
      0.33333298563957214,
      0.6666669845581055,
      0.27969133853912354
    ]
  ],
  "lattice": [
    [
      1.6617590188980103,
      -2.8782496452331543,
      0.0
    ],
    [
      1.6617590188980103,
      2.8782496452331543,
      0.0
    ],
    [
      0.0,
      0.0,
      35.45142364501953
    ]
  ],
  "properties": {
    "deltaG_H": 0.010695062081019086,
    "thermo_stability": 0.37377613360683115,
    "synth_score": 0.6786451167021496
  }
}