{
  "id": "JVASP-20029",
  "atomic_numbers": [
    79,
    6,
    7
  ],
  "frac_coords": [
    [
      0.01921604387462139,
      0.0,
      0.11816199868917465
    ],
    [
      0.3986838459968567,
      0.0,
      0.11816199868917465
    ],
    [
      0.6281000971794128,
      0.0,
      0.11816199868917465
    ]
  ],
  "lattice": [
    [
      5.0797905921936035,
      0.0,
      0.0
    ],
    [
      0.0,
      2.838536024093628,
      -1.8308000564575195
    ],
    [
      0.0,
      0.0,
      30.984699249267578
    ]
  ],
  "properties": {
    "deltaG_H": -0.012692268848419189,
    "thermo_stability": 0.5773457840085028,
    "synth_score": 0.7603668073799768
  }
}