{
  "id": "JVASP-31353",
  "atomic_numbers": [
    49,
    49,
    83,
    83
  ],
  "frac_coords": [
    [
      0.511542022228241,
      0.511542022228241,
      0.10118100047111511
    ],
    [
      0.011541999876499176,
      0.011541999876499176,
      0.10118100047111511
    ],
    [
      0.011541999876499176,
      0.511542022228241,
      0.18007196485996246
    ],
    [
      0.511542022228241,
      0.011541999876499176,
      0.02229003608226776
    ]
  ],
  "lattice": [
    [
      4.689404487609863,
      0.0,
      0.0
    ],
    [
      0.0,
      4.689404487609863,
      0.0
    ],
    [
      0.0,
      0.0,
      25.074031829833984
    ]
  ],
  "properties": {
    "deltaG_H": 0.026697653889656066,
    "thermo_stability": -0.9546988874673843,
    "synth_score": 0.12904852411426
  }
}