{
  "id": "JVASP-75214",
  "atomic_numbers": [
    23,
    23,
    28,
    34,
    34,
    34,
    34
  ],
  "frac_coords": [
    [
      0.9998850226402283,
      0.9998850226402283,
      0.6032266020774841
    ],
    [
      0.00011498171807033941,
      0.00011498171807033941,
      0.39677339792251587
    ],
    [
      0.0,
      0.0,
      0.5
    ],
    [
      0.6665882468223572,
      0.6665882468223572,
      0.5487449169158936
    ],
    [
      0.3334117829799652,
      0.3334117829799652,
      0.45125508308410645
    ],
    [
      0.3332236409187317,
      0.3332236409187317,
      0.6529244780540466
    ],
    [
      0.6667763590812683,
      0.6667763590812683,
      0.34707552194595337
    ]
  ],
  "lattice": [
    [
      3.5734918117523193,
      0.006584398448467255,
      0.0
    ],
    [
      1.7810248136520386,
      3.0980372428894043,
      0.0
    ],
    [
      0.0,
      0.0,
      28.74886703491211
    ]
  ],
  "properties": {
    "deltaG_H": 0.00448690448488508,
    "thermo_stability": -2.0,
    "synth_score": 0.01798620996209156
  }
}