{
  "id": "JVASP-60548",
  "atomic_numbers": [
    80,
    80,
    15,
    15,
    34,
    34,
    34,
    34,
    34,
    34
  ],
  "frac_coords": [
    [
      0.37302476167678833,
      0.834898054599762,
      0.11378242075443268
    ],
    [
      0.6269752383232117,
      0.16510196030139923,
      0.06814257800579071
    ],
    [
      0.986592710018158,
      0.5238993763923645,
      0.04330149665474892
    ],
    [
      0.013407313264906406,
      0.4761006534099579,
      0.13862350583076477
    ],
    [
      0.6368473172187805,
      0.5810472369194031,
      0.025717871263623238
    ],
    [
      0.9832895994186401,
      0.17278286814689636,
      0.1624167114496231
    ],
    [
      0.7267473340034485,
      0.7887750864028931,
      0.17929372191429138
    ],
    [
      0.36315271258354187,
      0.4189527928829193,
      0.1562071293592453
    ],
    [
      0.016710415482521057,
      0.827217161655426,
      0.019508296623826027
    ],
    [
      0.2732526957988739,
      0.21122489869594574,
      0.0026312724221497774
    ]
  ],
  "lattice": [
    [
      -0.1606532484292984,
      6.685787200927734,
      0.5745609998703003
    ],
    [
      -5.858211517333984,
      3.483572006225586,
      0.28727999329566956
    ],
    [
      0.0,
      0.0,
      24.412492752075195
    ]
  ],
  "properties": {
    "deltaG_H": 0.0032982524871826156,
    "thermo_stability": -1.5107382506132128,
    "synth_score": 0.04646501280445863
  }
}