{
  "id": "JVASP-27853",
  "atomic_numbers": [
    41,
    41,
    27,
    16,
    16,
    16,
    16
  ],
  "frac_coords": [
    [
      0.6666669845581055,
      0.33333298563957214,
      0.3799201250076294
    ],
    [
      0.33333298563957214,
      0.6666669845581055,
      0.6200798749923706
    ],
    [
      0.0,
      0.0,
      0.5
    ],
    [
      0.6666669845581055,
      0.33333298563957214,
      0.45996949076652527
    ],
    [
      0.33333298563957214,
      0.6666669845581055,
      0.33024707436561584
    ],
    [
      0.33333298563957214,
      0.6666669845581055,
      0.5400304794311523
    ],
    [
      0.6666669845581055,
      0.33333298563957214,
      0.6697528958320618
    ]
  ],
  "lattice": [
    [
      3.318187713623047,
      -4.577270562577951e-09,
      0.0
    ],
    [
      -1.6590943336486816,
      2.8736345767974854,
      0.0
    ],
    [
      0.0,
      0.0,
      30.341602325439453
    ]
  ],
  "properties": {
    "deltaG_H": -0.0007091334036418368,
    "thermo_stability": -2.0,
    "synth_score": 0.01798620996209156
  }
}