{
  "id": "JVASP-27940",
  "atomic_numbers": [
    26,
    26,
    15,
    15,
    34,
    34,
    34,
    34,
    34,
    34
  ],
  "frac_coords": [
    [
      0.0,
      0.0,
      0.499996155500412
    ],
    [
      0.6666669845581055,
      0.33333298563957214,
      0.5000028610229492
    ],
    [
      0.33333298563957214,
      0.6666669845581055,
      0.45211437344551086
    ],
    [
      0.33333298563957214,
      0.6666669845581055,
      0.5478846430778503
    ],
    [
      0.6808093190193176,
      0.014159556478261948,
      0.42934587597846985
    ],
    [
      0.33334922790527344,
      0.3191906809806824,
      0.42934587597846985
    ],
    [
      0.9858404397964478,
      0.6666507720947266,
      0.42934587597846985
    ],
    [
      0.9858566522598267,
      0.3191744387149811,
      0.5706540942192078
    ],
    [
      0.33331677317619324,
      0.014143328182399273,
      0.5706540942192078
    ],
    [
      0.6808255314826965,
      0.6666832566261292,
      0.5706540942192078
    ]
  ],
  "lattice": [
    [
      6.239440441131592,
      1.358748704660684e-07,
      0.0
    ],
    [
      -3.119720458984375,
      5.4035139083862305,
      0.0
    ],
    [
      0.0,
      0.0,
      23.291948318481445
    ]
  ],
  "properties": {
    "deltaG_H": 0.005187359118461608,
    "thermo_stability": -0.8870698432127635,
    "synth_score": 0.14502827355898115
  }
}