{
  "id": "JVASP-5962",
  "atomic_numbers": [
    14,
    14,
    14,
    14,
    15,
    15,
    15,
    15,
    15,
    15,
    15,
    15
  ],
  "frac_coords": [
    [
      0.0,
      0.41304895281791687,
      0.07235940545797348
    ],
    [
      0.5,
      0.696574330329895,
      0.10254338383674622
    ],
    [
      0.5,
      0.19657431542873383,
      0.11940761655569077
    ],
    [
      0.0,
      0.9130489230155945,
      0.1495925933122635
    ],
    [
      0.0,
      0.235688716173172,
      0.032623641192913055
    ],
    [
      0.5,
      0.11865490674972534,
      0.05767340585589409
    ],
    [
      0.5,
      0.5441121459007263,
      0.055568892508745193
    ],
    [
      0.0,
      0.8352490067481995,
      0.09008147567510605
    ],
    [
      0.0,
      0.3352489769458771,
      0.13187052309513092
    ],
    [
      0.5,
      0.04411212354898453,
      0.1663821041584015
    ],
    [
      0.5,
      0.6186549067497253,
      0.1642775982618332
    ],
    [
      0.0,
      0.7356887459754944,
      0.1893283575773239
    ]
  ],
  "lattice": [
    [
      3.4697554111480713,
      0.0,
      0.0
    ],
    [
      0.0,
      10.09757137298584,
      0.0
    ],
    [
      0.0,
      0.0,
      35.964942932128906
    ]
  ],
  "properties": {
    "deltaG_H": 0.01014661955833435,
    "thermo_stability": -1.0137969175974528,
    "synth_score": 0.11633605230405134
  }
}