{
  "id": "JVASP-27726",
  "atomic_numbers": [
    40,
    40,
    52,
    52,
    15
  ],
  "frac_coords": [
    [
      1.67364578373963e-05,
      -1.67364578373963e-05,
      0.6192636489868164
    ],
    [
      0.6666702628135681,
      0.3333297371864319,
      0.7140976786613464
    ],
    [
      0.6666676998138428,
      0.3333323001861572,
      0.5569378733634949
    ],
    [
      2.7867051812791033e-06,
      -2.7867051812791033e-06,
      0.7764214873313904
    ],
    [
      0.3333424925804138,
      0.6666575074195862,
      0.666679322719574
    ]
  ],
  "lattice": [
    [
      3.844757080078125,
      5.9201188378210645e-06,
      0.0
    ],
    [
      -1.9223734140396118,
      3.329660415649414,
      0.0
    ],
    [
      0.0,
      0.0,
      30.479900360107422
    ]
  ],
  "properties": {
    "deltaG_H": 0.009985143089294435,
    "thermo_stability": -2.0,
    "synth_score": 0.01798620996209156
  }
}