{
  "id": "JVASP-76611",
  "atomic_numbers": [
    69,
    69,
    35,
    35,
    8,
    8
  ],
  "frac_coords": [
    [
      0.5,
      0.5,
      0.07883961498737335
    ],
    [
      0.0,
      0.0,
      0.15701238811016083
    ],
    [
      0.0,
      0.5,
      0.0004308376810513437
    ],
    [
      0.5,
      0.0,
      0.23542116582393646
    ],
    [
      0.0,
      0.5,
      0.12694761157035828
    ],
    [
      0.5,
      0.0,
      0.1089043840765953
    ]
  ],
  "lattice": [
    [
      3.760786533355713,
      0.0,
      0.0
    ],
    [
      0.0,
      4.102134704589844,
      0.0
    ],
    [
      0.0,
      0.0,
      26.17293930053711
    ]
  ],
  "properties": {
    "deltaG_H": 0.005903460780779522,
    "thermo_stability": -2.0,
    "synth_score": 0.01798620996209156
  }
}