{
  "id": "JVASP-75042",
  "atomic_numbers": [
    3,
    3,
    4,
    4
  ],
  "frac_coords": [
    [
      0.021111320704221725,
      0.75,
      0.5474108457565308
    ],
    [
      0.5220077037811279,
      0.25,
      0.45258915424346924
    ],
    [
      0.5209479928016663,
      0.75,
      0.6307236552238464
    ],
    [
      0.022171003744006157,
      0.25,
      0.3692763149738312
    ]
  ],
  "lattice": [
    [
      2.345065116882324,
      0.0,
      0.0
    ],
    [
      0.0,
      2.1564128398895264,
      0.0
    ],
    [
      0.0,
      0.0,
      26.090364456176758
    ]
  ],
  "properties": {
    "deltaG_H": 0.014162303805351259,
    "thermo_stability": -2.0,
    "synth_score": 0.01798620996209156
  }
}