{
  "id": "JVASP-5926",
  "atomic_numbers": [
    73,
    73,
    34,
    34,
    34,
    34
  ],
  "frac_coords": [
    [
      0.5203367471694946,
      0.8010250329971313,
      0.9551906585693359
    ],
    [
      0.020335698500275612,
      0.3010730743408203,
      0.9551897048950195
    ],
    [
      0.020328478887677193,
      0.9677227735519409,
      0.016232147812843323
    ],
    [
      0.5203273892402649,
      0.46771156787872314,
      0.01623694598674774
    ],
    [
      0.5203284025192261,
      0.4677036702632904,
      0.8941474556922913
    ],
    [
      0.02032925933599472,
      0.9677098393440247,
      0.8941531181335449
    ]
  ],
  "lattice": [
    [
      3.473346471786499,
      2.8211088647367433e-05,
      0.0
    ],
    [
      -3.0996939131000545e-06,
      6.015767574310303,
      0.0
    ],
    [
      0.0,
      0.0,
      27.460956573486328
    ]
  ],
  "properties": {
    "deltaG_H": -0.004841252168019613,
    "thermo_stability": -2.0,
    "synth_score": 0.01798620996209156
  }
}