{
  "id": "JVASP-27724",
  "atomic_numbers": [
    51,
    51,
    52,
    52,
    52
  ],
  "frac_coords": [
    [
      0.33333268761634827,
      0.6666672825813293,
      0.2689266502857208
    ],
    [
      -4.308888946980005e-06,
      4.308888946980005e-06,
      0.39771199226379395
    ],
    [
      -6.521445811813464e-06,
      6.521445811813464e-06,
      0.2141723483800888
    ],
    [
      0.3333258032798767,
      0.6666741967201233,
      0.4524694085121155
    ],
    [
      0.6666523218154907,
      0.3333476483821869,
      0.3333195745944977
    ]
  ],
  "lattice": [
    [
      4.308229923248291,
      4.822408300242387e-05,
      0.0
    ],
    [
      -2.1540732383728027,
      3.7310609817504883,
      0.0
    ],
    [
      0.0,
      0.0,
      31.348899841308594
    ]
  ],
  "properties": {
    "deltaG_H": 0.021477135884761807,
    "thermo_stability": -2.0,
    "synth_score": 0.01798620996209156
  }
}