{
  "id": "JVASP-76444",
  "atomic_numbers": [
    24,
    24,
    32,
    32,
    52,
    52,
    52,
    52,
    52,
    52
  ],
  "frac_coords": [
    [
      0.6666669845581055,
      0.33333298563957214,
      0.07344727963209152
    ],
    [
      0.33333298563957214,
      0.6666669845581055,
      0.07347772270441055
    ],
    [
      0.0,
      0.0,
      0.12504616379737854
    ],
    [
      0.0,
      0.0,
      0.021878831088542938
    ],
    [
      0.3737231492996216,
      0.37368422746658325,
      0.1472855806350708
    ],
    [
      0.9999610781669617,
      0.6262768507003784,
      0.1472855806350708
    ],
    [
      0.6263157725334167,
      3.891708911396563e-05,
      0.1472855806350708
    ],
    [
      0.6262768507003784,
      0.6263157725334167,
      0.9996394515037537
    ],
    [
      3.891708911396563e-05,
      0.3737231492996216,
      0.9996394515037537
    ],
    [
      0.37368422746658325,
      0.9999610781669617,
      0.9996394515037537
    ]
  ],
  "lattice": [
    [
      3.4493215084075928,
      -5.974400520324707,
      0.0
    ],
    [
      3.4493215084075928,
      5.974400520324707,
      0.0
    ],
    [
      0.0,
      0.0,
      23.444602966308594
    ]
  ],
  "properties": {
    "deltaG_H": -0.007180869340896607,
    "thermo_stability": -2.0,
    "synth_score": 0.01798620996209156
  }
}