{
  "id": "JVASP-14441",
  "atomic_numbers": [
    27,
    8,
    8
  ],
  "frac_coords": [
    [
      0.26905399560928345,
      0.9290120005607605,
      0.09269700199365616
    ],
    [
      0.602387011051178,
      0.595678985118866,
      0.13076213002204895
    ],
    [
      0.9357209801673889,
      0.26234498620033264,
      0.05463286489248276
    ]
  ],
  "lattice": [
    [
      2.817350149154663,
      -0.0,
      0.0
    ],
    [
      -1.4086750745773315,
      2.4398961067199707,
      0.0
    ],
    [
      0.0,
      0.0,
      24.551774978637695
    ]
  ],
  "properties": {
    "deltaG_H": -0.002336940517028172,
    "thermo_stability": 0.29043742318948107,
    "synth_score": 0.6412686836221971
  }
}