{
  "id": "JVASP-5902",
  "atomic_numbers": [
    22,
    8,
    8
  ],
  "frac_coords": [
    [
      0.8419389724731445,
      0.8124949932098389,
      0.2966809868812561
    ],
    [
      0.5086060166358948,
      0.14582699537277222,
      0.33595389127731323
    ],
    [
      0.17527200281620026,
      0.47916099429130554,
      0.25740912556648254
    ]
  ],
  "lattice": [
    [
      2.992453098297119,
      0.0,
      0.0
    ],
    [
      -1.4962265491485596,
      2.5915403366088867,
      0.0
    ],
    [
      0.0,
      0.0,
      24.591934204101562
    ]
  ],
  "properties": {
    "deltaG_H": -0.00031816144784291555,
    "thermo_stability": 0.2501780370871225,
    "synth_score": 0.6225430063051173
  }
}