{
  "id": "JVASP-75231",
  "atomic_numbers": [
    48,
    49,
    31,
    16,
    16,
    16,
    16
  ],
  "frac_coords": [
    [
      0.6666669845581055,
      0.33333298563957214,
      0.4891076683998108
    ],
    [
      0.0,
      0.0,
      0.36759746074676514
    ],
    [
      0.0,
      0.0,
      0.6082072257995605
    ],
    [
      0.6666669845581055,
      0.33333298563957214,
      0.572611391544342
    ],
    [
      0.33333298563957214,
      0.6666669845581055,
      0.33299094438552856
    ],
    [
      0.0,
      0.0,
      0.45177149772644043
    ],
    [
      0.0,
      0.0,
      0.6777127981185913
    ]
  ],
  "lattice": [
    [
      3.993549346923828,
      -2.917531105595117e-09,
      0.0
    ],
    [
      -1.9967740774154663,
      3.458514928817749,
      0.0
    ],
    [
      0.0,
      0.0,
      30.1596622467041
    ]
  ],
  "properties": {
    "deltaG_H": 3.085494041442892e-05,
    "thermo_stability": -2.0,
    "synth_score": 0.01798620996209156
  }
}