{
  "id": "JVASP-5947",
  "atomic_numbers": [
    41,
    16,
    16
  ],
  "frac_coords": [
    [
      0.44137901067733765,
      0.05516299977898598,
      0.1179099977016449
    ],
    [
      0.7747120261192322,
      0.7218300104141235,
      0.17705123126506805
    ],
    [
      0.10804600268602371,
      0.38849499821662903,
      0.05876876413822174
    ]
  ],
  "lattice": [
    [
      3.3934099674224854,
      -2.7938169555596915e-09,
      0.0
    ],
    [
      -1.6967054605484009,
      2.938779354095459,
      0.0
    ],
    [
      0.0,
      0.0,
      26.171842575073242
    ]
  ],
  "properties": {
    "deltaG_H": 0.009237717191378277,
    "thermo_stability": -0.41211490035057086,
    "synth_score": 0.3048665290079565
  }
}