{
  "id": "JVASP-75188",
  "atomic_numbers": [
    71,
    71,
    16,
    16,
    35,
    35
  ],
  "frac_coords": [
    [
      0.5,
      0.0,
      0.43648430705070496
    ],
    [
      0.0,
      0.5,
      0.5635157227516174
    ],
    [
      0.5,
      0.5,
      0.6190409064292908
    ],
    [
      0.0,
      0.0,
      0.38095909357070923
    ],
    [
      0.0,
      0.0,
      0.5286723375320435
    ],
    [
      0.5,
      0.5,
      0.47132766246795654
    ]
  ],
  "lattice": [
    [
      3.9363393783569336,
      0.0,
      0.0
    ],
    [
      0.0,
      5.4548845291137695,
      0.0
    ],
    [
      0.0,
      0.0,
      26.041584014892578
    ]
  ],
  "properties": {
    "deltaG_H": 0.010749696890513104,
    "thermo_stability": -2.0,
    "synth_score": 0.01798620996209156
  }
}