{
  "id": "JVASP-730",
  "atomic_numbers": [
    42,
    42,
    16,
    16,
    16,
    16
  ],
  "frac_coords": [
    [
      0.31804201006889343,
      0.5,
      0.11608599871397018
    ],
    [
      0.818041980266571,
      0.0,
      0.11608599871397018
    ],
    [
      0.4991595149040222,
      0.0,
      0.15976682305335999
    ],
    [
      0.636925458908081,
      0.5,
      0.07240618020296097
    ],
    [
      -0.0008404739201068878,
      0.5,
      0.15976682305335999
    ],
    [
      0.13692547380924225,
      0.0,
      0.07240618020296097
    ]
  ],
  "lattice": [
    [
      0.0,
      5.53871488571167,
      0.0
    ],
    [
      3.1976656913757324,
      0.0,
      0.0
    ],
    [
      0.0,
      -1.8304544687271118,
      -36.325313568115234
    ]
  ],
  "properties": {
    "deltaG_H": 0.008605648229519527,
    "thermo_stability": 0.13372886478900903,
    "synth_score": 0.5664686751456083
  }
}