{
  "id": "JVASP-13556",
  "atomic_numbers": [
    12,
    12,
    12,
    79
  ],
  "frac_coords": [
    [
      0.33333298563957214,
      0.6666669845581055,
      0.0351676382124424
    ],
    [
      0.6666669845581055,
      0.33333298563957214,
      0.09294400364160538
    ],
    [
      0.33333298563957214,
      0.6666669845581055,
      0.15071935951709747
    ],
    [
      0.0,
      0.0,
      0.09294400364160538
    ]
  ],
  "lattice": [
    [
      4.54802942276001,
      1.219347556258299e-08,
      0.0
    ],
    [
      -2.274015188217163,
      3.938709259033203,
      0.0
    ],
    [
      0.0,
      0.0,
      25.468551635742188
    ]
  ],
  "properties": {
    "deltaG_H": 0.01645503491163254,
    "thermo_stability": -0.2855850676695506,
    "synth_score": 0.3609668660928002
  }
}