{
  "id": "JVASP-77643",
  "atomic_numbers": [
    47,
    47,
    47,
    47,
    16,
    16
  ],
  "frac_coords": [
    [
      0.5001134276390076,
      0.3792392611503601,
      0.49999383091926575
    ],
    [
      0.0001134179619839415,
      0.37945571541786194,
      0.5000061988830566
    ],
    [
      0.499886155128479,
      0.879223644733429,
      0.49999499320983887
    ],
    [
      -0.00011384793469915166,
      0.8794723153114319,
      0.5000050067901611
    ],
    [
      0.7500004172325134,
      0.6293444633483887,
      0.5581311583518982
    ],
    [
      0.2500004172325134,
      0.12935151159763336,
      0.4418688714504242
    ]
  ],
  "lattice": [
    [
      5.787572383880615,
      0.0,
      0.0
    ],
    [
      0.0,
      5.787446022033691,
      0.0
    ],
    [
      0.0,
      0.0,
      22.469829559326172
    ]
  ],
  "properties": {
    "deltaG_H": 0.004557892282803852,
    "thermo_stability": -0.40159150163332624,
    "synth_score": 0.30934505565299647
  }
}