{
  "id": "JVASP-27952",
  "atomic_numbers": [
    59,
    59,
    52,
    52,
    52,
    52,
    34,
    34
  ],
  "frac_coords": [
    [
      0.5,
      0.5,
      0.436277836561203
    ],
    [
      0.0,
      0.0,
      0.5637221336364746
    ],
    [
      0.5,
      0.0,
      0.3445015549659729
    ],
    [
      0.0,
      0.5,
      0.34450632333755493
    ],
    [
      0.0,
      0.5,
      0.6554984450340271
    ],
    [
      0.5,
      0.0,
      0.6554936766624451
    ],
    [
      0.5,
      0.5,
      0.5402751564979553
    ],
    [
      0.0,
      0.0,
      0.4597248435020447
    ]
  ],
  "lattice": [
    [
      4.32301139831543,
      0.0,
      0.0
    ],
    [
      0.0,
      4.322661399841309,
      0.0
    ],
    [
      0.0,
      0.0,
      29.078153610229492
    ]
  ],
  "properties": {
    "deltaG_H": 0.016761047840118407,
    "thermo_stability": -2.0,
    "synth_score": 0.01798620996209156
  }
}