{
  "id": "JVASP-60341",
  "atomic_numbers": [
    59,
    59,
    52,
    52,
    52,
    52,
    34,
    34
  ],
  "frac_coords": [
    [
      0.0,
      0.0,
      0.09237514436244965
    ],
    [
      0.5,
      0.5,
      0.21982385218143463
    ],
    [
      0.0,
      0.5,
      0.0005854344926774502
    ],
    [
      0.5,
      0.0,
      0.0005949998740106821
    ],
    [
      0.5,
      0.0,
      0.3116145730018616
    ],
    [
      0.0,
      0.5,
      0.3116050064563751
    ],
    [
      0.5,
      0.5,
      0.11581791937351227
    ],
    [
      0.0,
      0.0,
      0.196382075548172
    ]
  ],
  "lattice": [
    [
      4.322686672210693,
      0.0,
      0.0
    ],
    [
      0.0,
      4.3226518630981445,
      0.0
    ],
    [
      0.0,
      0.0,
      29.07820701599121
    ]
  ],
  "properties": {
    "deltaG_H": 0.016765538454055786,
    "thermo_stability": -2.0,
    "synth_score": 0.01798620996209156
  }
}