{
  "id": "JVASP-6166",
  "atomic_numbers": [
    66,
    66,
    16,
    16,
    53,
    53
  ],
  "frac_coords": [
    [
      0.7712500095367432,
      0.4971889853477478,
      0.21100907027721405
    ],
    [
      0.27125000953674316,
      0.9971889853477478,
      0.1368209272623062
    ],
    [
      0.7712500095367432,
      0.9971889853477478,
      0.19497022032737732
    ],
    [
      0.27125000953674316,
      0.4971889853477478,
      0.15285977721214294
    ],
    [
      0.27125000953674316,
      0.4971889853477478,
      0.28310146927833557
    ],
    [
      0.7712500095367432,
      0.9971889853477478,
      0.06472852826118469
    ]
  ],
  "lattice": [
    [
      4.162948131561279,
      0.0,
      0.0
    ],
    [
      0.0,
      5.325919151306152,
      0.0
    ],
    [
      0.0,
      0.0,
      30.666824340820312
    ]
  ],
  "properties": {
    "deltaG_H": 0.01645926872889201,
    "thermo_stability": -1.9645490169525148,
    "synth_score": 0.01928228184574658
  }
}