{
  "id": "JVASP-6292",
  "atomic_numbers": [
    15,
    15,
    15,
    15,
    46,
    46,
    46,
    46,
    34,
    34,
    34,
    34
  ],
  "frac_coords": [
    [
      0.12515848875045776,
      0.2866559326648712,
      0.2207978218793869
    ],
    [
      0.8748415112495422,
      0.7866559624671936,
      0.2207978218793869
    ],
    [
      0.12515848875045776,
      0.21334406733512878,
      0.2962031960487366
    ],
    [
      0.8748415112495422,
      0.7133440375328064,
      0.2962031960487366
    ],
    [
      0.7566267251968384,
      0.1556517332792282,
      0.2068771868944168
    ],
    [
      0.24337327480316162,
      0.6556517481803894,
      0.2068771868944168
    ],
    [
      0.7566267251968384,
      0.3443482518196106,
      0.31012481451034546
    ],
    [
      0.24337327480316162,
      0.8443482518196106,
      0.31012481451034546
    ],
    [
      0.635765552520752,
      0.5400850772857666,
      0.1821604073047638
    ],
    [
      0.36423444747924805,
      0.0400850847363472,
      0.1821604073047638
    ],
    [
      0.36423444747924805,
      0.4599149227142334,
      0.33484160900115967
    ],
    [
      0.635765552520752,
      0.9599149227142334,
      0.33484160900115967
    ]
  ],
  "lattice": [
    [
      5.845307350158691,
      0.0,
      0.0
    ],
    [
      0.0,
      5.910091876983643,
      0.0
    ],
    [
      0.0,
      0.0,
      28.985614776611328
    ]
  ],
  "properties": {
    "deltaG_H": 0.0038437752326329535,
    "thermo_stability": -1.022362129886945,
    "synth_score": 0.11458655189084828
  }
}