{
  "id": "JVASP-75085",
  "atomic_numbers": [
    40,
    40,
    14,
    14,
    52,
    52
  ],
  "frac_coords": [
    [
      0.5,
      0.0,
      0.5796224474906921
    ],
    [
      0.0,
      0.5,
      0.42037755250930786
    ],
    [
      0.5,
      0.5,
      0.5
    ],
    [
      0.0,
      0.0,
      0.5
    ],
    [
      0.0,
      0.5,
      0.6309157013893127
    ],
    [
      0.5,
      0.0,
      0.36908432841300964
    ]
  ],
  "lattice": [
    [
      3.696108818054199,
      0.0,
      0.0
    ],
    [
      0.0,
      3.696108818054199,
      0.0
    ],
    [
      0.0,
      0.0,
      26.981470108032227
    ]
  ],
  "properties": {
    "deltaG_H": 0.010367576082547507,
    "thermo_stability": -2.0,
    "synth_score": 0.01798620996209156
  }
}