{
  "id": "JVASP-7036",
  "atomic_numbers": [
    3,
    22,
    22,
    34,
    34,
    34,
    34
  ],
  "frac_coords": [
    [
      0.0,
      0.0,
      0.3576439917087555
    ],
    [
      0.0,
      0.0,
      0.2536669969558716
    ],
    [
      0.0,
      0.0,
      0.4616209864616394
    ],
    [
      0.33333298563957214,
      0.6666669845581055,
      0.20660723745822906
    ],
    [
      0.6666669845581055,
      0.33333298563957214,
      0.30419299006462097
    ],
    [
      0.33333298563957214,
      0.6666669845581055,
      0.4110950231552124
    ],
    [
      0.6666669845581055,
      0.33333298563957214,
      0.5086807608604431
    ]
  ],
  "lattice": [
    [
      3.5932085514068604,
      0.0,
      0.0
    ],
    [
      -1.7966042757034302,
      3.111809730529785,
      0.0
    ],
    [
      0.0,
      0.0,
      31.610885620117188
    ]
  ],
  "properties": {
    "deltaG_H": 0.007871179750987462,
    "thermo_stability": -2.0,
    "synth_score": 0.01798620996209156
  }
}