{
  "id": "JVASP-6472",
  "atomic_numbers": [
    1,
    1,
    16,
    16,
    16,
    16,
    16,
    16,
    16,
    16,
    16,
    16,
    16,
    16,
    16,
    16,
    7,
    7
  ],
  "frac_coords": [
    [
      0.21146219968795776,
      0.41062361001968384,
      0.12003099918365479
    ],
    [
      0.28853878378868103,
      0.9106236100196838,
      0.12003099918365479
    ],
    [
      0.0072037214413285255,
      0.7136893272399902,
      0.19831043481826782
    ],
    [
      0.49279627203941345,
      0.21368929743766785,
      0.19831043481826782
    ],
    [
      0.8447490930557251,
      0.5122300982475281,
      0.17819145321846008
    ],
    [
      0.6552509069442749,
      0.01223012339323759,
      0.17819145321846008
    ],
    [
      0.23276479542255402,
      0.18440799415111542,
      0.171486034989357
    ],
    [
      0.2672352194786072,
      0.6844080090522766,
      0.171486034989357
    ],
    [
      0.7984822988510132,
      0.08600590378046036,
      0.12003099918365479
    ],
    [
      0.7015177011489868,
      0.5860059261322021,
      0.12003099918365479
    ],
    [
      0.23276479542255402,
      0.18440799415111542,
      0.06857596337795258
    ],
    [
      0.2672352194786072,
      0.6844080090522766,
      0.06857596337795258
    ],
    [
      0.6552509069442749,
      0.01223012339323759,
      0.06187054142355919
    ],
    [
      0.8447490930557251,
      0.5122300982475281,
      0.06187054142355919
    ],
    [
      0.49279627203941345,
      0.21368929743766785,
      0.041751567274332047
    ],
    [
      0.0072037214413285255,
      0.7136893272399902,
      0.041751567274332047
    ],
    [
      0.2828270494937897,
      0.7810906171798706,
      0.12003099918365479
    ],
    [
      0.21717295050621033,
      0.281090646982193,
      0.12003099918365479
    ]
  ],
  "lattice": [
    [
      7.352853775024414,
      0.0,
      0.0
    ],
    [
      0.0,
      7.942214488983154,
      0.0
    ],
    [
      0.0,
      0.0,
      28.85305404663086
    ]
  ],
  "properties": {
    "deltaG_H": -0.016760698212517633,
    "thermo_stability": -1.5855060463150346,
    "synth_score": 0.040271280338486384
  }
}