{
  "id": "JVASP-13590",
  "atomic_numbers": [
    20,
    20,
    1,
    1,
    35,
    35
  ],
  "frac_coords": [
    [
      0.5830370187759399,
      0.08303699642419815,
      0.1931966096162796
    ],
    [
      0.08303699642419815,
      0.5830370187759399,
      0.10104238241910934
    ],
    [
      0.08303699642419815,
      0.08303699642419815,
      0.14711900055408478
    ],
    [
      0.5830370187759399,
      0.5830370187759399,
      0.14711900055408478
    ],
    [
      0.08303699642419815,
      0.5830370187759399,
      0.24149182438850403
    ],
    [
      0.5830370187759399,
      0.08303699642419815,
      0.05274717137217522
    ]
  ],
  "lattice": [
    [
      3.7985153198242188,
      0.0,
      0.0
    ],
    [
      0.0,
      3.7985153198242188,
      0.0
    ],
    [
      0.0,
      0.0,
      28.338184356689453
    ]
  ],
  "properties": {
    "deltaG_H": 0.015654445787270863,
    "thermo_stability": -1.4707442293564483,
    "synth_score": 0.05014033594857362
  }
}