{
  "id": "JVASP-27774",
  "atomic_numbers": [
    72,
    72,
    53,
    53,
    7,
    7
  ],
  "frac_coords": [
    [
      0.6666669845581055,
      0.33333298563957214,
      0.1689233034849167
    ],
    [
      0.0,
      0.0,
      0.259188711643219
    ],
    [
      0.33333298563957214,
      0.6666669845581055,
      0.09066709876060486
    ],
    [
      0.33333298563957214,
      0.6666669845581055,
      0.3374468982219696
    ],
    [
      0.0,
      0.0,
      0.18311141431331635
    ],
    [
      0.6666669845581055,
      0.33333298563957214,
      0.24500058591365814
    ]
  ],
  "lattice": [
    [
      3.6983118057250977,
      0.0,
      0.0
    ],
    [
      -1.8491559028625488,
      3.202831983566284,
      0.0
    ],
    [
      0.0,
      0.0,
      28.13560676574707
    ]
  ],
  "properties": {
    "deltaG_H": 0.0052073477109273285,
    "thermo_stability": -2.0,
    "synth_score": 0.01798620996209156
  }
}