{
  "id": "JVASP-60267",
  "atomic_numbers": [
    68,
    68,
    1,
    1,
    17,
    17
  ],
  "frac_coords": [
    [
      0.0,
      0.0,
      0.16783231496810913
    ],
    [
      0.3333339989185333,
      0.6666659712791443,
      0.06447068601846695
    ],
    [
      0.0,
      0.0,
      0.08474421501159668
    ],
    [
      0.3333339989185333,
      0.6666659712791443,
      0.14755979180335999
    ],
    [
      0.6666659712791443,
      0.3333339989185333,
      0.2325063794851303
    ],
    [
      0.6666659712791443,
      0.3333339989185333,
      -0.0002033825876424089
    ]
  ],
  "lattice": [
    [
      1.8462659120559692,
      -3.1978251934051514,
      0.0
    ],
    [
      1.8462659120559692,
      3.1978251934051514,
      0.0
    ],
    [
      0.0,
      0.0,
      26.051959991455078
    ]
  ],
  "properties": {
    "deltaG_H": 0.0069712932904561365,
    "thermo_stability": -2.0,
    "synth_score": 0.01798620996209156
  }
}