{
  "id": "JVASP-9059",
  "atomic_numbers": [
    37,
    37,
    3,
    3,
    16,
    16
  ],
  "frac_coords": [
    [
      0.8307170271873474,
      0.330716997385025,
      0.22856292128562927
    ],
    [
      0.330716997385025,
      0.8307170271873474,
      0.04067208617925644
    ],
    [
      0.330716997385025,
      0.330716997385025,
      0.13461799919605255
    ],
    [
      0.8307170271873474,
      0.8307170271873474,
      0.13461799919605255
    ],
    [
      0.330716997385025,
      0.8307170271873474,
      0.18220330774784088
    ],
    [
      0.8307170271873474,
      0.330716997385025,
      0.08703269809484482
    ]
  ],
  "lattice": [
    [
      4.2851738929748535,
      0.0,
      0.0
    ],
    [
      0.0,
      4.2851738929748535,
      0.0
    ],
    [
      0.0,
      0.0,
      27.36859703063965
    ]
  ],
  "properties": {
    "deltaG_H": 0.014722401698430379,
    "thermo_stability": -1.4565138687690102,
    "synth_score": 0.05151330013891095
  }
}