{
  "id": "JVASP-60515",
  "atomic_numbers": [
    39,
    39,
    6,
    6,
    35,
    35
  ],
  "frac_coords": [
    [
      0.4786677956581116,
      0.11006907373666763,
      0.9306830167770386
    ],
    [
      0.7705355286598206,
      0.6407272815704346,
      0.8201125860214233
    ],
    [
      0.19717814028263092,
      0.7154291272163391,
      0.8897412419319153
    ],
    [
      0.052024755626916885,
      0.03536646068096161,
      0.8610544800758362
    ],
    [
      0.7941991686820984,
      0.4059714674949646,
      0.0013009109534323215
    ],
    [
      0.4550075829029083,
      0.34482353925704956,
      0.7494948506355286
    ]
  ],
  "lattice": [
    [
      2.02986741065979,
      -3.179762125015259,
      0.2777650058269501
    ],
    [
      3.9456117153167725,
      0.2927248477935791,
      0.269665002822876
    ],
    [
      0.0,
      0.0,
      26.63701629638672
    ]
  ],
  "properties": {
    "deltaG_H": -0.023717676798502604,
    "thermo_stability": -2.0,
    "synth_score": 0.01798620996209156
  }
}