{
  "id": "JVASP-6547",
  "atomic_numbers": [
    52,
    79,
    17,
    17,
    17,
    17,
    17,
    17,
    17
  ],
  "frac_coords": [
    [
      0.2705460488796234,
      0.8926926255226135,
      0.07572679221630096
    ],
    [
      0.9781075119972229,
      0.45820412039756775,
      0.06034862995147705
    ],
    [
      0.9779859185218811,
      0.21390773355960846,
      0.004660235717892647
    ],
    [
      0.5162070989608765,
      0.05088071897625923,
      0.04232403635978699
    ],
    [
      0.9694015979766846,
      0.22699615359306335,
      0.11444442719221115
    ],
    [
      0.9898265600204468,
      0.6926500201225281,
      0.007375927176326513
    ],
    [
      0.41879990696907043,
      0.9224173426628113,
      0.1492341309785843
    ],
    [
      0.9820110201835632,
      0.7005228400230408,
      0.11850539594888687
    ],
    [
      0.47129738330841064,
      0.5697954297065735,
      0.06351043283939362
    ]
  ],
  "lattice": [
    [
      6.516611576080322,
      0.9745587706565857,
      -0.193464994430542
    ],
    [
      0.224689319729805,
      6.875998020172119,
      0.0
    ],
    [
      -0.16271553933620453,
      -1.390841007232666,
      29.530040740966797
    ]
  ],
  "properties": {
    "deltaG_H": 0.018595536086294388,
    "thermo_stability": -0.9433744023243587,
    "synth_score": 0.13161561328346696
  }
}