{
  "id": "JVASP-6517",
  "atomic_numbers": [
    31,
    7
  ],
  "frac_coords": [
    [
      0.6666669845581055,
      0.33333298563957214,
      0.015407714061439037
    ],
    [
      0.33333298563957214,
      0.6666669845581055,
      0.015430286526679993
    ]
  ],
  "lattice": [
    [
      3.210599184036255,
      0.0,
      0.0
    ],
    [
      -1.6052995920181274,
      2.7804605960845947,
      0.0
    ],
    [
      0.0,
      0.0,
      21.239961624145508
    ]
  ],
  "properties": {
    "deltaG_H": 0.005572428818792105,
    "thermo_stability": 0.9777788788080215,
    "synth_score": 0.8760513952377038
  }
}