{
  "id": "JVASP-76415",
  "atomic_numbers": [
    83,
    52,
    35
  ],
  "frac_coords": [
    [
      -1.66796689882176e-06,
      1.7486480601291987e-06,
      0.07766108214855194
    ],
    [
      0.6666672229766846,
      0.33333271741867065,
      0.1529330462217331
    ],
    [
      0.33333444595336914,
      0.6666655540466309,
      1.287355462409323e-05
    ]
  ],
  "lattice": [
    [
      2.155432939529419,
      -3.7333273887634277,
      0.0
    ],
    [
      2.155432939529419,
      3.7333273887634277,
      0.0
    ],
    [
      0.0,
      0.0,
      23.59055519104004
    ]
  ],
  "properties": {
    "deltaG_H": 0.028755948285261793,
    "thermo_stability": -0.9894095281759898,
    "synth_score": 0.12144478347493637
  }
}