{
  "id": "JVASP-31378",
  "atomic_numbers": [
    38,
    38,
    51,
    51,
    34,
    34,
    34,
    34,
    9,
    9
  ],
  "frac_coords": [
    [
      0.0,
      0.5,
      0.17077812552452087
    ],
    [
      0.5,
      0.0,
      0.25380587577819824
    ],
    [
      0.5,
      0.0,
      0.05990159139037132
    ],
    [
      0.0,
      0.5,
      0.3646814227104187
    ],
    [
      0.0,
      0.5,
      0.04853850230574608
    ],
    [
      0.5,
      0.0,
      0.13314755260944366
    ],
    [
      0.0,
      0.5,
      0.29143643379211426
    ],
    [
      0.5,
      0.0,
      0.37604451179504395
    ],
    [
      0.0,
      0.0,
      0.21229200065135956
    ],
    [
      0.5,
      0.5,
      0.21229200065135956
    ]
  ],
  "lattice": [
    [
      4.1036481857299805,
      -0.0,
      0.0
    ],
    [
      -0.0,
      4.1036481857299805,
      0.0
    ],
    [
      0.0,
      0.0,
      34.75742721557617
    ]
  ],
  "properties": {
    "deltaG_H": 0.013017545366287232,
    "thermo_stability": -2.0,
    "synth_score": 0.01798620996209156
  }
}