{
  "id": "JVASP-735",
  "atomic_numbers": [
    52,
    52,
    46
  ],
  "frac_coords": [
    [
      0.33333298563957214,
      0.6666669845581055,
      0.06686931103467941
    ],
    [
      0.6666669845581055,
      0.33333298563957214,
      0.1616406887769699
    ],
    [
      0.0,
      0.0,
      0.11425500363111496
    ]
  ],
  "lattice": [
    [
      1.9903581142425537,
      -3.447401285171509,
      0.0
    ],
    [
      1.9903581142425537,
      3.447401285171509,
      0.0
    ],
    [
      0.0,
      0.0,
      30.170724868774414
    ]
  ],
  "properties": {
    "deltaG_H": 0.013904229948918025,
    "thermo_stability": -0.020264379183451364,
    "synth_score": 0.4898691970917143
  }
}