{
  "id": "JVASP-6169",
  "atomic_numbers": [
    66,
    66,
    16,
    16,
    35,
    35
  ],
  "frac_coords": [
    [
      0.6171169877052307,
      0.3496139943599701,
      0.19628742337226868
    ],
    [
      0.1171170026063919,
      0.8496140241622925,
      0.11672258377075195
    ],
    [
      0.6171169877052307,
      0.8496140241622925,
      0.18050284683704376
    ],
    [
      0.1171170026063919,
      0.3496139943599701,
      0.13250714540481567
    ],
    [
      0.1171170026063919,
      0.3496139943599701,
      0.2635515034198761
    ],
    [
      0.6171169877052307,
      0.8496140241622925,
      0.049459509551525116
    ]
  ],
  "lattice": [
    [
      4.040848731994629,
      0.0,
      0.0
    ],
    [
      0.0,
      5.340034008026123,
      0.0
    ],
    [
      0.0,
      0.0,
      29.112520217895508
    ]
  ],
  "properties": {
    "deltaG_H": 0.016570274631182352,
    "thermo_stability": -1.8931997736295068,
    "synth_score": 0.022174255017675976
  }
}