{
  "id": "JVASP-13597",
  "atomic_numbers": [
    74,
    74,
    7
  ],
  "frac_coords": [
    [
      0.6666669845581055,
      0.33333298563957214,
      0.2865711748600006
    ],
    [
      0.33333298563957214,
      0.6666669845581055,
      0.4016188383102417
    ],
    [
      0.0,
      0.0,
      0.34409499168395996
    ]
  ],
  "lattice": [
    [
      2.776864767074585,
      1.1811016165097499e-08,
      0.0
    ],
    [
      -1.3884328603744507,
      2.4048359394073486,
      0.0
    ],
    [
      0.0,
      0.0,
      25.65665626525879
    ]
  ],
  "properties": {
    "deltaG_H": 0.00028120005130767914,
    "thermo_stability": -0.3582024743159613,
    "synth_score": 0.32818512845108233
  }
}