{
  "id": "JVASP-19586",
  "atomic_numbers": [
    50,
    50,
    50,
    50,
    16,
    16,
    16,
    16
  ],
  "frac_coords": [
    [
      0.2101459950208664,
      0.5520586371421814,
      0.2809019386768341
    ],
    [
      0.2101459950208664,
      0.052058663219213486,
      0.16433905065059662
    ],
    [
      0.7101460099220276,
      0.5520586371421814,
      0.16433905065059662
    ],
    [
      0.7101460099220276,
      0.052058663219213486,
      0.2809019386768341
    ],
    [
      0.2101459950208664,
      0.5129573345184326,
      0.1787361353635788
    ],
    [
      0.2101459950208664,
      0.012957335449755192,
      0.2665058672428131
    ],
    [
      0.7101460099220276,
      0.5129573345184326,
      0.2665058672428131
    ],
    [
      0.7101460099220276,
      0.012957335449755192,
      0.1787361353635788
    ]
  ],
  "lattice": [
    [
      5.81557559967041,
      0.0,
      0.0
    ],
    [
      0.0,
      5.885226726531982,
      0.0
    ],
    [
      0.0,
      0.0,
      25.23619270324707
    ]
  ],
  "properties": {
    "deltaG_H": 0.016939243376255034,
    "thermo_stability": -0.2696259488662085,
    "synth_score": 0.36836162707216613
  }
}