{
  "id": "JVASP-768",
  "atomic_numbers": [
    22,
    22,
    8
  ],
  "frac_coords": [
    [
      0.33333298563957214,
      0.6666669845581055,
      0.05886833369731903
    ],
    [
      0.6666669845581055,
      0.33333298563957214,
      0.1490526646375656
    ],
    [
      0.0,
      0.0,
      0.10396099835634232
    ]
  ],
  "lattice": [
    [
      1.4150525331497192,
      -2.4509437084198,
      0.0
    ],
    [
      1.4150525331497192,
      2.4509437084198,
      0.0
    ],
    [
      0.0,
      0.0,
      30.803529739379883
    ]
  ],
  "properties": {
    "deltaG_H": -0.000579327742258706,
    "thermo_stability": 0.05618640085061388,
    "synth_score": 0.5280636751244386
  }
}