{
  "id": "JVASP-28071",
  "atomic_numbers": [
    68,
    68,
    52,
    52,
    52,
    52,
    52,
    52
  ],
  "frac_coords": [
    [
      0.5,
      0.25,
      0.45351555943489075
    ],
    [
      0.5,
      0.75,
      0.5464844107627869
    ],
    [
      0.0,
      0.25,
      0.5482269525527954
    ],
    [
      0.5,
      0.25,
      0.35027357935905457
    ],
    [
      0.0,
      0.75,
      0.4517730176448822
    ],
    [
      0.5,
      0.75,
      0.649726390838623
    ],
    [
      0.0,
      0.75,
      0.3288971483707428
    ],
    [
      0.0,
      0.25,
      0.6711028218269348
    ]
  ],
  "lattice": [
    [
      4.0258049964904785,
      0.0,
      0.0
    ],
    [
      0.0,
      4.573545455932617,
      0.0
    ],
    [
      0.0,
      0.0,
      30.429996490478516
    ]
  ],
  "properties": {
    "deltaG_H": 0.016594931483268738,
    "thermo_stability": -2.0,
    "synth_score": 0.01798620996209156
  }
}