{
  "id": "JVASP-78033",
  "atomic_numbers": [
    50,
    9,
    9,
    9,
    9
  ],
  "frac_coords": [
    [
      0.0,
      0.0,
      0.5
    ],
    [
      0.9999545216560364,
      0.0,
      0.579751193523407
    ],
    [
      0.5,
      0.0,
      0.5
    ],
    [
      0.0,
      0.5,
      0.5
    ],
    [
      4.5490905904443935e-05,
      0.0,
      0.42024877667427063
    ]
  ],
  "lattice": [
    [
      4.151487827301025,
      0.0,
      0.0
    ],
    [
      0.0,
      4.151398181915283,
      0.0
    ],
    [
      0.0,
      0.0,
      23.8182430267334
    ]
  ],
  "properties": {
    "deltaG_H": 0.012800617098808288,
    "thermo_stability": -1.3582827319701516,
    "synth_score": 0.06200291368074804
  }
}