{
  "id": "JVASP-6805",
  "atomic_numbers": [
    69,
    53,
    53
  ],
  "frac_coords": [
    [
      0.5564939975738525,
      0.13943299651145935,
      0.14376200735569
    ],
    [
      0.2231619954109192,
      0.4727660119533539,
      0.2124306708574295
    ],
    [
      0.8898270130157471,
      0.8061000108718872,
      0.0750933364033699
    ]
  ],
  "lattice": [
    [
      4.05537748336792,
      0.0,
      0.0
    ],
    [
      -2.02768874168396,
      3.512059450149536,
      0.0
    ],
    [
      0.0,
      0.0,
      28.071125030517578
    ]
  ],
  "properties": {
    "deltaG_H": 0.029575237433115645,
    "thermo_stability": -0.7296947062015533,
    "synth_score": 0.18856073075919483
  }
}