{
  "id": "JVASP-6379",
  "atomic_numbers": [
    41,
    41,
    41,
    52,
    53,
    53,
    53,
    53,
    53,
    53,
    53
  ],
  "frac_coords": [
    [
      0.8675116896629333,
      0.13248832523822784,
      0.13278482854366302
    ],
    [
      0.8675116896629333,
      0.7350223660469055,
      0.13278482854366302
    ],
    [
      0.26497766375541687,
      0.13248832523822784,
      0.13278482854366302
    ],
    [
      0.0,
      0.0,
      0.0573800727725029
    ],
    [
      0.4979170262813568,
      0.9958340525627136,
      0.07788273692131042
    ],
    [
      0.4979170262813568,
      0.5020829439163208,
      0.07788273692131042
    ],
    [
      0.00416593486443162,
      0.5020829439163208,
      0.07788273692131042
    ],
    [
      0.6666669845581055,
      0.33333298563957214,
      0.18613581359386444
    ],
    [
      0.6635241508483887,
      0.8317620754241943,
      0.20015615224838257
    ],
    [
      0.16823792457580566,
      0.33647584915161133,
      0.20015615224838257
    ],
    [
      0.16823792457580566,
      0.8317620754241943,
      0.20015615224838257
    ]
  ],
  "lattice": [
    [
      7.693370342254639,
      0.0,
      0.0
    ],
    [
      -3.8466851711273193,
      6.662654876708984,
      0.0
    ],
    [
      0.0,
      0.0,
      27.883420944213867
    ]
  ],
  "properties": {
    "deltaG_H": 0.023871646469289607,
    "thermo_stability": -1.0460078140099842,
    "synth_score": 0.10987528541506363
  }
}