{
  "id": "JVASP-6409",
  "atomic_numbers": [
    51,
    51,
    16,
    16,
    35,
    35
  ],
  "frac_coords": [
    [
      0.75,
      0.26984116435050964,
      0.15226686000823975
    ],
    [
      0.25,
      0.730158805847168,
      0.15032213926315308
    ],
    [
      0.75,
      0.5762953162193298,
      0.20151586830615997
    ],
    [
      0.25,
      0.42370468378067017,
      0.10107313841581345
    ],
    [
      0.25,
      0.11011901497840881,
      0.2190054953098297
    ],
    [
      0.75,
      0.8898809552192688,
      0.08358250558376312
    ]
  ],
  "lattice": [
    [
      3.9941799640655518,
      0.0,
      0.0
    ],
    [
      0.0,
      6.913753509521484,
      0.0
    ],
    [
      0.0,
      0.0,
      28.677471160888672
    ]
  ],
  "properties": {
    "deltaG_H": 0.01888477776447932,
    "thermo_stability": -0.6208852350711822,
    "synth_score": 0.2241279601361209
  }
}