{
  "id": "JVASP-27741",
  "atomic_numbers": [
    14,
    14,
    14,
    14,
    14,
    14,
    14,
    14,
    14,
    14,
    14,
    14,
    15,
    15,
    15,
    15,
    15,
    15,
    15,
    15,
    15,
    15,
    15,
    15
  ],
  "frac_coords": [
    [
      0.5,
      0.701856791973114,
      0.09934554994106293
    ],
    [
      0.5,
      0.06709758937358856,
      0.19305163621902466
    ],
    [
      0.5,
      0.705132782459259,
      0.18505817651748657
    ],
    [
      0.0,
      0.20513276755809784,
      0.18505817651748657
    ],
    [
      0.0,
      0.9397388696670532,
      0.15713371336460114
    ],
    [
      0.5,
      0.4397388696670532,
      0.15713371336460114
    ],
    [
      0.0,
      0.5670976042747498,
      0.19305163621902466
    ],
    [
      0.0,
      0.8292144536972046,
      0.13526536524295807
    ],
    [
      0.5,
      0.0638204887509346,
      0.10733851045370102
    ],
    [
      0.0,
      0.563820481300354,
      0.10733851045370102
    ],
    [
      0.0,
      0.2018568068742752,
      0.09934554994106293
    ],
    [
      0.5,
      0.3292144238948822,
      0.13526536524295807
    ],
    [
      0.0,
      0.4582284092903137,
      0.2084144651889801
    ],
    [
      0.5,
      0.9582284092903137,
      0.2084144651889801
    ],
    [
      0.5,
      0.26954784989356995,
      0.20642422139644623
    ],
    [
      0.0,
      0.7695478200912476,
      0.20642422139644623
    ],
    [
      0.5,
      0.4994049668312073,
      0.08597343415021896
    ],
    [
      0.0,
      0.31072619557380676,
      0.08398562669754028
    ],
    [
      0.5,
      0.8107261657714844,
      0.08398562669754028
    ],
    [
      0.0,
      0.6549806594848633,
      0.06031959503889084
    ],
    [
      0.5,
      0.1549806296825409,
      0.06031959503889084
    ],
    [
      0.0,
      0.11397401988506317,
      0.23207873106002808
    ],
    [
      0.0,
      0.9994049668312073,
      0.08597343415021896
    ],
    [
      0.5,
      0.6139740347862244,
      0.23207873106002808
    ]
  ],
  "lattice": [
    [
      3.5443389415740967,
      0.0,
      0.0
    ],
    [
      0.0,
      20.623455047607422,
      0.0
    ],
    [
      0.0,
      0.0,
      27.61111831665039
    ]
  ],
  "properties": {
    "deltaG_H": 0.010759364128112792,
    "thermo_stability": -1.292155625422796,
    "synth_score": 0.07015497226925149
  }
}