{
  "id": "JVASP-6007",
  "atomic_numbers": [
    82,
    82,
    8,
    8
  ],
  "frac_coords": [
    [
      0.6525989770889282,
      0.1525990068912506,
      0.13657152652740479
    ],
    [
      0.1525990068912506,
      0.6525989770889282,
      0.05077546834945679
    ],
    [
      0.6525989770889282,
      0.6525989770889282,
      0.09367299824953079
    ],
    [
      0.1525990068912506,
      0.1525990068912506,
      0.09367299824953079
    ]
  ],
  "lattice": [
    [
      4.004318714141846,
      0.0,
      0.0
    ],
    [
      0.0,
      4.004318714141846,
      0.0
    ],
    [
      0.0,
      0.0,
      28.302339553833008
    ]
  ],
  "properties": {
    "deltaG_H": 0.012614332437515259,
    "thermo_stability": 0.24506577154000597,
    "synth_score": 0.6201374200415211
  }
}