{
  "id": "JVASP-60259",
  "atomic_numbers": [
    59,
    59,
    59,
    59,
    35,
    35,
    35,
    35,
    35,
    35,
    35,
    35,
    35,
    35
  ],
  "frac_coords": [
    [
      0.25,
      0.9719436764717102,
      0.09874089807271957
    ],
    [
      0.75,
      0.25574833154678345,
      0.12895110249519348
    ],
    [
      0.75,
      0.7563554644584656,
      0.1397526115179062
    ],
    [
      0.25,
      0.4713355600833893,
      0.08793839067220688
    ],
    [
      0.25,
      0.14957743883132935,
      0.18138380348682404
    ],
    [
      0.75,
      0.07811355590820312,
      0.04630720242857933
    ],
    [
      0.75,
      0.8486788868904114,
      0.035294309258461
    ],
    [
      0.75,
      0.9507626295089722,
      0.18778616189956665
    ],
    [
      0.25,
      0.3790121078491211,
      0.19239668548107147
    ],
    [
      0.25,
      0.2769283652305603,
      0.03990483656525612
    ],
    [
      0.25,
      0.7663507461547852,
      0.2290593981742859
    ],
    [
      0.75,
      0.5692653059959412,
      0.16802603006362915
    ],
    [
      0.25,
      0.6584257483482361,
      0.05966496467590332
    ],
    [
      0.75,
      0.4613402485847473,
      0.9986315965652466
    ]
  ],
  "lattice": [
    [
      4.1191582679748535,
      0.0,
      0.0
    ],
    [
      0.0,
      15.449337005615234,
      -2.83742094039917
    ],
    [
      0.0,
      0.0,
      23.526172637939453
    ]
  ],
  "properties": {
    "deltaG_H": 0.012111290863582064,
    "thermo_stability": -2.0,
    "synth_score": 0.01798620996209156
  }
}