{
  "id": "JVASP-60512",
  "atomic_numbers": [
    33,
    33,
    33,
    33,
    16,
    16,
    16,
    16,
    16,
    16
  ],
  "frac_coords": [
    [
      0.7073186039924622,
      0.011075095273554325,
      0.5179819464683533
    ],
    [
      0.6403927803039551,
      0.7325191497802734,
      0.5261830687522888
    ],
    [
      0.4807905852794647,
      0.2622813582420349,
      0.4772322177886963
    ],
    [
      0.08586310595273972,
      0.506727933883667,
      0.4740769565105438
    ],
    [
      0.35486289858818054,
      0.8687119483947754,
      0.4721463918685913
    ],
    [
      0.38619264960289,
      0.1416376829147339,
      0.56270432472229
    ],
    [
      0.7589308619499207,
      0.1242348924279213,
      0.42714282870292664
    ],
    [
      0.7369195818901062,
      0.636688768863678,
      0.4330996572971344
    ],
    [
      0.27172693610191345,
      0.6017638444900513,
      0.5668373107910156
    ],
    [
      0.8449980020523071,
      0.3734743893146515,
      0.5425933003425598
    ]
  ],
  "lattice": [
    [
      0.15036392211914062,
      4.324373245239258,
      -0.235725998878479
    ],
    [
      -11.587108612060547,
      -0.39626601338386536,
      0.0
    ],
    [
      0.0,
      0.0,
      20.47577476501465
    ]
  ],
  "properties": {
    "deltaG_H": 0.008532896208763123,
    "thermo_stability": -0.6787961145242056,
    "synth_score": 0.2046319068311007
  }
}