{
  "id": "JVASP-77693",
  "atomic_numbers": [
    41,
    16,
    16
  ],
  "frac_coords": [
    [
      0.5,
      0.5,
      0.5
    ],
    [
      0.0,
      0.0,
      0.4351200461387634
    ],
    [
      0.0,
      0.0,
      0.5648799538612366
    ]
  ],
  "lattice": [
    [
      3.06982159614563,
      0.0,
      0.0
    ],
    [
      0.0,
      3.06982159614563,
      0.0
    ],
    [
      0.0,
      0.0,
      22.960737228393555
    ]
  ],
  "properties": {
    "deltaG_H": 0.011725367705027263,
    "thermo_stability": -0.4182206511497497,
    "synth_score": 0.3022848158039376
  }
}