{
  "id": "JVASP-78037",
  "atomic_numbers": [
    37,
    37,
    51,
    51,
    51,
    51,
    34,
    34,
    34,
    34,
    34,
    34,
    34,
    34
  ],
  "frac_coords": [
    [
      0.5426024198532104,
      0.2339702844619751,
      0.47707992792129517
    ],
    [
      0.19312457740306854,
      0.6494367122650146,
      0.5229200720787048
    ],
    [
      0.2471478134393692,
      0.5381683111190796,
      0.3550713360309601
    ],
    [
      0.4885801672935486,
      0.34523770213127136,
      0.6449286937713623
    ],
    [
      0.8538992404937744,
      0.9340982437133789,
      0.6138108372688293
    ],
    [
      0.8818277716636658,
      0.9493077397346497,
      0.38618916273117065
    ],
    [
      0.6545805335044861,
      0.5383885502815247,
      0.3746258318424225
    ],
    [
      0.08114644140005112,
      0.3450184166431427,
      0.6253741383552551
    ],
    [
      0.6531103253364563,
      0.5467368960380554,
      0.570929765701294
    ],
    [
      0.08261667937040329,
      0.3366701006889343,
      0.42907023429870605
    ],
    [
      0.7659714818000793,
      0.8109729886054993,
      0.47116589546203613
    ],
    [
      0.9697555303573608,
      0.07243400067090988,
      0.5288341045379639
    ],
    [
      0.4478116035461426,
      0.9772046804428101,
      0.6145755052566528
    ],
    [
      0.2879153788089752,
      0.9062023162841797,
      0.38542449474334717
    ]
  ],
  "lattice": [
    [
      6.2745795249938965,
      -0.18029004335403442,
      0.0
    ],
    [
      -1.8085684776306152,
      6.706333160400391,
      0.0
    ],
    [
      0.0,
      0.0,
      28.744369506835938
    ]
  ],
  "properties": {
    "deltaG_H": 0.010863675849778312,
    "thermo_stability": -2.0,
    "synth_score": 0.01798620996209156
  }
}