{
  "id": "JVASP-27851",
  "atomic_numbers": [
    13,
    13,
    26,
    16,
    16,
    16,
    16
  ],
  "frac_coords": [
    [
      0.0,
      0.0,
      0.5039613246917725
    ],
    [
      0.6666669845581055,
      0.33333298563957214,
      0.3781041204929352
    ],
    [
      0.33333298563957214,
      0.6666669845581055,
      0.6267216205596924
    ],
    [
      0.33333298563957214,
      0.6666669845581055,
      0.5445839166641235
    ],
    [
      0.6666669845581055,
      0.33333298563957214,
      0.4543623924255371
    ],
    [
      0.0,
      0.0,
      0.3438909649848938
    ],
    [
      0.0,
      0.0,
      0.6550696492195129
    ]
  ],
  "lattice": [
    [
      3.573850631713867,
      -8.679999774496849e-11,
      0.0
    ],
    [
      -1.78692626953125,
      3.095045566558838,
      0.0
    ],
    [
      0.0,
      0.0,
      29.020090103149414
    ]
  ],
  "properties": {
    "deltaG_H": 0.0030368661880493166,
    "thermo_stability": -2.0,
    "synth_score": 0.01798620996209156
  }
}