{
  "id": "JVASP-6085",
  "atomic_numbers": [
    45,
    45,
    45,
    45,
    35,
    35,
    35,
    35,
    35,
    35,
    35,
    35,
    35,
    35,
    35,
    35
  ],
  "frac_coords": [
    [
      0.8847569823265076,
      0.6372036337852478,
      0.16251499950885773
    ],
    [
      0.8847569823265076,
      0.9705323576927185,
      0.16251499950885773
    ],
    [
      0.38475701212882996,
      0.1372036337852478,
      0.16251499950885773
    ],
    [
      0.38475701212882996,
      0.4705313742160797,
      0.16251499950885773
    ],
    [
      0.07759155333042145,
      0.12903104722499847,
      0.21606408059597015
    ],
    [
      0.07759155333042145,
      0.47870495915412903,
      0.21606408059597015
    ],
    [
      0.053100720047950745,
      0.803866982460022,
      0.21606674790382385
    ],
    [
      0.5775915384292603,
      0.6290310621261597,
      0.21606507897377014
    ],
    [
      0.5775915384292603,
      0.9787049293518066,
      0.21606507897377014
    ],
    [
      0.5531007051467896,
      0.30386701226234436,
      0.21606674790382385
    ],
    [
      0.21641327440738678,
      0.30386701226234436,
      0.10896424949169159
    ],
    [
      0.19192244112491608,
      0.6290310621261597,
      0.1089659184217453
    ],
    [
      0.19192244112491608,
      0.9787049293518066,
      0.1089659184217453
    ],
    [
      0.7164132595062256,
      0.803866982460022,
      0.10896424949169159
    ],
    [
      0.6919224262237549,
      0.12903104722499847,
      0.1089659184217453
    ],
    [
      0.6919224262237549,
      0.47870495915412903,
      0.1089659184217453
    ]
  ],
  "lattice": [
    [
      6.3391947746276855,
      0.0,
      0.0
    ],
    [
      0.0,
      10.979533195495605,
      0.0
    ],
    [
      -2.130032777786255,
      0.0,
      26.42211151123047
    ]
  ],
  "properties": {
    "deltaG_H": 0.0216425684094429,
    "thermo_stability": -0.2962809721628825,
    "synth_score": 0.35604724146117644
  }
}