{
  "id": "JVASP-6151",
  "atomic_numbers": [
    22,
    22,
    16,
    16,
    16,
    16,
    16,
    16
  ],
  "frac_coords": [
    [
      0.7230827808380127,
      0.25,
      0.11563248932361603
    ],
    [
      0.2769172489643097,
      0.75,
      0.20681051909923553
    ],
    [
      0.8964985609054565,
      0.75,
      0.06416460126638412
    ],
    [
      0.48893195390701294,
      0.75,
      0.06414303928613663
    ],
    [
      0.24114324152469635,
      0.25,
      0.14621829986572266
    ],
    [
      0.7588567733764648,
      0.75,
      0.1762246936559677
    ],
    [
      0.5110680460929871,
      0.25,
      0.25829997658729553
    ],
    [
      0.10350146144628525,
      0.25,
      0.25827839970588684
    ]
  ],
  "lattice": [
    [
      4.997003555297852,
      0.0,
      -0.5054029822349548
    ],
    [
      0.0,
      3.4117724895477295,
      0.0
    ],
    [
      0.0,
      0.0,
      29.51781463623047
    ]
  ],
  "properties": {
    "deltaG_H": -0.000444380044937133,
    "thermo_stability": -1.5910819838444397,
    "synth_score": 0.039842468786340526
  }
}