{
  "id": "JVASP-6271",
  "atomic_numbers": [
    13,
    13,
    17,
    17,
    8,
    8
  ],
  "frac_coords": [
    [
      0.3400239944458008,
      0.6603459715843201,
      0.16673870384693146
    ],
    [
      0.8400239944458008,
      0.16034600138664246,
      0.1118432953953743
    ],
    [
      0.8400239944458008,
      0.6603459715843201,
      0.22184708714485168
    ],
    [
      0.3400239944458008,
      0.16034600138664246,
      0.05673491582274437
    ],
    [
      0.3400239944458008,
      0.16034600138664246,
      0.1519765704870224
    ],
    [
      0.8400239944458008,
      0.6603459715843201,
      0.12660543620586395
    ]
  ],
  "lattice": [
    [
      3.1687169075012207,
      0.0,
      0.0
    ],
    [
      0.0,
      3.6389613151550293,
      0.0
    ],
    [
      0.0,
      0.0,
      30.495485305786133
    ]
  ],
  "properties": {
    "deltaG_H": 0.0058513269821802785,
    "thermo_stability": -1.0768693854411446,
    "synth_score": 0.10398236559284824
  }
}