{
  "id": "JVASP-13624",
  "atomic_numbers": [
    28,
    28,
    51,
    52,
    52
  ],
  "frac_coords": [
    [
      0.0,
      0.0,
      0.10154883563518524
    ],
    [
      0.0,
      0.0,
      0.20494715869426727
    ],
    [
      0.33333298563957214,
      0.6666669845581055,
      0.15324799716472626
    ],
    [
      0.6666669845581055,
      0.33333298563957214,
      0.05187823623418808
    ],
    [
      0.6666669845581055,
      0.33333298563957214,
      0.25461775064468384
    ]
  ],
  "lattice": [
    [
      3.891247034072876,
      -6.932345808507989e-09,
      0.0
    ],
    [
      -1.9456230401992798,
      3.3699185848236084,
      0.0
    ],
    [
      0.0,
      0.0,
      25.839216232299805
    ]
  ],
  "properties": {
    "deltaG_H": 0.009092670226097107,
    "thermo_stability": -1.8345479339361193,
    "synth_score": 0.024865457368077888
  }
}