{
  "id": "JVASP-27900",
  "atomic_numbers": [
    68,
    68,
    1,
    1,
    17,
    17
  ],
  "frac_coords": [
    [
      0.6666669845581055,
      0.33333298563957214,
      0.44829994440078735
    ],
    [
      0.33333298563957214,
      0.6666669845581055,
      0.5517000555992126
    ],
    [
      0.6666669845581055,
      0.33333298563957214,
      0.5313947796821594
    ],
    [
      0.33333298563957214,
      0.6666669845581055,
      0.4686051905155182
    ],
    [
      0.0,
      0.0,
      0.3836120665073395
    ],
    [
      0.0,
      0.0,
      0.6163879036903381
    ]
  ],
  "lattice": [
    [
      3.6923978328704834,
      4.375253492838738e-09,
      0.0
    ],
    [
      -1.8461993932724,
      3.1977109909057617,
      0.0
    ],
    [
      0.0,
      0.0,
      26.051959991455078
    ]
  ],
  "properties": {
    "deltaG_H": 0.0069734813769658415,
    "thermo_stability": -2.0,
    "synth_score": 0.01798620996209156
  }
}