{
  "id": "JVASP-696",
  "atomic_numbers": [
    24,
    16,
    16
  ],
  "frac_coords": [
    [
      0.993507981300354,
      0.7533699870109558,
      0.34319499135017395
    ],
    [
      0.3059404790401459,
      0.10372566431760788,
      0.38111817836761475
    ],
    [
      0.6810755133628845,
      0.40301334857940674,
      0.30527183413505554
    ]
  ],
  "lattice": [
    [
      3.2875406742095947,
      0.05101923644542694,
      0.2590709924697876
    ],
    [
      1.5891437530517578,
      2.8783926963806152,
      0.2590709924697876
    ],
    [
      -1.7209761142730713,
      -2.9575843811035156,
      36.16423416137695
    ]
  ],
  "properties": {
    "deltaG_H": 0.007138317624727886,
    "thermo_stability": 0.2884220659732818,
    "synth_score": 0.6403409183148233
  }
}