{
  "id": "JVASP-6970",
  "atomic_numbers": [
    83,
    34,
    34
  ],
  "frac_coords": [
    [
      0.33333298563957214,
      0.6666669845581055,
      0.6634095907211304
    ],
    [
      0.0,
      0.0,
      0.5966556668281555
    ],
    [
      0.6666669845581055,
      0.33333298563957214,
      0.7301517128944397
    ]
  ],
  "lattice": [
    [
      4.006753921508789,
      0.0,
      0.0
    ],
    [
      -2.0033769607543945,
      3.4699504375457764,
      0.0
    ],
    [
      0.0,
      0.0,
      26.159378051757812
    ]
  ],
  "properties": {
    "deltaG_H": 0.020961080233256022,
    "thermo_stability": -0.6656755179166793,
    "synth_score": 0.20893597585684498
  }
}