{
  "id": "JVASP-5959",
  "atomic_numbers": [
    73,
    73,
    16,
    16,
    16,
    16
  ],
  "frac_coords": [
    [
      0.43883800506591797,
      0.14948105812072754,
      0.39650100469589233
    ],
    [
      0.938838005065918,
      0.6494810581207275,
      0.39650100469589233
    ],
    [
      0.938838005065918,
      0.9828199744224548,
      0.45047256350517273
    ],
    [
      0.43883800506591797,
      0.48281997442245483,
      0.45047256350517273
    ],
    [
      0.938838005065918,
      0.9828199744224548,
      0.34252944588661194
    ],
    [
      0.43883800506591797,
      0.48281997442245483,
      0.34252944588661194
    ]
  ],
  "lattice": [
    [
      3.3428077697753906,
      0.0,
      0.0
    ],
    [
      0.0,
      5.7901225090026855,
      0.0
    ],
    [
      0.0,
      0.0,
      28.98587417602539
    ]
  ],
  "properties": {
    "deltaG_H": 0.009195552269617716,
    "thermo_stability": -0.24751284917195648,
    "synth_score": 0.3787103582569984
  }
}