{
  "id": "JVASP-76417",
  "atomic_numbers": [
    22,
    41,
    16,
    16,
    16,
    16
  ],
  "frac_coords": [
    [
      0.0,
      0.0,
      0.9344390034675598
    ],
    [
      0.5,
      0.5,
      0.9344390034675598
    ],
    [
      0.0,
      0.3259730041027069,
      0.9999459981918335
    ],
    [
      0.5,
      0.1630840003490448,
      0.870701014995575
    ],
    [
      0.5,
      0.8369160294532776,
      0.9981759786605835
    ],
    [
      0.0,
      0.6740270256996155,
      0.868930995464325
    ]
  ],
  "lattice": [
    [
      3.3947830200195312,
      0.0,
      0.0
    ],
    [
      0.0,
      5.896848201751709,
      0.026511000469326973
    ],
    [
      0.0,
      0.0,
      23.018220901489258
    ]
  ],
  "properties": {
    "deltaG_H": 0.007814057270685832,
    "thermo_stability": -0.6093575477600097,
    "synth_score": 0.22816264893701094
  }
}