{
  "id": "JVASP-60469",
  "atomic_numbers": [
    70,
    53,
    53
  ],
  "frac_coords": [
    [
      0.0,
      0.0,
      0.07544700056314468
    ],
    [
      0.6666659712791443,
      0.3333339989185333,
      0.00033806756255216897
    ],
    [
      0.3333339989185333,
      0.6666659712791443,
      0.15055593848228455
    ]
  ],
  "lattice": [
    [
      2.2136428356170654,
      -3.834141969680786,
      0.0
    ],
    [
      2.2136428356170654,
      3.834141969680786,
      0.0
    ],
    [
      0.0,
      0.0,
      23.554180145263672
    ]
  ],
  "properties": {
    "deltaG_H": 0.03083454082409541,
    "thermo_stability": -0.9443704456090927,
    "synth_score": 0.1313880988829882
  }
}