{
  "id": "JVASP-6340",
  "atomic_numbers": [
    37,
    37,
    79,
    79,
    16,
    16
  ],
  "frac_coords": [
    [
      0.25,
      0.866223156452179,
      0.12606999278068542
    ],
    [
      0.75,
      0.13377687335014343,
      0.12606999278068542
    ],
    [
      0.0,
      0.5,
      0.12606999278068542
    ],
    [
      0.5,
      0.5,
      0.12606999278068542
    ],
    [
      0.25,
      0.2834465205669403,
      0.12606999278068542
    ],
    [
      0.75,
      0.7165534496307373,
      0.12606999278068542
    ]
  ],
  "lattice": [
    [
      6.403665065765381,
      0.0,
      0.0
    ],
    [
      0.0,
      7.8889336585998535,
      0.0
    ],
    [
      0.0,
      0.0,
      26.74298858642578
    ]
  ],
  "properties": {
    "deltaG_H": 0.010158456166585287,
    "thermo_stability": 0.6163642287254334,
    "synth_score": 0.7742957613339675
  }
}