{
  "id": "JVASP-60264",
  "atomic_numbers": [
    65,
    65,
    17,
    17,
    17,
    17,
    17,
    17
  ],
  "frac_coords": [
    [
      0.0,
      0.5,
      0.07766835391521454
    ],
    [
      0.5,
      0.0,
      0.08832664787769318
    ],
    [
      0.0,
      0.8173949718475342,
      0.03216048702597618
    ],
    [
      0.5,
      0.5,
      8.342476940015331e-05
    ],
    [
      0.0,
      0.18260501325130463,
      0.03216048702597618
    ],
    [
      0.5,
      0.6826050281524658,
      0.13383451104164124
    ],
    [
      0.5,
      0.31739500164985657,
      0.13383451104164124
    ],
    [
      0.0,
      0.0,
      0.16591157019138336
    ]
  ],
  "lattice": [
    [
      3.796760320663452,
      0.0,
      0.0
    ],
    [
      0.0,
      8.503117561340332,
      0.0
    ],
    [
      0.0,
      0.0,
      23.980670928955078
    ]
  ],
  "properties": {
    "deltaG_H": 0.02359526813030243,
    "thermo_stability": -1.1782825162013375,
    "synth_score": 0.08654536137988511
  }
}