{
  "id": "JVASP-7024",
  "atomic_numbers": [
    11,
    11,
    11,
    11,
    3,
    7,
    7
  ],
  "frac_coords": [
    [
      0.6666669845581055,
      0.33333298563957214,
      0.12029318511486053
    ],
    [
      0.33333298563957214,
      0.6666669845581055,
      0.12029318511486053
    ],
    [
      0.6666669845581055,
      0.33333298563957214,
      0.25908181071281433
    ],
    [
      0.33333298563957214,
      0.6666669845581055,
      0.25908181071281433
    ],
    [
      0.0,
      0.0,
      0.18968699872493744
    ],
    [
      0.0,
      0.0,
      0.12767468392848969
    ],
    [
      0.0,
      0.0,
      0.2517003118991852
    ]
  ],
  "lattice": [
    [
      4.335853099822998,
      -1.99155927305128e-08,
      0.0
    ],
    [
      -2.167926073074341,
      3.7549588680267334,
      0.0
    ],
    [
      0.0,
      0.0,
      30.614290237426758
    ]
  ],
  "properties": {
    "deltaG_H": 0.004336344846657344,
    "thermo_stability": -0.7841194838285446,
    "synth_score": 0.172467585751047
  }
}