{
  "id": "JVASP-75137",
  "atomic_numbers": [
    12,
    12,
    13,
    13,
    34,
    34,
    34,
    34,
    34
  ],
  "frac_coords": [
    [
      0.33333298563957214,
      0.6666669845581055,
      0.4512919485569
    ],
    [
      0.6666669845581055,
      0.33333298563957214,
      0.5487080812454224
    ],
    [
      0.33333298563957214,
      0.6666669845581055,
      0.6622891426086426
    ],
    [
      0.6666669845581055,
      0.33333298563957214,
      0.3377108573913574
    ],
    [
      0.6666669845581055,
      0.33333298563957214,
      0.6948962807655334
    ],
    [
      0.33333298563957214,
      0.6666669845581055,
      0.30510368943214417
    ],
    [
      0.6666669845581055,
      0.33333298563957214,
      0.4080338776111603
    ],
    [
      0.33333298563957214,
      0.6666669845581055,
      0.5919660925865173
    ],
    [
      0.0,
      0.0,
      0.5
    ]
  ],
  "lattice": [
    [
      3.8966057300567627,
      -2.000000033724767e-16,
      0.0
    ],
    [
      -1.9483028650283813,
      3.3745596408843994,
      0.0
    ],
    [
      0.0,
      0.0,
      32.80069351196289
    ]
  ],
  "properties": {
    "deltaG_H": 0.005559244884385002,
    "thermo_stability": -2.0,
    "synth_score": 0.01798620996209156
  }
}