{
  "id": "JVASP-5965",
  "atomic_numbers": [
    12,
    53,
    53
  ],
  "frac_coords": [
    [
      0.4485020041465759,
      0.06037700176239014,
      0.13939599692821503
    ],
    [
      0.11516900360584259,
      0.3937099874019623,
      0.19986823201179504
    ],
    [
      0.7818350195884705,
      0.7270439863204956,
      0.078924760222435
    ]
  ],
  "lattice": [
    [
      4.160715103149414,
      -1.0000000168623835e-16,
      0.0
    ],
    [
      -2.080357551574707,
      3.6032848358154297,
      0.0
    ],
    [
      0.0,
      0.0,
      27.73127555847168
    ]
  ],
  "properties": {
    "deltaG_H": 0.03284011671940486,
    "thermo_stability": -0.45646482904752106,
    "synth_score": 0.2864007128778927
  }
}