{
  "id": "JVASP-76498",
  "atomic_numbers": [
    24,
    24,
    17,
    17,
    17,
    17,
    17,
    17
  ],
  "frac_coords": [
    [
      0.6666659712791443,
      0.3333339989185333,
      0.05876346305012703
    ],
    [
      0.3333339989185333,
      0.6666659712791443,
      0.05876953527331352
    ],
    [
      0.6458632349967957,
      0.6458576917648315,
      -0.00021696776093449444
    ],
    [
      0.6458576917648315,
      -7.513328000641195e-06,
      0.11774996668100357
    ],
    [
      0.35414227843284607,
      7.513328000641195e-06,
      -0.00021696776093449444
    ],
    [
      7.513328000641195e-06,
      0.6458632349967957,
      0.11774996668100357
    ],
    [
      0.35413676500320435,
      0.35414227843284607,
      0.11774996668100357
    ],
    [
      -7.513328000641195e-06,
      0.35413676500320435,
      -0.00021696776093449444
    ]
  ],
  "lattice": [
    [
      2.9902141094207764,
      -5.179202079772949,
      0.0
    ],
    [
      2.9902141094207764,
      5.179202556610107,
      0.0
    ],
    [
      0.0,
      0.0,
      22.66373634338379
    ]
  ],
  "properties": {
    "deltaG_H": 0.01841435343027115,
    "thermo_stability": -0.3106858750184378,
    "synth_score": 0.34946953262012537
  }
}