{
  "id": "JVASP-646",
  "atomic_numbers": [
    41,
    16,
    16
  ],
  "frac_coords": [
    [
      0.0,
      0.0,
      0.10027199983596802
    ],
    [
      0.6666669845581055,
      0.33333298563957214,
      0.05324456840753555
    ],
    [
      0.6666669845581055,
      0.33333298563957214,
      0.1472984254360199
    ]
  ],
  "lattice": [
    [
      1.6811542510986328,
      -2.9118456840515137,
      0.0
    ],
    [
      1.6811542510986328,
      2.9118456840515137,
      0.0
    ],
    [
      0.0,
      0.0,
      33.3937873840332
    ]
  ],
  "properties": {
    "deltaG_H": 0.009723529169956844,
    "thermo_stability": 0.1151515374581018,
    "synth_score": 0.5573226287571418
  }
}