{
  "id": "JVASP-13544",
  "atomic_numbers": [
    33,
    33,
    33,
    33,
    34,
    34,
    34,
    34,
    34,
    34
  ],
  "frac_coords": [
    [
      0.3742176592350006,
      0.7612993121147156,
      0.12721343338489532
    ],
    [
      0.3742176592350006,
      0.2612993121147156,
      0.07613357156515121
    ],
    [
      0.09559770673513412,
      0.9826711416244507,
      0.07611539214849472
    ],
    [
      0.09559770673513412,
      0.4826711416244507,
      0.12723161280155182
    ],
    [
      0.874702513217926,
      0.9064027070999146,
      0.15566319227218628
    ],
    [
      0.874702513217926,
      0.40640273690223694,
      0.047684814780950546
    ],
    [
      0.3059045672416687,
      0.8375597596168518,
      0.04766376316547394
    ],
    [
      0.3059045672416687,
      0.3375597596168518,
      0.155684232711792
    ],
    [
      0.5669775605201721,
      0.6219670176506042,
      0.08697105944156647
    ],
    [
      0.5669775605201721,
      0.12196704000234604,
      0.11637693643569946
    ]
  ],
  "lattice": [
    [
      4.378259658813477,
      -0.015001830644905567,
      0.0
    ],
    [
      -4.336346626281738,
      12.118389129638672,
      0.0
    ],
    [
      0.0,
      0.0,
      26.967599868774414
    ]
  ],
  "properties": {
    "deltaG_H": 0.012032730448246001,
    "thermo_stability": -0.2356708467006685,
    "synth_score": 0.3842987319759793
  }
}