{
  "id": "JVASP-7048",
  "atomic_numbers": [
    48,
    48,
    15,
    15,
    16,
    16,
    16,
    16,
    16,
    16
  ],
  "frac_coords": [
    [
      0.0,
      0.0,
      0.2709120213985443
    ],
    [
      0.33333298563957214,
      0.6666669845581055,
      0.27247098088264465
    ],
    [
      0.6666669845581055,
      0.33333298563957214,
      0.22974322736263275
    ],
    [
      0.6666669845581055,
      0.33333298563957214,
      0.313639760017395
    ],
    [
      0.35441794991493225,
      0.01906179077923298,
      0.20837228000164032
    ],
    [
      0.6686891913414001,
      0.021084962412714958,
      0.33500972390174866
    ],
    [
      0.35239478945732117,
      0.33131083846092224,
      0.33500972390174866
    ],
    [
      0.980938196182251,
      0.3353561758995056,
      0.20837228000164032
    ],
    [
      0.6646438241004944,
      0.6455820202827454,
      0.20837228000164032
    ],
    [
      0.9789150357246399,
      0.6476051807403564,
      0.33500972390174866
    ]
  ],
  "lattice": [
    [
      6.258994102478027,
      3.8677205793646863e-07,
      0.0
    ],
    [
      -3.129497766494751,
      5.420448303222656,
      0.0
    ],
    [
      0.0,
      0.0,
      27.03792381286621
    ]
  ],
  "properties": {
    "deltaG_H": 0.0017488705754280074,
    "thermo_stability": -0.5420529266198477,
    "synth_score": 0.2527298087204917
  }
}