{
  "id": "JVASP-19991",
  "atomic_numbers": [
    37,
    37,
    37,
    37,
    52,
    52
  ],
  "frac_coords": [
    [
      0.75,
      0.04017750173807144,
      0.07069787383079529
    ],
    [
      0.75,
      0.5401775240898132,
      0.1503901332616806
    ],
    [
      0.25,
      0.03973567113280296,
      0.2030518352985382
    ],
    [
      0.25,
      0.5397356748580933,
      0.018036166206002235
    ],
    [
      0.25,
      0.2900868356227875,
      0.11069059371948242
    ],
    [
      0.25,
      0.7900868058204651,
      0.11039740592241287
    ]
  ],
  "lattice": [
    [
      5.210410118103027,
      0.0,
      0.0
    ],
    [
      0.0,
      9.820586204528809,
      0.0
    ],
    [
      0.0,
      0.0,
      25.09749984741211
    ]
  ],
  "properties": {
    "deltaG_H": 0.03221402515967687,
    "thermo_stability": -1.4433890501658126,
    "synth_score": 0.05281105243347499
  }
}