{
  "id": "JVASP-9056",
  "atomic_numbers": [
    19,
    19,
    39,
    8,
    8
  ],
  "frac_coords": [
    [
      0.6666903495788574,
      0.3333096504211426,
      0.21877875924110413
    ],
    [
      0.3333096504211426,
      0.6666903495788574,
      0.43394824862480164
    ],
    [
      0.0,
      0.0,
      0.32636401057243347
    ],
    [
      0.3333500027656555,
      0.6666499972343445,
      0.28682807087898254
    ],
    [
      0.6666499972343445,
      0.3333500027656555,
      0.3658989369869232
    ]
  ],
  "lattice": [
    [
      3.5347988605499268,
      0.0001743423199513927,
      0.0
    ],
    [
      -1.767248511314392,
      3.0613133907318115,
      0.0
    ],
    [
      0.0,
      0.0,
      28.795799255371094
    ]
  ],
  "properties": {
    "deltaG_H": 0.007434853315353393,
    "thermo_stability": -1.9083897441625597,
    "synth_score": 0.021525014712862056
  }
}