{
  "id": "JVASP-14427",
  "atomic_numbers": [
    39,
    39,
    53,
    53,
    53,
    53,
    53,
    53
  ],
  "frac_coords": [
    [
      0.0,
      0.0,
      0.14720167219638824
    ],
    [
      0.6666669845581055,
      0.33333298563957214,
      0.14718033373355865
    ],
    [
      0.6765008568763733,
      0.009793312288820744,
      0.0787442997097969
    ],
    [
      0.3332924544811249,
      0.3234991431236267,
      0.0787442997097969
    ],
    [
      0.9902066588401794,
      0.6667075157165527,
      0.0787442997097969
    ],
    [
      0.3333745300769806,
      0.009834843687713146,
      0.21563869714736938
    ],
    [
      0.676460325717926,
      0.666625440120697,
      0.21563869714736938
    ],
    [
      0.9901651740074158,
      0.323539674282074,
      0.21563869714736938
    ]
  ],
  "lattice": [
    [
      7.51203727722168,
      -4.410343379390724e-08,
      0.0
    ],
    [
      -3.756019115447998,
      6.505615711212158,
      0.0
    ],
    [
      0.0,
      0.0,
      25.67374038696289
    ]
  ],
  "properties": {
    "deltaG_H": 0.03160506844520569,
    "thermo_stability": -0.8250729411840438,
    "synth_score": 0.16108923413263807
  }
}