{
  "id": "JVASP-27846",
  "atomic_numbers": [
    58,
    34,
    34
  ],
  "frac_coords": [
    [
      0.0,
      0.0,
      0.5000110268592834
    ],
    [
      0.33333298563957214,
      0.6666669845581055,
      0.4359210729598999
    ],
    [
      0.6666669845581055,
      0.33333298563957214,
      0.5641009211540222
    ]
  ],
  "lattice": [
    [
      4.241872787475586,
      -7.710201366251113e-09,
      0.0
    ],
    [
      -2.120936870574951,
      3.6735692024230957,
      0.0
    ],
    [
      0.0,
      0.0,
      23.03895378112793
    ]
  ],
  "properties": {
    "deltaG_H": 0.016297679344813028,
    "thermo_stability": -0.5770722200473151,
    "synth_score": 0.2397328985213709
  }
}