{
  "id": "JVASP-60573",
  "atomic_numbers": [
    74,
    8,
    8,
    9,
    9
  ],
  "frac_coords": [
    [
      0.7012329697608948,
      0.7012293338775635,
      0.9207271933555603
    ],
    [
      0.7411636710166931,
      0.24566315114498138,
      0.9207488298416138
    ],
    [
      0.2456633746623993,
      0.7411645650863647,
      0.9207506775856018
    ],
    [
      0.7694553136825562,
      0.769454300403595,
      0.99808269739151
    ],
    [
      0.7694116830825806,
      0.7694116830825806,
      0.8433595895767212
    ]
  ],
  "lattice": [
    [
      -2.7550644874572754,
      -2.745126724243164,
      0.0
    ],
    [
      -2.755082368850708,
      2.7451438903808594,
      0.0
    ],
    [
      0.0,
      0.0,
      -23.767967224121094
    ]
  ],
  "properties": {
    "deltaG_H": 0.0014664652347564696,
    "thermo_stability": -0.684410102168719,
    "synth_score": 0.20281052704733396
  }
}