{
  "id": "JVASP-76342",
  "atomic_numbers": [
    28,
    17,
    17
  ],
  "frac_coords": [
    [
      0.0,
      0.0,
      0.0577859990298748
    ],
    [
      0.3333339989185333,
      0.6666659712791443,
      0.9994239807128906
    ],
    [
      0.6666659712791443,
      0.3333339989185333,
      0.11614902317523956
    ]
  ],
  "lattice": [
    [
      1.73067045211792,
      -2.9976108074188232,
      0.0
    ],
    [
      1.73067045211792,
      2.9976108074188232,
      0.0
    ],
    [
      0.0,
      0.0,
      22.613510131835938
    ]
  ],
  "properties": {
    "deltaG_H": 0.0007314650217692068,
    "thermo_stability": -2.0,
    "synth_score": 0.01798620996209156
  }
}