{
  "id": "JVASP-6094",
  "atomic_numbers": [
    83,
    83,
    53,
    53,
    53,
    53,
    53,
    53
  ],
  "frac_coords": [
    [
      0.0,
      0.0,
      0.2841333746910095
    ],
    [
      0.33333298563957214,
      0.6666669845581055,
      0.2840806245803833
    ],
    [
      0.6666799187660217,
      0.9970522522926331,
      0.2166508287191391
    ],
    [
      0.0029477374628186226,
      0.6696286797523499,
      0.2166508287191391
    ],
    [
      0.33037135004997253,
      0.33332008123397827,
      0.2166508287191391
    ],
    [
      0.6666530966758728,
      0.6696147322654724,
      0.3515641689300537
    ],
    [
      0.0029616623651236296,
      0.3333469331264496,
      0.3515641689300537
    ],
    [
      0.3303852677345276,
      0.9970383644104004,
      0.3515641689300537
    ]
  ],
  "lattice": [
    [
      7.588420391082764,
      -3.762182387845314e-08,
      0.0
    ],
    [
      -3.79421067237854,
      6.571765422821045,
      0.0
    ],
    [
      0.0,
      0.0,
      27.08583641052246
    ]
  ],
  "properties": {
    "deltaG_H": 0.03627109068632126,
    "thermo_stability": -0.8030496458212535,
    "synth_score": 0.16713088017860137
  }
}