{
  "id": "JVASP-14458",
  "atomic_numbers": [
    52,
    8,
    8,
    8
  ],
  "frac_coords": [
    [
      0.33333298563957214,
      0.6666669845581055,
      0.09254100173711777
    ],
    [
      0.33333298563957214,
      0.6666669845581055,
      0.14911764860153198
    ],
    [
      0.33333298563957214,
      0.6666669845581055,
      0.03596534579992294
    ],
    [
      0.0,
      0.0,
      0.09254100173711777
    ]
  ],
  "lattice": [
    [
      3.7579476833343506,
      0.0,
      0.0
    ],
    [
      -1.8789738416671753,
      3.2544779777526855,
      0.0
    ],
    [
      0.0,
      0.0,
      31.75437355041504
    ]
  ],
  "properties": {
    "deltaG_H": -0.0013325555622577681,
    "thermo_stability": -0.10670522054036469,
    "synth_score": 0.4468489627480104
  }
}