{
  "id": "JVASP-783",
  "atomic_numbers": [
    74,
    8,
    8
  ],
  "frac_coords": [
    [
      0.6666669845581055,
      0.33333298563957214,
      0.2667419910430908
    ],
    [
      0.6666669845581055,
      0.33333298563957214,
      0.2088012844324112
    ],
    [
      0.6666669845581055,
      0.33333298563957214,
      0.3246837258338928
    ]
  ],
  "lattice": [
    [
      1.4898135662078857,
      -2.580432415008545,
      0.0
    ],
    [
      1.4898135662078857,
      2.580432415008545,
      0.0
    ],
    [
      0.0,
      0.0,
      31.03933334350586
    ]
  ],
  "properties": {
    "deltaG_H": -0.004682163496812185,
    "thermo_stability": -0.23137402335802726,
    "synth_score": 0.38633411360556713
  }
}