{
  "id": "JVASP-28311",
  "atomic_numbers": [
    51,
    51,
    7,
    7
  ],
  "frac_coords": [
    [
      0.6378021240234375,
      0.7929477095603943,
      0.5553638935089111
    ],
    [
      0.11755544692277908,
      0.27850449085235596,
      0.4446471929550171
    ],
    [
      0.6217357516288757,
      0.9732455611228943,
      0.4675317406654358
    ],
    [
      0.13361069560050964,
      0.4817202389240265,
      0.5324791669845581
    ]
  ],
  "lattice": [
    [
      3.325939893722534,
      0.00628757756203413,
      -0.09004499763250351
    ],
    [
      -0.009888038039207458,
      3.917484760284424,
      -0.08912400156259537
    ],
    [
      0.0,
      0.0,
      22.49251937866211
    ]
  ],
  "properties": {
    "deltaG_H": 0.007035040378570556,
    "thermo_stability": -0.22572392423947663,
    "synth_score": 0.3890165822968367
  }
}