{
  "id": "JVASP-8981",
  "atomic_numbers": [
    19,
    19,
    19,
    19,
    80,
    33,
    33
  ],
  "frac_coords": [
    [
      0.6666679978370667,
      0.33333200216293335,
      0.5420193076133728
    ],
    [
      -5.3223129725665785e-06,
      5.3223129725665785e-06,
      0.7912934422492981
    ],
    [
      0.6666712760925293,
      0.3333287239074707,
      0.7182471752166748
    ],
    [
      -7.848152705491884e-08,
      7.848151994949149e-08,
      0.6150656342506409
    ],
    [
      0.3333227336406708,
      0.6666772961616516,
      0.6666574478149414
    ],
    [
      0.3333224058151245,
      0.6666775941848755,
      0.5768576264381409
    ],
    [
      0.3333210051059723,
      0.6666790246963501,
      0.7564594149589539
    ]
  ],
  "lattice": [
    [
      5.624525547027588,
      3.7207351851975545e-05,
      0.0
    ],
    [
      -2.8122305870056152,
      4.871000289916992,
      0.0
    ],
    [
      0.0,
      0.0,
      28.280399322509766
    ]
  ],
  "properties": {
    "deltaG_H": 0.012806014537811279,
    "thermo_stability": -2.0,
    "synth_score": 0.01798620996209156
  }
}