{
  "id": "JVASP-27984",
  "atomic_numbers": [
    40,
    40,
    35,
    35
  ],
  "frac_coords": [
    [
      0.33333298563957214,
      0.6666669845581055,
      0.4551873505115509
    ],
    [
      0.6666669845581055,
      0.33333298563957214,
      0.5448126792907715
    ],
    [
      0.0,
      0.0,
      0.3827689290046692
    ],
    [
      0.0,
      0.0,
      0.6172310709953308
    ]
  ],
  "lattice": [
    [
      3.5258140563964844,
      0.0,
      0.0
    ],
    [
      -1.7629070281982422,
      3.0534451007843018,
      0.0
    ],
    [
      0.0,
      0.0,
      26.16672134399414
    ]
  ],
  "properties": {
    "deltaG_H": 0.01843313455581665,
    "thermo_stability": -2.0,
    "synth_score": 0.01798620996209156
  }
}