{
  "id": "JVASP-6904",
  "atomic_numbers": [
    38,
    38,
    38,
    38,
    49,
    49,
    49,
    49,
    53,
    53,
    53,
    53,
    53,
    53,
    53,
    53,
    53,
    53
  ],
  "frac_coords": [
    [
      0.8457121849060059,
      0.34571221470832825,
      0.2528260052204132
    ],
    [
      0.6542878150939941,
      0.8457121849060059,
      0.2528260052204132
    ],
    [
      0.15428778529167175,
      0.6542878150939941,
      0.2528260052204132
    ],
    [
      0.34571221470832825,
      0.15428778529167175,
      0.2528260052204132
    ],
    [
      0.0,
      0.0,
      0.14066222310066223
    ],
    [
      0.5,
      0.5,
      0.14066222310066223
    ],
    [
      0.5,
      0.5,
      0.3649897575378418
    ],
    [
      0.0,
      0.0,
      0.3649897575378418
    ],
    [
      0.6519132852554321,
      0.15191328525543213,
      0.3245948851108551
    ],
    [
      0.8480867147445679,
      0.6519132852554321,
      0.3245948851108551
    ],
    [
      0.0,
      0.0,
      0.2528260052204132
    ],
    [
      0.5,
      0.5,
      0.2528260052204132
    ],
    [
      0.15191328525543213,
      0.34808671474456787,
      0.1810571253299713
    ],
    [
      0.34808671474456787,
      0.8480867147445679,
      0.1810571253299713
    ],
    [
      0.8480867147445679,
      0.6519132852554321,
      0.1810571253299713
    ],
    [
      0.15191328525543213,
      0.34808671474456787,
      0.3245948851108551
    ],
    [
      0.6519132852554321,
      0.15191328525543213,
      0.1810571253299713
    ],
    [
      0.34808671474456787,
      0.8480867147445679,
      0.3245948851108551
    ]
  ],
  "lattice": [
    [
      9.01363468170166,
      0.0,
      0.0
    ],
    [
      0.0,
      9.01363468170166,
      0.0
    ],
    [
      0.0,
      0.0,
      30.34297752380371
    ]
  ],
  "properties": {
    "deltaG_H": 0.03693293843004439,
    "thermo_stability": -2.0,
    "synth_score": 0.01798620996209156
  }
}