{
  "id": "JVASP-27920",
  "atomic_numbers": [
    28,
    53,
    53
  ],
  "frac_coords": [
    [
      0.6666669845581055,
      0.33333298563957214,
      0.5
    ],
    [
      0.33333298563957214,
      0.6666669845581055,
      0.5664820075035095
    ],
    [
      0.0,
      0.0,
      0.4335179626941681
    ]
  ],
  "lattice": [
    [
      3.923637866973877,
      3.887692390236452e-09,
      0.0
    ],
    [
      -1.9618194103240967,
      3.397970676422119,
      0.0
    ],
    [
      0.0,
      0.0,
      23.007732391357422
    ]
  ],
  "properties": {
    "deltaG_H": 0.023674796621004742,
    "thermo_stability": -0.6568088303009669,
    "synth_score": 0.21188210825851161
  }
}