{
  "id": "JVASP-77606",
  "atomic_numbers": [
    47,
    47,
    47,
    47,
    34,
    34
  ],
  "frac_coords": [
    [
      0.4999958574771881,
      0.006796232890337706,
      0.5000091791152954
    ],
    [
      0.9999864101409912,
      0.7569834589958191,
      0.4556090235710144
    ],
    [
      1.3603539628093131e-05,
      0.2569834887981415,
      0.5443909764289856
    ],
    [
      0.5000041723251343,
      0.5067962408065796,
      0.4999908208847046
    ],
    [
      0.49998077750205994,
      0.7568442821502686,
      0.4125182628631592
    ],
    [
      0.5000191926956177,
      0.25684428215026855,
      0.5874817371368408
    ]
  ],
  "lattice": [
    [
      4.743709564208984,
      0.0,
      0.0
    ],
    [
      0.0,
      5.939828395843506,
      0.0
    ],
    [
      0.0,
      0.0,
      23.357036590576172
    ]
  ],
  "properties": {
    "deltaG_H": 0.005352185567220051,
    "thermo_stability": -1.414711790283521,
    "synth_score": 0.05575473642050126
  }
}