{
  "id": "JVASP-6769",
  "atomic_numbers": [
    48,
    53,
    53
  ],
  "frac_coords": [
    [
      0.6666669845581055,
      0.33333298563957214,
      0.30000200867652893
    ],
    [
      0.0,
      0.0,
      0.23045869171619415
    ],
    [
      0.33333298563957214,
      0.6666669845581055,
      0.36955130100250244
    ]
  ],
  "lattice": [
    [
      4.275814056396484,
      7.836615800727031e-09,
      0.0
    ],
    [
      -2.1379075050354004,
      3.702963352203369,
      0.0
    ],
    [
      0.0,
      0.0,
      25.000530242919922
    ]
  ],
  "properties": {
    "deltaG_H": 0.029273498753706613,
    "thermo_stability": -0.7589515715837478,
    "synth_score": 0.17977049979280932
  }
}