{
  "id": "JVASP-27899",
  "atomic_numbers": [
    40,
    15,
    15,
    1,
    1,
    8,
    8,
    8,
    8,
    8,
    8
  ],
  "frac_coords": [
    [
      0.0,
      0.0,
      0.5
    ],
    [
      0.6666669845581055,
      0.33333298563957214,
      0.43696922063827515
    ],
    [
      0.33333298563957214,
      0.6666669845581055,
      0.5630307793617249
    ],
    [
      0.6666669845581055,
      0.33333298563957214,
      0.3831646144390106
    ],
    [
      0.33333298563957214,
      0.6666669845581055,
      0.616835355758667
    ],
    [
      0.3583199083805084,
      0.1791599541902542,
      0.4539509415626526
    ],
    [
      0.820840060710907,
      0.1791599541902542,
      0.4539509415626526
    ],
    [
      0.820840060710907,
      0.6416800618171692,
      0.4539509415626526
    ],
    [
      0.1791599541902542,
      0.820840060710907,
      0.5460490584373474
    ],
    [
      0.1791599541902542,
      0.3583199083805084,
      0.5460490584373474
    ],
    [
      0.6416800618171692,
      0.820840060710907,
      0.5460490584373474
    ]
  ],
  "lattice": [
    [
      5.483002662658691,
      -0.0,
      0.0
    ],
    [
      -2.7415013313293457,
      4.748419761657715,
      0.0
    ],
    [
      0.0,
      0.0,
      26.106037139892578
    ]
  ],
  "properties": {
    "deltaG_H": -0.011217293988574635,
    "thermo_stability": -2.0,
    "synth_score": 0.01798620996209156
  }
}