{
  "id": "JVASP-6955",
  "atomic_numbers": [
    83,
    83,
    83,
    83,
    83,
    83,
    83,
    83,
    53,
    53,
    53,
    53,
    53,
    53,
    53,
    53
  ],
  "frac_coords": [
    [
      0.4897406995296478,
      0.5,
      0.08086804300546646
    ],
    [
      -0.010259312577545643,
      0.0,
      0.08086804300546646
    ],
    [
      0.6969168186187744,
      0.0,
      0.17339061200618744
    ],
    [
      0.5550404787063599,
      0.5,
      0.18084779381752014
    ],
    [
      0.19691680371761322,
      0.5,
      0.17339061200618744
    ],
    [
      0.055040471255779266,
      0.0,
      0.18084779381752014
    ],
    [
      0.7622017860412598,
      0.0,
      0.2733723223209381
    ],
    [
      0.2622017562389374,
      0.5,
      0.2733723223209381
    ],
    [
      0.6194083094596863,
      0.0,
      0.0501612164080143
    ],
    [
      0.11940828710794449,
      0.5,
      0.0501612164080143
    ],
    [
      0.8509768843650818,
      0.5,
      0.10383915156126022
    ],
    [
      0.3509769141674042,
      0.0,
      0.10383915156126022
    ],
    [
      0.9009978771209717,
      0.5,
      0.25043192505836487
    ],
    [
      0.4009978473186493,
      0.0,
      0.25043192505836487
    ],
    [
      0.6325262188911438,
      0.5,
      0.3040819466114044
    ],
    [
      0.1325262188911438,
      0.0,
      0.3040819466114044
    ]
  ],
  "lattice": [
    [
      14.559285163879395,
      0.0,
      -1.8270790576934814
    ],
    [
      0.0,
      4.431106090545654,
      0.0
    ],
    [
      0.0,
      0.0,
      30.61785125732422
    ]
  ],
  "properties": {
    "deltaG_H": 0.029783303499221803,
    "thermo_stability": -2.0,
    "synth_score": 0.01798620996209156
  }
}