{
  "id": "JVASP-20011",
  "atomic_numbers": [
    1,
    1,
    6,
    6,
    6,
    6,
    8,
    8,
    8,
    8
  ],
  "frac_coords": [
    [
      0.78553307056427,
      0.7294651865959167,
      0.06944400072097778
    ],
    [
      0.2369724065065384,
      0.22194333374500275,
      0.06944400072097778
    ],
    [
      0.3179728388786316,
      0.5881695747375488,
      0.06944400072097778
    ],
    [
      0.42105886340141296,
      0.8073362112045288,
      0.06944400072097778
    ],
    [
      0.10568547993898392,
      0.6929180026054382,
      0.06944400072097778
    ],
    [
      0.20337943732738495,
      0.9027963280677795,
      0.06944400072097778
    ],
    [
      0.913180410861969,
      0.6140480637550354,
      0.06944400072097778
    ],
    [
      0.12191427499055862,
      0.09377274662256241,
      0.06944400072097778
    ],
    [
      0.6083698272705078,
      0.8803961873054504,
      0.06944400072097778
    ],
    [
      0.38737937808036804,
      0.3998183310031891,
      0.06944400072097778
    ]
  ],
  "lattice": [
    [
      6.180627346038818,
      0.0020420586224645376,
      0.0
    ],
    [
      -0.009834387339651585,
      6.189694881439209,
      0.0
    ],
    [
      0.0,
      0.0,
      20.76917266845703
    ]
  ],
  "properties": {
    "deltaG_H": -0.010705184459686278,
    "thermo_stability": 0.11383778899908048,
    "synth_score": 0.556674290900674
  }
}