{
  "id": "JVASP-28011",
  "atomic_numbers": [
    70,
    70,
    17,
    17,
    8,
    8
  ],
  "frac_coords": [
    [
      0.33333298563957214,
      0.6666669845581055,
      0.44336360692977905
    ],
    [
      0.0,
      0.0,
      0.5565779805183411
    ],
    [
      0.6666669845581055,
      0.33333298563957214,
      0.38082262873649597
    ],
    [
      0.6666669845581055,
      0.33333298563957214,
      0.6191253066062927
    ],
    [
      0.0,
      0.0,
      0.46954774856567383
    ],
    [
      0.33333298563957214,
      0.6666669845581055,
      0.5303966999053955
    ]
  ],
  "lattice": [
    [
      3.8194496631622314,
      0.0,
      0.0
    ],
    [
      -1.9097248315811157,
      3.3077409267425537,
      0.0
    ],
    [
      0.0,
      0.0,
      26.198402404785156
    ]
  ],
  "properties": {
    "deltaG_H": 0.007501675883928936,
    "thermo_stability": -2.0,
    "synth_score": 0.01798620996209156
  }
}