{
  "id": "JVASP-7054",
  "atomic_numbers": [
    31,
    31,
    16,
    16
  ],
  "frac_coords": [
    [
      0.6666669845581055,
      0.33333298563957214,
      0.2863437533378601
    ],
    [
      0.6666669845581055,
      0.33333298563957214,
      0.38032326102256775
    ],
    [
      0.0,
      0.0,
      0.24485719203948975
    ],
    [
      0.33333298563957214,
      0.6666669845581055,
      0.42180880904197693
    ]
  ],
  "lattice": [
    [
      3.6234195232391357,
      -2.158114575934178e-09,
      0.0
    ],
    [
      -1.8117092847824097,
      3.1379733085632324,
      0.0
    ],
    [
      0.0,
      0.0,
      26.098876953125
    ]
  ],
  "properties": {
    "deltaG_H": 0.011072335839271545,
    "thermo_stability": -1.3089165260394418,
    "synth_score": 0.06799949663344891
  }
}