{
  "id": "JVASP-31374",
  "atomic_numbers": [
    40,
    40,
    35,
    35,
    7,
    7
  ],
  "frac_coords": [
    [
      0.0,
      0.0,
      0.12350291758775711
    ],
    [
      0.6666669845581055,
      0.33333298563957214,
      0.2098310887813568
    ],
    [
      0.33333298563957214,
      0.6666669845581055,
      0.05815653130412102
    ],
    [
      0.33333298563957214,
      0.6666669845581055,
      0.275176465511322
    ],
    [
      0.6666669845581055,
      0.33333298563957214,
      0.13797174394130707
    ],
    [
      0.0,
      0.0,
      0.19536125659942627
    ]
  ],
  "lattice": [
    [
      3.6587910652160645,
      0.0,
      0.0
    ],
    [
      -1.8293955326080322,
      3.1686055660247803,
      0.0
    ],
    [
      0.0,
      0.0,
      30.340539932250977
    ]
  ],
  "properties": {
    "deltaG_H": 0.0061436267097791045,
    "thermo_stability": -2.0,
    "synth_score": 0.01798620996209156
  }
}