{
  "id": "JVASP-75052",
  "atomic_numbers": [
    65,
    29,
    29,
    16,
    16
  ],
  "frac_coords": [
    [
      0.0,
      0.0,
      0.5
    ],
    [
      0.33334097266197205,
      0.33334097266197205,
      0.5798060297966003
    ],
    [
      0.6666590571403503,
      0.6666590571403503,
      0.42019397020339966
    ],
    [
      0.3333168923854828,
      0.3333168923854828,
      0.42284294962882996
    ],
    [
      0.6666830778121948,
      0.6666830778121948,
      0.5771570801734924
    ]
  ],
  "lattice": [
    [
      3.899031162261963,
      0.0031724777072668076,
      0.0
    ],
    [
      1.946655511856079,
      3.3783116340637207,
      0.0
    ],
    [
      0.0,
      0.0,
      24.186443328857422
    ]
  ],
  "properties": {
    "deltaG_H": 0.0008488860130310069,
    "thermo_stability": -0.9824349651734035,
    "synth_score": 0.12294097509941827
  }
}