{
  "id": "JVASP-75219",
  "atomic_numbers": [
    56,
    56,
    90,
    90,
    35,
    35,
    35,
    35,
    35,
    35,
    35,
    35,
    35,
    35,
    35,
    35
  ],
  "frac_coords": [
    [
      0.0,
      0.25,
      0.6051905751228333
    ],
    [
      0.0,
      0.75,
      0.39480942487716675
    ],
    [
      0.5,
      0.25,
      0.3988439440727234
    ],
    [
      0.5,
      0.75,
      0.6011560559272766
    ],
    [
      0.5,
      0.5371752381324768,
      0.34588032960891724
    ],
    [
      0.5,
      0.25,
      0.517195463180542
    ],
    [
      0.0,
      0.75,
      0.6747094392776489
    ],
    [
      0.0,
      0.25,
      0.32529059052467346
    ],
    [
      0.5,
      0.75,
      0.4828045070171356
    ],
    [
      0.0,
      0.9294341802597046,
      0.5593907237052917
    ],
    [
      0.5,
      0.9628247618675232,
      0.34588032960891724
    ],
    [
      0.5,
      0.4628247916698456,
      0.6541196703910828
    ],
    [
      0.0,
      0.0705658420920372,
      0.44060924649238586
    ],
    [
      0.0,
      0.4294341504573822,
      0.44060924649238586
    ],
    [
      0.5,
      0.037175219506025314,
      0.6541196703910828
    ],
    [
      0.0,
      0.5705658197402954,
      0.5593907237052917
    ]
  ],
  "lattice": [
    [
      4.493304252624512,
      0.0,
      0.0
    ],
    [
      0.0,
      9.497441291809082,
      0.0
    ],
    [
      0.0,
      0.0,
      27.215662002563477
    ]
  ],
  "properties": {
    "deltaG_H": 0.02881855070590973,
    "thermo_stability": -2.0,
    "synth_score": 0.01798620996209156
  }
}