{
  "id": "JVASP-6700",
  "atomic_numbers": [
    83,
    45,
    45
  ],
  "frac_coords": [
    [
      0.0,
      0.0,
      0.3133639991283417
    ],
    [
      0.6666669845581055,
      0.33333298563957214,
      0.2422696352005005
    ],
    [
      0.33333298563957214,
      0.6666669845581055,
      0.38445836305618286
    ]
  ],
  "lattice": [
    [
      3.296537160873413,
      0.0,
      0.0
    ],
    [
      -1.6482685804367065,
      2.854884624481201,
      0.0
    ],
    [
      0.0,
      0.0,
      26.79014778137207
    ]
  ],
  "properties": {
    "deltaG_H": 0.010007825136184693,
    "thermo_stability": -0.8105535477399826,
    "synth_score": 0.1650522447802756
  }
}