{
  "id": "JVASP-75076",
  "atomic_numbers": [
    72,
    72,
    14,
    14,
    34,
    34
  ],
  "frac_coords": [
    [
      0.5,
      0.0,
      0.581250011920929
    ],
    [
      0.0,
      0.5,
      0.41874998807907104
    ],
    [
      0.0,
      0.0,
      0.5
    ],
    [
      0.5,
      0.5,
      0.5
    ],
    [
      0.0,
      0.5,
      0.6258470416069031
    ],
    [
      0.5,
      0.0,
      0.3741529583930969
    ]
  ],
  "lattice": [
    [
      3.529686450958252,
      0.0,
      0.0
    ],
    [
      0.0,
      3.529686450958252,
      0.0
    ],
    [
      0.0,
      0.0,
      26.394765853881836
    ]
  ],
  "properties": {
    "deltaG_H": 0.008216758569081625,
    "thermo_stability": -2.0,
    "synth_score": 0.01798620996209156
  }
}