{
  "id": "JVASP-75319",
  "atomic_numbers": [
    3,
    3,
    23,
    23,
    9,
    9,
    9,
    9,
    9,
    9
  ],
  "frac_coords": [
    [
      0.0324411541223526,
      0.75,
      0.5470713973045349
    ],
    [
      0.9616088271141052,
      0.25,
      0.4529286026954651
    ],
    [
      0.4656085669994354,
      0.75,
      0.42015230655670166
    ],
    [
      0.5284404158592224,
      0.25,
      0.5798476934432983
    ],
    [
      0.023355918005108833,
      0.02569282054901123,
      0.5883316397666931
    ],
    [
      0.023355918005108833,
      0.47430717945098877,
      0.5883316397666931
    ],
    [
      0.5348219275474548,
      0.75,
      0.5056973695755005
    ],
    [
      0.4592280387878418,
      0.25,
      0.4943026602268219
    ],
    [
      0.9706940650939941,
      0.5256928205490112,
      0.4116683304309845
    ],
    [
      0.9706940650939941,
      0.9743071794509888,
      0.4116683304309845
    ]
  ],
  "lattice": [
    [
      3.18255877494812,
      0.0,
      0.005272999871522188
    ],
    [
      0.0,
      5.879086494445801,
      0.0
    ],
    [
      0.04501259699463844,
      0.0,
      23.303926467895508
    ]
  ],
  "properties": {
    "deltaG_H": 0.006608197569847108,
    "thermo_stability": -1.7244943896929423,
    "synth_score": 0.030799030429974953
  }
}