{
  "id": "JVASP-6256",
  "atomic_numbers": [
    41,
    41,
    41,
    41,
    16,
    16,
    16,
    16,
    16,
    16,
    16,
    16,
    17,
    17,
    17,
    17,
    17,
    17,
    17,
    17
  ],
  "frac_coords": [
    [
      0.5,
      0.6297875046730042,
      0.13046100735664368
    ],
    [
      0.5,
      0.37021249532699585,
      0.13046100735664368
    ],
    [
      0.0,
      0.12978750467300415,
      0.13046100735664368
    ],
    [
      0.0,
      0.8702124953269958,
      0.13046100735664368
    ],
    [
      0.14816342294216156,
      0.0,
      0.20745263993740082
    ],
    [
      0.6481634378433228,
      0.5,
      0.20745263993740082
    ],
    [
      0.8443419933319092,
      0.5,
      0.16413699090480804
    ],
    [
      0.3443419933319092,
      0.0,
      0.16413699090480804
    ],
    [
      0.6556580066680908,
      0.0,
      0.09678500145673752
    ],
    [
      0.35183659195899963,
      0.5,
      0.05346936360001564
    ],
    [
      0.8518365621566772,
      0.0,
      0.05346936360001564
    ],
    [
      0.15565799176692963,
      0.5,
      0.09678500145673752
    ],
    [
      0.2743794322013855,
      0.29340386390686035,
      0.1849852353334427
    ],
    [
      0.7256205677986145,
      0.29340386390686035,
      0.07593675702810287
    ],
    [
      0.7256205677986145,
      0.7065961360931396,
      0.07593675702810287
    ],
    [
      0.2256205677986145,
      0.20659613609313965,
      0.07593675702810287
    ],
    [
      0.2256205677986145,
      0.7934038639068604,
      0.07593675702810287
    ],
    [
      0.7743794322013855,
      0.7934038639068604,
      0.1849852353334427
    ],
    [
      0.7743794322013855,
      0.20659613609313965,
      0.1849852353334427
    ],
    [
      0.2743794322013855,
      0.7065961360931396,
      0.1849852353334427
    ]
  ],
  "lattice": [
    [
      5.904307842254639,
      0.0,
      -2.188599109649658
    ],
    [
      0.0,
      11.181784629821777,
      0.0
    ],
    [
      0.0,
      0.0,
      28.413780212402344
    ]
  ],
  "properties": {
    "deltaG_H": 0.006405616343021392,
    "thermo_stability": -1.0550666769345605,
    "synth_score": 0.10811580720586662
  }
}