{
  "id": "JVASP-28199",
  "atomic_numbers": [
    23,
    6,
    6,
    8,
    8,
    8,
    8,
    8,
    8
  ],
  "frac_coords": [
    [
      0.33333298563957214,
      0.6666669845581055,
      0.5
    ],
    [
      0.0,
      0.0,
      0.548453688621521
    ],
    [
      0.6666669845581055,
      0.33333298563957214,
      0.451546311378479
    ],
    [
      0.7052901387214661,
      0.9401711821556091,
      0.5490489602088928
    ],
    [
      0.4317859411239624,
      0.03862314671278,
      0.4509510397911072
    ],
    [
      0.6068382263183594,
      0.5682140588760376,
      0.4509510397911072
    ],
    [
      0.05982879176735878,
      0.7651189565658569,
      0.5490489602088928
    ],
    [
      0.23488105833530426,
      0.29470986127853394,
      0.5490489602088928
    ],
    [
      0.9613768458366394,
      0.393161803483963,
      0.4509510397911072
    ]
  ],
  "lattice": [
    [
      4.775825500488281,
      -6.759130428690696e-07,
      0.0
    ],
    [
      -2.3879120349884033,
      4.135985851287842,
      0.0
    ],
    [
      0.0,
      0.0,
      22.22260856628418
    ]
  ],
  "properties": {
    "deltaG_H": -0.011188621520996096,
    "thermo_stability": -0.5300590092937154,
    "synth_score": 0.2572869018379091
  }
}