{
  "id": "JVASP-6037",
  "atomic_numbers": [
    40,
    17,
    17
  ],
  "frac_coords": [
    [
      0.33333298563957214,
      0.6666669845581055,
      0.5369899868965149
    ],
    [
      0.0,
      0.0,
      0.4700236916542053
    ],
    [
      0.0,
      0.0,
      0.6039543151855469
    ]
  ],
  "lattice": [
    [
      3.4039618968963623,
      0.0,
      0.0
    ],
    [
      -1.7019809484481812,
      2.9479169845581055,
      0.0
    ],
    [
      0.0,
      0.0,
      25.717317581176758
    ]
  ],
  "properties": {
    "deltaG_H": 0.021249268452326456,
    "thermo_stability": -0.5494612375895183,
    "synth_score": 0.24994184453942736
  }
}