{
  "id": "JVASP-77658",
  "atomic_numbers": [
    47,
    47,
    17,
    17
  ],
  "frac_coords": [
    [
      0.0,
      0.25,
      0.4517037272453308
    ],
    [
      0.0,
      0.75,
      0.5482962727546692
    ],
    [
      0.5,
      0.75,
      0.4285341501235962
    ],
    [
      0.5,
      0.25,
      0.5714658498764038
    ]
  ],
  "lattice": [
    [
      3.6882357597351074,
      0.0,
      0.0
    ],
    [
      0.0,
      3.762131929397583,
      0.0
    ],
    [
      0.0,
      0.0,
      23.133333206176758
    ]
  ],
  "properties": {
    "deltaG_H": 0.018405537605285648,
    "thermo_stability": -0.7071949958801269,
    "synth_score": 0.19554256265950612
  }
}