{
  "id": "JVASP-19550",
  "atomic_numbers": [
    14,
    14,
    17,
    17,
    17,
    17,
    17,
    17,
    17,
    17
  ],
  "frac_coords": [
    [
      0.35652104020118713,
      0.911829948425293,
      0.10124809294939041
    ],
    [
      0.8565210700035095,
      0.588170051574707,
      0.10124809294939041
    ],
    [
      0.6977927088737488,
      0.5590312480926514,
      0.03572113811969757
    ],
    [
      0.1977926790714264,
      0.9409687519073486,
      0.03572113811969757
    ],
    [
      0.029771320521831512,
      0.4332256317138672,
      0.08715111762285233
    ],
    [
      0.5297713279724121,
      0.06677435338497162,
      0.08715111762285233
    ],
    [
      0.4027269184589386,
      0.5943126678466797,
      0.11638708412647247
    ],
    [
      0.902726948261261,
      0.9056873321533203,
      0.11638708412647247
    ],
    [
      0.2974880337715149,
      0.04716792330145836,
      0.16583557426929474
    ],
    [
      0.7974880337715149,
      0.45283207297325134,
      0.16583557426929474
    ]
  ],
  "lattice": [
    [
      9.733193397521973,
      0.0,
      0.0
    ],
    [
      0.0,
      6.187694072723389,
      0.0
    ],
    [
      -5.310009956359863,
      0.0,
      25.0
    ]
  ],
  "properties": {
    "deltaG_H": 0.016090226650238036,
    "thermo_stability": -0.7306013425191245,
    "synth_score": 0.18828344659018562
  }
}