{
  "id": "JVASP-6856",
  "atomic_numbers": [
    11,
    11,
    11,
    33
  ],
  "frac_coords": [
    [
      0.33333298563957214,
      0.6666669845581055,
      0.027981184422969818
    ],
    [
      0.0,
      0.0,
      0.0838019996881485
    ],
    [
      0.33333298563957214,
      0.6666669845581055,
      0.13962382078170776
    ],
    [
      0.6666669845581055,
      0.33333298563957214,
      0.0838019996881485
    ]
  ],
  "lattice": [
    [
      4.877498149871826,
      -2.511028718288344e-08,
      0.0
    ],
    [
      -2.438748598098755,
      4.224037170410156,
      0.0
    ],
    [
      0.0,
      0.0,
      27.076181411743164
    ]
  ],
  "properties": {
    "deltaG_H": 0.02333758565783501,
    "thermo_stability": -0.22043351531028765,
    "synth_score": 0.3915343926156233
  }
}