{
  "id": "JVASP-8927",
  "atomic_numbers": [
    38,
    38,
    1,
    1,
    35,
    35
  ],
  "frac_coords": [
    [
      0.39134499430656433,
      0.8913450241088867,
      0.18817169964313507
    ],
    [
      0.8913450241088867,
      0.39134499430656433,
      0.0854393020272255
    ],
    [
      0.8913450241088867,
      0.8913450241088867,
      0.13680599629878998
    ],
    [
      0.39134499430656433,
      0.39134499430656433,
      0.13680599629878998
    ],
    [
      0.8913450241088867,
      0.39134499430656433,
      0.2368418127298355
    ],
    [
      0.39134499430656433,
      0.8913450241088867,
      0.03677019104361534
    ]
  ],
  "lattice": [
    [
      4.066209316253662,
      0.0,
      0.0
    ],
    [
      0.0,
      4.066209316253662,
      0.0
    ],
    [
      0.0,
      0.0,
      27.533466339111328
    ]
  ],
  "properties": {
    "deltaG_H": 0.018864481349786123,
    "thermo_stability": -1.6595270405213043,
    "synth_score": 0.034923275422573834
  }
}