{
  "id": "JVASP-60242",
  "atomic_numbers": [
    14,
    14,
    14,
    14,
    14,
    14,
    33,
    33,
    33,
    33,
    33,
    33
  ],
  "frac_coords": [
    [
      0.8971956372261047,
      0.2521701157093048,
      0.9534388184547424
    ],
    [
      0.9376391172409058,
      0.2672080397605896,
      0.8575136065483093
    ],
    [
      0.3003053367137909,
      0.5503289103507996,
      0.8490601778030396
    ],
    [
      0.5407029986381531,
      0.0048232912085950375,
      0.9137706756591797
    ],
    [
      0.25986188650131226,
      0.5352909564971924,
      0.9449853897094727
    ],
    [
      0.6567980051040649,
      0.7976757287979126,
      0.8887283205986023
    ],
    [
      0.8666550517082214,
      0.46450915932655334,
      0.802180826663971
    ],
    [
      0.5136753916740417,
      0.14291022717952728,
      0.8297389149665833
    ],
    [
      0.9982407689094543,
      0.02832541987299919,
      0.9751930832862854
    ],
    [
      0.3308459520339966,
      0.33798983693122864,
      0.0003181583306286484
    ],
    [
      0.19926021993160248,
      0.7741735577583313,
      0.8273059129714966
    ],
    [
      0.6838256120681763,
      0.6595887541770935,
      0.9727600812911987
    ]
  ],
  "lattice": [
    [
      3.4381284713745117,
      -1.337954044342041,
      0.27546998858451843
    ],
    [
      5.508772373199463,
      9.276571273803711,
      1.1160399913787842
    ],
    [
      0.0,
      0.0,
      24.799022674560547
    ]
  ],
  "properties": {
    "deltaG_H": -0.0039357259273529056,
    "thermo_stability": -2.0,
    "synth_score": 0.01798620996209156
  }
}