{
  "id": "JVASP-76416",
  "atomic_numbers": [
    92,
    92,
    52,
    52,
    7,
    7
  ],
  "frac_coords": [
    [
      0.0,
      0.5,
      0.0657845214009285
    ],
    [
      0.5,
      0.0,
      0.1572594791650772
    ],
    [
      0.0,
      0.5,
      0.22470833361148834
    ],
    [
      0.5,
      0.0,
      0.998336672782898
    ],
    [
      0.0,
      0.0,
      0.11152199655771255
    ],
    [
      0.5,
      0.5,
      0.11152199655771255
    ]
  ],
  "lattice": [
    [
      3.847794532775879,
      0.0,
      0.0
    ],
    [
      0.0,
      3.847794532775879,
      0.0
    ],
    [
      0.0,
      0.0,
      25.741512298583984
    ]
  ],
  "properties": {
    "deltaG_H": -0.011206563870112103,
    "thermo_stability": -2.0,
    "synth_score": 0.01798620996209156
  }
}