{
  "id": "JVASP-6220",
  "atomic_numbers": [
    83,
    83,
    17,
    17,
    8,
    8
  ],
  "frac_coords": [
    [
      0.5000059604644775,
      6.013669008098077e-06,
      0.17444199323654175
    ],
    [
      6.013669008098077e-06,
      0.5000059604644775,
      0.08799099922180176
    ],
    [
      6.0209449657122605e-06,
      0.5000059604644775,
      0.22115880250930786
    ],
    [
      0.5000059604644775,
      6.0209449657122605e-06,
      0.04127419367432594
    ],
    [
      5.995981155137997e-06,
      5.995981155137997e-06,
      0.13121600449085236
    ],
    [
      0.5000060200691223,
      0.5000060200691223,
      0.13121600449085236
    ]
  ],
  "lattice": [
    [
      3.884467124938965,
      -5.6764541511711286e-08,
      0.0
    ],
    [
      -5.6764541511711286e-08,
      3.884467124938965,
      0.0
    ],
    [
      0.0,
      0.0,
      29.827791213989258
    ]
  ],
  "properties": {
    "deltaG_H": 0.013693353573481244,
    "thermo_stability": -1.3230767642458283,
    "synth_score": 0.06622648083044846
  }
}