{
  "id": "JVASP-75292",
  "atomic_numbers": [
    58,
    58,
    35,
    35,
    8,
    8
  ],
  "frac_coords": [
    [
      0.5,
      0.0,
      0.4514211118221283
    ],
    [
      0.0,
      0.5,
      0.5485788583755493
    ],
    [
      0.5,
      0.0,
      0.6118115782737732
    ],
    [
      0.0,
      0.5,
      0.3881883919239044
    ],
    [
      0.0,
      0.0,
      0.5
    ],
    [
      0.5,
      0.5,
      0.5
    ]
  ],
  "lattice": [
    [
      3.9646363258361816,
      0.0,
      0.0
    ],
    [
      0.0,
      3.9646363258361816,
      0.0
    ],
    [
      0.0,
      0.0,
      25.649320602416992
    ]
  ],
  "properties": {
    "deltaG_H": 0.009022134343783062,
    "thermo_stability": -2.0,
    "synth_score": 0.01798620996209156
  }
}