{
  "id": "JVASP-60320",
  "atomic_numbers": [
    38,
    38,
    83,
    83,
    83,
    83,
    8,
    8,
    8,
    8,
    8,
    8,
    8,
    8
  ],
  "frac_coords": [
    [
      0.250000536441803,
      0.8525357842445374,
      0.11203786730766296
    ],
    [
      0.7499991655349731,
      0.39675456285476685,
      0.1372680962085724
    ],
    [
      0.24999916553497314,
      0.4990403950214386,
      0.2547822892665863
    ],
    [
      0.7500019073486328,
      0.013210552744567394,
      0.2320300191640854
    ],
    [
      0.7500010132789612,
      0.7502976655960083,
      0.9945238828659058
    ],
    [
      0.24999810755252838,
      0.23611420392990112,
      0.017283504828810692
    ],
    [
      0.75,
      0.9947261214256287,
      0.15448415279388428
    ],
    [
      0.24999722838401794,
      0.6071162223815918,
      0.1836569905281067
    ],
    [
      0.2499997317790985,
      0.2545663118362427,
      0.09482867270708084
    ],
    [
      0.7500025033950806,
      0.642158031463623,
      0.06564389914274216
    ],
    [
      0.7499979734420776,
      0.3888914883136749,
      0.2399611473083496
    ],
    [
      0.2500016391277313,
      0.13440747559070587,
      0.23918882012367249
    ],
    [
      0.25000184774398804,
      0.8604369759559631,
      0.009341320022940636
    ],
    [
      0.749998152256012,
      0.1149202212691307,
      0.010145374573767185
    ]
  ],
  "lattice": [
    [
      4.368370532989502,
      -2.7248231049270544e-07,
      0.0
    ],
    [
      -8.081121336545039e-07,
      5.932913780212402,
      -0.775301992893219
    ],
    [
      0.0,
      0.0,
      26.639169692993164
    ]
  ],
  "properties": {
    "deltaG_H": -0.01233090124811445,
    "thermo_stability": -2.0,
    "synth_score": 0.01798620996209156
  }
}