{
  "id": "JVASP-28236",
  "atomic_numbers": [
    26,
    27,
    8,
    8,
    8,
    8
  ],
  "frac_coords": [
    [
      0.5,
      0.0,
      0.5
    ],
    [
      0.0,
      0.5,
      0.5
    ],
    [
      0.263531357049942,
      0.5,
      0.4560820460319519
    ],
    [
      0.7364686131477356,
      0.5,
      0.5439179539680481
    ],
    [
      0.7611308693885803,
      0.0,
      0.456966370344162
    ],
    [
      0.2388691008090973,
      0.0,
      0.5430336594581604
    ]
  ],
  "lattice": [
    [
      4.59149694442749,
      0.0,
      -1.6566710472106934
    ],
    [
      0.0,
      2.818363904953003,
      0.0
    ],
    [
      0.0,
      0.0,
      23.1795654296875
    ]
  ],
  "properties": {
    "deltaG_H": -0.0027656992276509597,
    "thermo_stability": 0.14311249852180474,
    "synth_score": 0.5710716995557843
  }
}