{
  "id": "JVASP-780",
  "atomic_numbers": [
    22,
    52,
    52
  ],
  "frac_coords": [
    [
      0.0,
      0.0,
      0.14747199416160583
    ],
    [
      0.6666669845581055,
      0.33333298563957214,
      0.09119083732366562
    ],
    [
      0.33333298563957214,
      0.6666669845581055,
      0.20375216007232666
    ]
  ],
  "lattice": [
    [
      1.8811306953430176,
      -3.2582144737243652,
      0.0
    ],
    [
      1.8811306953430176,
      3.2582144737243652,
      0.0
    ],
    [
      0.0,
      0.0,
      30.816936492919922
    ]
  ],
  "properties": {
    "deltaG_H": 0.015007800708214442,
    "thermo_stability": -0.3167634626229605,
    "synth_score": 0.3467112489170112
  }
}