{
  "id": "JVASP-6421",
  "atomic_numbers": [
    59,
    59,
    52,
    52,
    52,
    52,
    52,
    52
  ],
  "frac_coords": [
    [
      0.0,
      0.25,
      0.15550841391086578
    ],
    [
      0.5,
      0.75,
      0.29556959867477417
    ],
    [
      0.0,
      0.75,
      0.07107651978731155
    ],
    [
      0.5,
      0.25,
      0.0710754469037056
    ],
    [
      0.5,
      0.75,
      0.18682336807250977
    ],
    [
      0.0,
      0.25,
      0.264254629611969
    ],
    [
      0.0,
      0.75,
      0.38000255823135376
    ],
    [
      0.5,
      0.25,
      0.3800014853477478
    ]
  ],
  "lattice": [
    [
      4.415450096130371,
      -2.000000033724767e-16,
      0.0
    ],
    [
      1.0000000168623835e-16,
      4.415586471557617,
      0.0
    ],
    [
      0.0,
      0.0,
      30.661022186279297
    ]
  ],
  "properties": {
    "deltaG_H": 0.018766316175460814,
    "thermo_stability": -2.0,
    "synth_score": 0.01798620996209156
  }
}