{
  "id": "JVASP-60268",
  "atomic_numbers": [
    21,
    21,
    1,
    1,
    17,
    17
  ],
  "frac_coords": [
    [
      -4.961405579706479e-07,
      4.792149184140726e-07,
      0.8392674326896667
    ],
    [
      0.6666669845581055,
      0.33333301544189453,
      0.9376423954963684
    ],
    [
      1.0797558047670464e-07,
      -1.3547659705182014e-07,
      0.9171854853630066
    ],
    [
      0.6666663289070129,
      0.3333336412906647,
      0.8597185015678406
    ],
    [
      0.33333319425582886,
      0.6666666865348816,
      0.7766125798225403
    ],
    [
      0.3333338797092438,
      0.6666662693023682,
      0.0002956300158984959
    ]
  ],
  "lattice": [
    [
      -3.487593173980713,
      -1.4285943734648754e-06,
      0.0
    ],
    [
      1.7437978982925415,
      3.02034330368042,
      0.0
    ],
    [
      0.0,
      0.0,
      -25.743106842041016
    ]
  ],
  "properties": {
    "deltaG_H": -0.010296547810236614,
    "thermo_stability": -2.0,
    "synth_score": 0.01798620996209156
  }
}