{
  "id": "JVASP-78042",
  "atomic_numbers": [
    26,
    26,
    26,
    34,
    34,
    34,
    34
  ],
  "frac_coords": [
    [
      0.0030828886665403843,
      0.006166777573525906,
      0.39659079909324646
    ],
    [
      1.734723475976807e-18,
      3.469446951953614e-18,
      0.5
    ],
    [
      0.9969171285629272,
      0.9938332438468933,
      0.6034091711044312
    ],
    [
      0.3349229693412781,
      0.6698479652404785,
      0.4472736120223999
    ],
    [
      0.6650770306587219,
      0.3301520347595215,
      0.5527263879776001
    ],
    [
      0.6712806224822998,
      0.3425612151622772,
      0.3519139885902405
    ],
    [
      0.3287194073200226,
      0.6574388146400452,
      0.6480860114097595
    ]
  ],
  "lattice": [
    [
      3.4920763969421387,
      -2.9904057008423024e-09,
      0.0
    ],
    [
      -1.7460377216339111,
      3.024043083190918,
      0.010742999613285065
    ],
    [
      -8.636340254053465e-11,
      0.0993250161409378,
      28.870779037475586
    ]
  ],
  "properties": {
    "deltaG_H": 0.0026610425540379117,
    "thermo_stability": -2.0,
    "synth_score": 0.01798620996209156
  }
}