{
  "id": "JVASP-60324",
  "atomic_numbers": [
    44,
    17,
    17,
    8
  ],
  "frac_coords": [
    [
      0.0,
      0.0,
      0.06956300139427185
    ],
    [
      0.5,
      0.0009841466089710593,
      0.9993121027946472
    ],
    [
      0.5,
      0.9990158677101135,
      0.1398129016160965
    ],
    [
      0.0,
      0.5,
      0.06956300139427185
    ]
  ],
  "lattice": [
    [
      3.5351529121398926,
      0.0,
      0.0
    ],
    [
      0.0,
      3.6741859912872314,
      0.008375000208616257
    ],
    [
      0.0,
      0.0,
      23.232112884521484
    ]
  ],
  "properties": {
    "deltaG_H": -0.01185302734375,
    "thermo_stability": -2.0,
    "synth_score": 0.01798620996209156
  }
}