{
  "id": "JVASP-13546",
  "atomic_numbers": [
    23,
    35,
    35
  ],
  "frac_coords": [
    [
      0.3784720003604889,
      0.00911100022494793,
      0.12576399743556976
    ],
    [
      0.711804986000061,
      0.6757789850234985,
      0.18046391010284424
    ],
    [
      0.045138999819755554,
      0.3424449861049652,
      0.0710630938410759
    ]
  ],
  "lattice": [
    [
      3.803995370864868,
      0.0,
      0.0
    ],
    [
      -1.901997685432434,
      3.2943568229675293,
      0.0
    ],
    [
      0.0,
      0.0,
      26.721105575561523
    ]
  ],
  "properties": {
    "deltaG_H": 0.022241645107666654,
    "thermo_stability": -0.2640883545080821,
    "synth_score": 0.37094224200952086
  }
}