{
  "id": "JVASP-6331",
  "atomic_numbers": [
    15,
    15,
    15,
    15,
    46,
    46,
    46,
    46,
    16,
    16,
    16,
    16
  ],
  "frac_coords": [
    [
      0.9351214170455933,
      0.5785303115844727,
      0.2959631383419037
    ],
    [
      0.6712095737457275,
      0.07853031158447266,
      0.2959631383419037
    ],
    [
      0.9351214170455933,
      0.5146086812019348,
      0.21927085518836975
    ],
    [
      0.6712095737457275,
      0.014608687721192837,
      0.21927085518836975
    ],
    [
      0.553286612033844,
      0.45779773592948914,
      0.3098610043525696
    ],
    [
      0.053045403212308884,
      0.9577977657318115,
      0.3098610043525696
    ],
    [
      0.553286612033844,
      0.6353402733802795,
      0.20537300407886505
    ],
    [
      0.053045403212308884,
      0.13534025847911835,
      0.20537300407886505
    ],
    [
      0.1660291701555252,
      0.343355268239975,
      0.3303408622741699
    ],
    [
      0.4403018355369568,
      0.8433552384376526,
      0.3303408622741699
    ],
    [
      0.4403018355369568,
      0.2497827410697937,
      0.1848931461572647
    ],
    [
      0.1660291701555252,
      0.7497827410697937,
      0.1848931461572647
    ]
  ],
  "lattice": [
    [
      5.698655128479004,
      0.0,
      0.0
    ],
    [
      0.0,
      5.737441062927246,
      0.0
    ],
    [
      0.0,
      0.0,
      28.87993049621582
    ]
  ],
  "properties": {
    "deltaG_H": 0.0020286203821500122,
    "thermo_stability": -0.9971573869387309,
    "synth_score": 0.1198011277513453
  }
}