{
  "id": "JVASP-27847",
  "atomic_numbers": [
    14,
    14,
    14,
    14,
    16,
    16,
    16,
    16
  ],
  "frac_coords": [
    [
      0.0,
      0.0,
      0.5276228189468384
    ],
    [
      0.5,
      0.0,
      0.47237834334373474
    ],
    [
      0.0,
      0.5,
      0.5276228189468384
    ],
    [
      0.5,
      0.5,
      0.47237834334373474
    ],
    [
      0.049782123416662216,
      0.75,
      0.5849130153656006
    ],
    [
      0.9502179026603699,
      0.25,
      0.5849130153656006
    ],
    [
      0.45027631521224976,
      0.75,
      0.41508781909942627
    ],
    [
      0.5497236847877502,
      0.25,
      0.41508781909942627
    ]
  ],
  "lattice": [
    [
      3.95977520942688,
      0.0,
      0.0
    ],
    [
      0.0,
      6.656546592712402,
      0.0
    ],
    [
      0.0,
      0.0,
      24.071701049804688
    ]
  ],
  "properties": {
    "deltaG_H": 0.00750847578048706,
    "thermo_stability": -1.4118806938330333,
    "synth_score": 0.056053579966787455
  }
}