{
  "id": "JVASP-664",
  "atomic_numbers": [
    42,
    16,
    16
  ],
  "frac_coords": [
    [
      0.6666669845581055,
      0.33333298563957214,
      0.10664699971675873
    ],
    [
      0.33333298563957214,
      0.6666669845581055,
      0.06173117086291313
    ],
    [
      0.33333298563957214,
      0.6666669845581055,
      0.151563823223114
    ]
  ],
  "lattice": [
    [
      1.5939818620681763,
      -2.760856866836548,
      0.0
    ],
    [
      1.5939818620681763,
      2.760856866836548,
      0.0
    ],
    [
      0.0,
      0.0,
      34.879005432128906
    ]
  ],
  "properties": {
    "deltaG_H": 0.00821052501598994,
    "thermo_stability": 0.449703758706649,
    "synth_score": 0.7108277320555424
  }
}