{
  "id": "JVASP-13623",
  "atomic_numbers": [
    40,
    40,
    32,
    32,
    52,
    52
  ],
  "frac_coords": [
    [
      0.21606500446796417,
      0.7160639762878418,
      0.23291434347629547
    ],
    [
      0.7160639762878418,
      0.21606500446796417,
      0.08449966460466385
    ],
    [
      0.7160639762878418,
      0.7160639762878418,
      0.15870699286460876
    ],
    [
      0.21606500446796417,
      0.21606500446796417,
      0.15870699286460876
    ],
    [
      0.7160639762878418,
      0.21606500446796417,
      0.27858489751815796
    ],
    [
      0.21606500446796417,
      0.7160639762878418,
      0.038830094039440155
    ]
  ],
  "lattice": [
    [
      3.7698566913604736,
      0.0,
      0.0
    ],
    [
      0.0,
      3.7698566913604736,
      0.0
    ],
    [
      0.0,
      0.0,
      29.300371170043945
    ]
  ],
  "properties": {
    "deltaG_H": 0.01185195525487264,
    "thermo_stability": -2.0,
    "synth_score": 0.01798620996209156
  }
}