{
  "id": "JVASP-6865",
  "atomic_numbers": [
    40,
    52,
    52
  ],
  "frac_coords": [
    [
      0.33333298563957214,
      0.6666669845581055,
      0.40276798605918884
    ],
    [
      0.0,
      0.0,
      0.3291145861148834
    ],
    [
      0.0,
      0.0,
      0.47642239928245544
    ]
  ],
  "lattice": [
    [
      3.927694082260132,
      0.0,
      0.0
    ],
    [
      -1.963847041130066,
      3.401482343673706,
      0.0
    ],
    [
      0.0,
      0.0,
      25.311424255371094
    ]
  ],
  "properties": {
    "deltaG_H": 0.01743255893389384,
    "thermo_stability": -0.7724143981933593,
    "synth_score": 0.17583440596914296
  }
}