{
  "id": "JVASP-60609",
  "atomic_numbers": [
    71,
    71,
    53,
    53,
    8,
    8
  ],
  "frac_coords": [
    [
      0.0,
      0.5,
      0.23126056790351868
    ],
    [
      0.5,
      0.0,
      0.14982542395591736
    ],
    [
      0.0,
      0.5,
      0.07678176462650299
    ],
    [
      0.5,
      0.0,
      0.30430424213409424
    ],
    [
      0.5,
      0.5,
      0.19054299592971802
    ],
    [
      0.0,
      0.0,
      0.19054299592971802
    ]
  ],
  "lattice": [
    [
      3.83815598487854,
      0.0,
      0.0
    ],
    [
      0.0,
      3.83815598487854,
      0.0
    ],
    [
      0.0,
      0.0,
      25.963298797607422
    ]
  ],
  "properties": {
    "deltaG_H": 0.005936088065306346,
    "thermo_stability": -2.0,
    "synth_score": 0.01798620996209156
  }
}