{
  "id": "JVASP-670",
  "atomic_numbers": [
    52,
    52,
    42
  ],
  "frac_coords": [
    [
      0.6666669845581055,
      0.33333298563957214,
      0.05727934092283249
    ],
    [
      0.6666669845581055,
      0.33333298563957214,
      0.15980865061283112
    ],
    [
      0.33333298563957214,
      0.6666669845581055,
      0.1085439994931221
    ]
  ],
  "lattice": [
    [
      1.7811816930770874,
      -3.0850980281829834,
      0.0
    ],
    [
      1.7811816930770874,
      3.0850980281829834,
      0.0
    ],
    [
      0.0,
      0.0,
      35.34664535522461
    ]
  ],
  "properties": {
    "deltaG_H": 0.01443808193008105,
    "thermo_stability": 0.2380927411218483,
    "synth_score": 0.6168467282896686
  }
}