{
  "id": "JVASP-60603",
  "atomic_numbers": [
    73,
    73,
    26,
    26,
    52,
    52,
    52,
    52,
    52,
    52
  ],
  "frac_coords": [
    [
      0.75,
      0.8961220979690552,
      0.08478061109781265
    ],
    [
      0.25,
      0.29436391592025757,
      0.1057053878903389
    ],
    [
      0.25,
      0.6887658834457397,
      0.08744405210018158
    ],
    [
      0.75,
      0.501720130443573,
      0.10304194688796997
    ],
    [
      0.25,
      0.05490591749548912,
      0.1605570912361145
    ],
    [
      0.75,
      0.13558007776737213,
      0.0299289058893919
    ],
    [
      0.75,
      0.7262507081031799,
      0.16812148690223694
    ],
    [
      0.25,
      0.8069672584533691,
      0.9980118870735168
    ],
    [
      0.25,
      0.464236319065094,
      0.02236550860106945
    ],
    [
      0.75,
      0.3835187256336212,
      0.1924740970134735
    ]
  ],
  "lattice": [
    [
      3.489182710647583,
      0.0,
      0.0
    ],
    [
      0.0,
      10.249978065490723,
      -1.373811960220337
    ],
    [
      0.0,
      0.0,
      23.83115005493164
    ]
  ],
  "properties": {
    "deltaG_H": -0.0067739977836608935,
    "thermo_stability": -2.0,
    "synth_score": 0.01798620996209156
  }
}