{
  "id": "JVASP-6298",
  "atomic_numbers": [
    83,
    83,
    52,
    52,
    34
  ],
  "frac_coords": [
    [
      0.0,
      0.0,
      0.6487635970115662
    ],
    [
      0.6666669845581055,
      0.33333298563957214,
      0.7726683616638184
    ],
    [
      0.6666669845581055,
      0.33333298563957214,
      0.5899161696434021
    ],
    [
      0.0,
      0.0,
      0.8315168619155884
    ],
    [
      0.33333298563957214,
      0.6666669845581055,
      0.7107170224189758
    ]
  ],
  "lattice": [
    [
      4.326096534729004,
      2.7039424033148407e-09,
      0.0
    ],
    [
      -2.16304874420166,
      3.7465100288391113,
      0.0
    ],
    [
      0.0,
      0.0,
      30.268922805786133
    ]
  ],
  "properties": {
    "deltaG_H": 0.022323357629776,
    "thermo_stability": -2.0,
    "synth_score": 0.01798620996209156
  }
}