{
  "id": "JVASP-75380",
  "atomic_numbers": [
    82,
    82,
    35,
    35,
    17,
    17
  ],
  "frac_coords": [
    [
      0.0,
      0.5,
      0.46359437704086304
    ],
    [
      0.5,
      0.0,
      0.536405622959137
    ],
    [
      0.5,
      0.0,
      0.36254099011421204
    ],
    [
      0.0,
      0.5,
      0.6374589800834656
    ],
    [
      0.0,
      0.0,
      0.5
    ],
    [
      0.5,
      0.5,
      0.5
    ]
  ],
  "lattice": [
    [
      5.838284492492676,
      0.0,
      0.0
    ],
    [
      0.0,
      5.838284492492676,
      0.0
    ],
    [
      0.0,
      0.0,
      15.528733253479004
    ]
  ],
  "properties": {
    "deltaG_H": 0.025166247884432474,
    "thermo_stability": -2.0,
    "synth_score": 0.01798620996209156
  }
}