{
  "id": "JVASP-5908",
  "atomic_numbers": [
    40,
    40,
    52,
    52,
    52,
    52,
    52,
    52
  ],
  "frac_coords": [
    [
      0.715359628200531,
      0.25,
      0.11236532032489777
    ],
    [
      0.284640371799469,
      0.75,
      0.22110867500305176
    ],
    [
      0.9193482995033264,
      0.75,
      0.05795334652066231
    ],
    [
      0.4419865012168884,
      0.75,
      0.057971980422735214
    ],
    [
      0.23877756297588348,
      0.25,
      0.14914318919181824
    ],
    [
      0.7612224221229553,
      0.75,
      0.1843298077583313
    ],
    [
      0.5580134987831116,
      0.25,
      0.275501012802124
    ],
    [
      0.0806516781449318,
      0.25,
      0.2755206525325775
    ]
  ],
  "lattice": [
    [
      5.931046009063721,
      0.0,
      -0.7219020128250122
    ],
    [
      0.0,
      3.9452953338623047,
      0.0
    ],
    [
      0.0,
      0.0,
      31.506614685058594
    ]
  ],
  "properties": {
    "deltaG_H": 0.01519306927919388,
    "thermo_stability": -2.0,
    "synth_score": 0.01798620996209156
  }
}