{
  "id": "JVASP-6355",
  "atomic_numbers": [
    68,
    47,
    15,
    15,
    34,
    34,
    34,
    34,
    34,
    34
  ],
  "frac_coords": [
    [
      0.0,
      0.0,
      0.13983400166034698
    ],
    [
      0.33333298563957214,
      0.6666669845581055,
      0.13983400166034698
    ],
    [
      0.6666669845581055,
      0.33333298563957214,
      0.09782275557518005
    ],
    [
      0.6666669845581055,
      0.33333298563957214,
      0.18184524774551392
    ],
    [
      0.6772834658622742,
      0.6586256623268127,
      0.07335614413022995
    ],
    [
      0.34137433767318726,
      0.018656829372048378,
      0.07335614413022995
    ],
    [
      0.981343150138855,
      0.32271650433540344,
      0.07335614413022995
    ],
    [
      0.34137433767318726,
      0.32271650433540344,
      0.20631185173988342
    ],
    [
      0.6772834658622742,
      0.018656829372048378,
      0.20631185173988342
    ],
    [
      0.981343150138855,
      0.6586256623268127,
      0.20631185173988342
    ]
  ],
  "lattice": [
    [
      6.5980610847473145,
      4.8097277272063366e-09,
      0.0
    ],
    [
      -3.2990310192108154,
      5.714088439941406,
      0.0
    ],
    [
      0.0,
      0.0,
      27.231708526611328
    ]
  ],
  "properties": {
    "deltaG_H": 0.005035720133781432,
    "thermo_stability": -0.664715932806333,
    "synth_score": 0.20925335683051696
  }
}