{
  "id": "JVASP-27982",
  "atomic_numbers": [
    30,
    6,
    6,
    16,
    16,
    8,
    8,
    8,
    8,
    8,
    8,
    9,
    9,
    9,
    9,
    9,
    9
  ],
  "frac_coords": [
    [
      0.6666669845581055,
      0.33333298563957214,
      0.4999989867210388
    ],
    [
      0.33333298563957214,
      0.6666669845581055,
      0.6246973276138306
    ],
    [
      0.0,
      0.0,
      0.37530264258384705
    ],
    [
      0.33333298563957214,
      0.6666669845581055,
      0.5577959418296814
    ],
    [
      0.0,
      0.0,
      0.4422040283679962
    ],
    [
      0.2999733090400696,
      0.027103496715426445,
      0.4548690915107727
    ],
    [
      0.7271322011947632,
      0.7000266909599304,
      0.4548690915107727
    ],
    [
      0.9728965163230896,
      0.2728677988052368,
      0.4548690915107727
    ],
    [
      0.6062018275260925,
      0.9666392803192139,
      0.5451298952102661
    ],
    [
      0.03336069732904434,
      0.6395624876022339,
      0.5451298952102661
    ],
    [
      0.3604374825954437,
      0.39379820227622986,
      0.5451298952102661
    ],
    [
      0.7377355098724365,
      0.9906474351882935,
      0.3591806888580322
    ],
    [
      0.08042207360267639,
      0.404402494430542,
      0.6408193111419678
    ],
    [
      0.595597505569458,
      0.676019549369812,
      0.6408193111419678
    ],
    [
      0.3239804208278656,
      0.919577956199646,
      0.6408193111419678
    ],
    [
      0.00935257226228714,
      0.7470890879631042,
      0.3591806888580322
    ],
    [
      0.25291094183921814,
      0.2622644901275635,
      0.3591806888580322
    ]
  ],
  "lattice": [
    [
      4.924667835235596,
      -4.829982458431914e-07,
      0.0
    ],
    [
      -2.4623334407806396,
      4.264887809753418,
      0.0
    ],
    [
      0.0,
      0.0,
      27.855268478393555
    ]
  ],
  "properties": {
    "deltaG_H": -0.008413298410527846,
    "thermo_stability": -2.0,
    "synth_score": 0.01798620996209156
  }
}