{
  "id": "JVASP-75303",
  "atomic_numbers": [
    62,
    62,
    1,
    1,
    1,
    1,
    17,
    17,
    8,
    8,
    8,
    8
  ],
  "frac_coords": [
    [
      0.75,
      0.25575169920921326,
      0.5294869542121887
    ],
    [
      0.25,
      0.7442482709884644,
      0.4705130159854889
    ],
    [
      0.75,
      0.688817024230957,
      0.5586705803871155
    ],
    [
      0.25,
      0.9495043158531189,
      0.5787308812141418
    ],
    [
      0.75,
      0.0504956878721714,
      0.42126908898353577
    ],
    [
      0.25,
      0.3111829459667206,
      0.4413294196128845
    ],
    [
      0.25,
      0.40527641773223877,
      0.605359673500061
    ],
    [
      0.75,
      0.5947235822677612,
      0.39464032649993896
    ],
    [
      0.75,
      0.6356430053710938,
      0.5227599740028381
    ],
    [
      0.25,
      0.9968987107276917,
      0.5428493022918701
    ],
    [
      0.75,
      0.003101316513493657,
      0.4571506977081299
    ],
    [
      0.25,
      0.36435696482658386,
      0.47724002599716187
    ]
  ],
  "lattice": [
    [
      3.6905744075775146,
      0.0,
      0.0
    ],
    [
      0.0,
      6.379643440246582,
      -0.07451599836349487
    ],
    [
      0.0,
      -0.30336296558380127,
      25.699159622192383
    ]
  ],
  "properties": {
    "deltaG_H": -0.017198227643966675,
    "thermo_stability": -2.0,
    "synth_score": 0.01798620996209156
  }
}