{
  "id": "JVASP-78010",
  "atomic_numbers": [
    81,
    81,
    78,
    78,
    78,
    78,
    34,
    34,
    34,
    34,
    34,
    34
  ],
  "frac_coords": [
    [
      0.6666669845581055,
      0.33333298563957214,
      0.4131482243537903
    ],
    [
      0.33333298563957214,
      0.6666669845581055,
      0.5868517756462097
    ],
    [
      0.0,
      0.0,
      0.5
    ],
    [
      0.5,
      0.5,
      0.5
    ],
    [
      -2.7755575615628914e-17,
      0.5,
      0.5
    ],
    [
      0.5,
      0.0,
      0.5
    ],
    [
      0.8309816718101501,
      0.6619623899459839,
      0.5537143349647522
    ],
    [
      0.8309816718101501,
      0.16901829838752747,
      0.5537143349647522
    ],
    [
      0.3380376100540161,
      0.16901829838752747,
      0.5537143349647522
    ],
    [
      0.6619623899459839,
      0.8309816718101501,
      0.4462856650352478
    ],
    [
      0.16901829838752747,
      0.8309816718101501,
      0.4462856650352478
    ],
    [
      0.16901829838752747,
      0.3380376100540161,
      0.4462856650352478
    ]
  ],
  "lattice": [
    [
      7.438416957855225,
      0.0,
      0.0
    ],
    [
      -3.7192084789276123,
      6.441858291625977,
      0.0
    ],
    [
      0.0,
      0.0,
      24.183340072631836
    ]
  ],
  "properties": {
    "deltaG_H": 0.008962090015411373,
    "thermo_stability": -1.3974605669577915,
    "synth_score": 0.05759924609379419
  }
}