{
  "id": "JVASP-75223",
  "atomic_numbers": [
    26,
    26,
    15,
    15,
    16,
    16,
    16,
    16,
    16,
    16
  ],
  "frac_coords": [
    [
      0.6666938662528992,
      0.6666123270988464,
      0.5
    ],
    [
      0.3333061635494232,
      0.33338767290115356,
      0.5
    ],
    [
      1.0000674724578857,
      0.0,
      0.4524819850921631
    ],
    [
      -6.747587758582085e-05,
      0.0,
      0.5475180149078369
    ],
    [
      0.00011189308133907616,
      0.33706796169281006,
      0.4318614900112152
    ],
    [
      0.6628201603889465,
      0.33706796169281006,
      0.5681384801864624
    ],
    [
      0.3369721472263336,
      0.0,
      0.5681309103965759
    ],
    [
      0.6630278825759888,
      0.0,
      0.4318690598011017
    ],
    [
      0.9998881220817566,
      0.6629320383071899,
      0.5681384801864624
    ],
    [
      0.33717986941337585,
      0.6629320383071899,
      0.4318614900112152
    ]
  ],
  "lattice": [
    [
      5.9059906005859375,
      0.0,
      0.0014540000120177865
    ],
    [
      2.9529953002929688,
      5.114917278289795,
      0.0007270000060088933
    ],
    [
      0.005695521831512451,
      0.0,
      23.182435989379883
    ]
  ],
  "properties": {
    "deltaG_H": 0.001621177458763121,
    "thermo_stability": -0.9329674561818444,
    "synth_score": 0.13401278812913942
  }
}