{
  "id": "JVASP-76651",
  "atomic_numbers": [
    73,
    73,
    46,
    16,
    16,
    16,
    16,
    16,
    16
  ],
  "frac_coords": [
    [
      0.1470264494419098,
      0.2940528988838196,
      0.0584670752286911
    ],
    [
      0.8529735207557678,
      0.7059471011161804,
      0.09724192321300507
    ],
    [
      0.5,
      0.0,
      0.07785400003194809
    ],
    [
      0.7327410578727722,
      0.4654821455478668,
      0.022677822038531303
    ],
    [
      0.6179848909378052,
      0.23596975207328796,
      0.1319981962442398
    ],
    [
      0.566912055015564,
      0.1338241547346115,
      -0.0002786597178783268
    ],
    [
      0.2672589421272278,
      0.5345178842544556,
      0.13303017616271973
    ],
    [
      0.3820151090621948,
      0.7640302181243896,
      0.02371080592274666
    ],
    [
      0.43308791518211365,
      0.8661758303642273,
      0.1559876650571823
    ]
  ],
  "lattice": [
    [
      -3.2846601009368896,
      -6.412469999439452e-10,
      0.0
    ],
    [
      1.642330527305603,
      -9.06828498840332,
      -1.254343032836914
    ],
    [
      0.0,
      0.0,
      23.688514709472656
    ]
  ],
  "properties": {
    "deltaG_H": 0.0056492988268534335,
    "thermo_stability": -0.9218498488267264,
    "synth_score": 0.13661432312229035
  }
}