{
  "id": "JVASP-6082",
  "atomic_numbers": [
    52,
    52,
    52,
    52,
    52,
    52,
    52,
    52,
    53,
    53,
    53,
    53
  ],
  "frac_coords": [
    [
      0.75,
      0.763254702091217,
      0.04523906484246254
    ],
    [
      0.25,
      0.9156114459037781,
      0.04901525750756264
    ],
    [
      0.25,
      0.310367226600647,
      0.11324089765548706
    ],
    [
      0.75,
      0.4522057771682739,
      0.13683079183101654
    ],
    [
      0.25,
      0.9522057771682739,
      0.1470402032136917
    ],
    [
      0.75,
      0.810367226600647,
      0.17063011229038239
    ],
    [
      0.75,
      0.4156114161014557,
      0.2348567396402359
    ],
    [
      0.25,
      0.26325470209121704,
      0.238631933927536
    ],
    [
      0.25,
      0.5891566872596741,
      0.04371453821659088
    ],
    [
      0.75,
      0.14371120929718018,
      0.08318059146404266
    ],
    [
      0.25,
      0.6437112092971802,
      0.20069140195846558
    ],
    [
      0.75,
      0.08915665745735168,
      0.24015645682811737
    ]
  ],
  "lattice": [
    [
      4.158163070678711,
      0.0,
      0.0
    ],
    [
      0.0,
      13.385289192199707,
      0.0
    ],
    [
      0.0,
      0.0,
      30.074691772460938
    ]
  ],
  "properties": {
    "deltaG_H": 0.024141477942466738,
    "thermo_stability": -1.6858972529570266,
    "synth_score": 0.03318867992462491
  }
}