{
  "id": "JVASP-75366",
  "atomic_numbers": [
    25,
    25,
    15,
    15,
    34,
    34,
    34,
    34,
    34,
    34
  ],
  "frac_coords": [
    [
      0.33333298563957214,
      0.33333298563957214,
      0.4999927282333374
    ],
    [
      0.6666669845581055,
      0.6666669845581055,
      0.5000072717666626
    ],
    [
      0.0,
      0.0,
      0.4520058333873749
    ],
    [
      0.0,
      0.0,
      0.5479941964149475
    ],
    [
      0.3377448618412018,
      1.678019543760456e-05,
      0.5726838707923889
    ],
    [
      1.678019543760456e-05,
      0.662238359451294,
      0.5726838707923889
    ],
    [
      0.662238359451294,
      0.3377448618412018,
      0.5726838707923889
    ],
    [
      0.6622551083564758,
      0.9999831914901733,
      0.4273161292076111
    ],
    [
      0.9999831914901733,
      0.33776164054870605,
      0.4273161292076111
    ],
    [
      0.33776164054870605,
      0.6622551083564758,
      0.4273161292076111
    ]
  ],
  "lattice": [
    [
      6.367201805114746,
      -1.9068247425479967e-08,
      0.0
    ],
    [
      3.1835999488830566,
      5.514157772064209,
      0.0
    ],
    [
      0.0,
      0.0,
      23.41156768798828
    ]
  ],
  "properties": {
    "deltaG_H": 0.005030027294158934,
    "thermo_stability": -1.1836139033238093,
    "synth_score": 0.08570612077568658
  }
}