{
  "id": "JVASP-77701",
  "atomic_numbers": [
    19,
    19,
    19,
    19,
    33,
    33,
    33,
    33,
    46,
    46
  ],
  "frac_coords": [
    [
      0.25,
      0.0,
      0.458732932806015
    ],
    [
      0.75,
      0.0,
      0.5412670969963074
    ],
    [
      0.25,
      0.5,
      0.38492056727409363
    ],
    [
      0.75,
      0.5,
      0.6150794625282288
    ],
    [
      0.75,
      0.6915094256401062,
      0.4338151812553406
    ],
    [
      0.25,
      0.3084905445575714,
      0.5661848187446594
    ],
    [
      0.25,
      0.6915094256401062,
      0.5661848187446594
    ],
    [
      0.75,
      0.3084905445575714,
      0.4338151812553406
    ],
    [
      0.0,
      0.5,
      0.5
    ],
    [
      0.5,
      0.5,
      0.5
    ]
  ],
  "lattice": [
    [
      5.770166397094727,
      0.0,
      0.0
    ],
    [
      0.0,
      6.428488254547119,
      0.0
    ],
    [
      0.0,
      0.0,
      26.010648727416992
    ]
  ],
  "properties": {
    "deltaG_H": 0.010441469120979308,
    "thermo_stability": -2.0,
    "synth_score": 0.01798620996209156
  }
}