{
  "id": "JVASP-77694",
  "atomic_numbers": [
    30,
    30,
    14,
    14,
    8,
    8,
    8,
    8,
    8,
    8
  ],
  "frac_coords": [
    [
      0.0,
      0.0,
      0.43727779388427734
    ],
    [
      0.0,
      0.0,
      0.5627222061157227
    ],
    [
      0.33333298563957214,
      0.33333298563957214,
      0.500001072883606
    ],
    [
      0.6666669845581055,
      0.6666669845581055,
      0.49999895691871643
    ],
    [
      0.37961578369140625,
      0.6203828454017639,
      0.4581027925014496
    ],
    [
      1.3691176263819216e-06,
      0.37961578369140625,
      0.4581027925014496
    ],
    [
      0.6203828454017639,
      1.3691176263819216e-06,
      0.4581027925014496
    ],
    [
      0.6203842163085938,
      0.3796171545982361,
      0.5418972373008728
    ],
    [
      0.9999986290931702,
      0.6203842163085938,
      0.5418972373008728
    ],
    [
      0.3796171545982361,
      0.9999986290931702,
      0.5418972373008728
    ]
  ],
  "lattice": [
    [
      4.841989994049072,
      -1.3619172456458273e-09,
      0.0
    ],
    [
      2.420994997024536,
      4.193286418914795,
      0.0
    ],
    [
      0.0,
      0.0,
      23.657020568847656
    ]
  ],
  "properties": {
    "deltaG_H": -0.0023101553916931154,
    "thermo_stability": -0.8042619794607164,
    "synth_score": 0.16679364332928737
  }
}