{
  "id": "JVASP-60257",
  "atomic_numbers": [
    29,
    29,
    35,
    35
  ],
  "frac_coords": [
    [
      0.5,
      0.5,
      0.0684560015797615
    ],
    [
      0.0,
      0.0,
      0.0684560015797615
    ],
    [
      0.0,
      0.5,
      0.13961303234100342
    ],
    [
      0.5,
      0.0,
      0.9972989559173584
    ]
  ],
  "lattice": [
    [
      3.850599527359009,
      -0.0,
      0.0
    ],
    [
      -0.0,
      3.850599527359009,
      0.0
    ],
    [
      0.0,
      0.0,
      23.172607421875
    ]
  ],
  "properties": {
    "deltaG_H": -0.00037920355796813854,
    "thermo_stability": -2.0,
    "synth_score": 0.01798620996209156
  }
}