{
  "id": "JVASP-60529",
  "atomic_numbers": [
    3,
    3,
    92,
    35,
    35,
    35,
    35,
    35,
    35
  ],
  "frac_coords": [
    [
      0.0,
      0.0,
      0.06732600182294846
    ],
    [
      0.33333298563957214,
      0.6666669845581055,
      0.06732600182294846
    ],
    [
      0.6666669845581055,
      0.33333298563957214,
      0.06732600182294846
    ],
    [
      0.3292584717273712,
      0.9958745837211609,
      0.1346442550420761
    ],
    [
      0.00412540091201663,
      0.3333838880062103,
      0.1346442550420761
    ],
    [
      0.3292584717273712,
      0.3333838880062103,
      8.752401299716439e-06
    ],
    [
      0.6666161417961121,
      0.6707414984703064,
      0.1346442550420761
    ],
    [
      0.00412540091201663,
      0.6707414984703064,
      8.752401299716439e-06
    ],
    [
      0.6666161417961121,
      0.9958745837211609,
      8.752401299716439e-06
    ]
  ],
  "lattice": [
    [
      3.4237263202667236,
      -5.930068492889404,
      0.0
    ],
    [
      3.4237263202667236,
      5.930068492889404,
      0.0
    ],
    [
      0.0,
      0.0,
      23.112117767333984
    ]
  ],
  "properties": {
    "deltaG_H": 0.02731962561607361,
    "thermo_stability": -0.8020110348860423,
    "synth_score": 0.16742022557998723
  }
}