{
  "id": "JVASP-60776",
  "atomic_numbers": [
    49,
    49,
    16,
    16
  ],
  "frac_coords": [
    [
      0.5,
      0.5444679856300354,
      0.15565147995948792
    ],
    [
      0.0,
      0.0444679856300354,
      0.05226551741361618
    ],
    [
      0.5,
      0.5445320010185242,
      0.0464174710214138
    ],
    [
      0.0,
      0.044532012194395065,
      0.1614995300769806
    ]
  ],
  "lattice": [
    [
      3.925689220428467,
      0.0,
      0.0
    ],
    [
      0.0,
      3.92620587348938,
      0.0
    ],
    [
      0.0,
      0.0,
      25.67770004272461
    ]
  ],
  "properties": {
    "deltaG_H": 0.020797261595726015,
    "thermo_stability": -0.24303425550460833,
    "synth_score": 0.38082016233541766
  }
}