{
  "id": "JVASP-75089",
  "atomic_numbers": [
    49,
    47,
    15,
    15,
    34,
    34,
    34,
    34,
    34,
    34
  ],
  "frac_coords": [
    [
      0.0,
      0.0,
      0.5
    ],
    [
      0.6666669845581055,
      0.33333298563957214,
      0.5
    ],
    [
      0.33333298563957214,
      0.6666669845581055,
      0.45143696665763855
    ],
    [
      0.33333298563957214,
      0.6666669845581055,
      0.5485630631446838
    ],
    [
      0.014581791125237942,
      0.33656853437423706,
      0.575644314289093
    ],
    [
      0.32198673486709595,
      0.9854182004928589,
      0.575644314289093
    ],
    [
      0.6634314656257629,
      0.678013265132904,
      0.575644314289093
    ],
    [
      0.014581791125237942,
      0.678013265132904,
      0.42435571551322937
    ],
    [
      0.32198673486709595,
      0.33656853437423706,
      0.42435571551322937
    ],
    [
      0.6634314656257629,
      0.9854182004928589,
      0.42435571551322937
    ]
  ],
  "lattice": [
    [
      6.545638561248779,
      -1.191937104572105e-09,
      0.0
    ],
    [
      -3.2728188037872314,
      5.668689250946045,
      0.0
    ],
    [
      0.0,
      0.0,
      23.642614364624023
    ]
  ],
  "properties": {
    "deltaG_H": 0.006252646946907044,
    "thermo_stability": -0.9817578812440237,
    "synth_score": 0.12308706484013086
  }
}