{
  "id": "JVASP-8915",
  "atomic_numbers": [
    27,
    17,
    17
  ],
  "frac_coords": [
    [
      0.6666669845581055,
      0.33333298563957214,
      0.27339398860931396
    ],
    [
      0.0,
      0.0,
      0.2122129201889038
    ],
    [
      0.33333298563957214,
      0.6666669845581055,
      0.3345750868320465
    ]
  ],
  "lattice": [
    [
      3.4700865745544434,
      0.0,
      0.0
    ],
    [
      -1.7350432872772217,
      3.005182981491089,
      0.0
    ],
    [
      0.0,
      0.0,
      22.24472427368164
    ]
  ],
  "properties": {
    "deltaG_H": 0.017659183541933694,
    "thermo_stability": -0.4801108608643214,
    "synth_score": 0.2768338046878413
  }
}