{
  "id": "JVASP-7057",
  "atomic_numbers": [
    56,
    3,
    3,
    14,
    14
  ],
  "frac_coords": [
    [
      0.0,
      0.0,
      0.1521719992160797
    ],
    [
      0.6666669845581055,
      0.33333298563957214,
      0.07567737251520157
    ],
    [
      0.6666669845581055,
      0.33333298563957214,
      0.22866763174533844
    ],
    [
      0.33333298563957214,
      0.6666669845581055,
      0.10580291599035263
    ],
    [
      0.33333298563957214,
      0.6666669845581055,
      0.19854208827018738
    ]
  ],
  "lattice": [
    [
      5.146490097045898,
      -3.5555630661932014e-10,
      0.0
    ],
    [
      -2.5732455253601074,
      4.456990718841553,
      0.0
    ],
    [
      0.0,
      0.0,
      25.75978660583496
    ]
  ],
  "properties": {
    "deltaG_H": 0.01471902072429657,
    "thermo_stability": -0.8720606237649917,
    "synth_score": 0.14879021572177442
  }
}