{
  "id": "JVASP-60368",
  "atomic_numbers": [
    6,
    6
  ],
  "frac_coords": [
    [
      0.3333339989185333,
      0.6666659712791443,
      0.09753800183534622
    ],
    [
      0.0,
      0.0,
      0.09753800183534622
    ]
  ],
  "lattice": [
    [
      1.2318463325500488,
      -2.1336216926574707,
      0.0
    ],
    [
      1.2318463325500488,
      2.1336216926574707,
      0.0
    ],
    [
      0.0,
      0.0,
      20.0
    ]
  ],
  "properties": {
    "deltaG_H": -0.0015516519546508786,
    "thermo_stability": 0.43907243311405175,
    "synth_score": 0.7064376443522848
  }
}