{
  "id": "JVASP-7051",
  "atomic_numbers": [
    12,
    13,
    13,
    34,
    34,
    34,
    34
  ],
  "frac_coords": [
    [
      0.6666669845581055,
      0.33333298563957214,
      0.44026899337768555
    ],
    [
      0.0,
      0.0,
      0.3201397955417633
    ],
    [
      0.33333298563957214,
      0.6666669845581055,
      0.5603992342948914
    ],
    [
      0.0,
      0.0,
      0.3941245675086975
    ],
    [
      0.6666669845581055,
      0.33333298563957214,
      0.5947079062461853
    ],
    [
      0.6666669845581055,
      0.33333298563957214,
      0.28583112359046936
    ],
    [
      0.33333298563957214,
      0.6666669845581055,
      0.48641443252563477
    ]
  ],
  "lattice": [
    [
      3.8996024131774902,
      0.0,
      0.0
    ],
    [
      -1.9498012065887451,
      3.377154588699341,
      0.0
    ],
    [
      0.0,
      0.0,
      31.17124366760254
    ]
  ],
  "properties": {
    "deltaG_H": 0.0070892695869718275,
    "thermo_stability": -2.0,
    "synth_score": 0.01798620996209156
  }
}