{
  "id": "JVASP-75378",
  "atomic_numbers": [
    11,
    11,
    17
  ],
  "frac_coords": [
    [
      0.6666669845581055,
      0.6666669845581055,
      0.4272027909755707
    ],
    [
      0.33333298563957214,
      0.33333298563957214,
      0.5727972388267517
    ],
    [
      0.0,
      0.0,
      0.5
    ]
  ],
  "lattice": [
    [
      3.884803056716919,
      0.0,
      0.0
    ],
    [
      1.9424015283584595,
      3.3643381595611572,
      0.0
    ],
    [
      0.0,
      0.0,
      23.72943115234375
    ]
  ],
  "properties": {
    "deltaG_H": 0.027041551073392234,
    "thermo_stability": -0.8673155476649603,
    "synth_score": 0.14999616994768805
  }
}