{
  "id": "JVASP-5911",
  "atomic_numbers": [
    14,
    52,
    52
  ],
  "frac_coords": [
    [
      0.49809500575065613,
      0.09668099880218506,
      0.13232499361038208
    ],
    [
      0.1647620052099228,
      0.4300149977207184,
      0.19259129464626312
    ],
    [
      0.8314279913902283,
      0.7633479833602905,
      0.07205770909786224
    ]
  ],
  "lattice": [
    [
      3.814905881881714,
      0.0,
      0.0
    ],
    [
      -1.907452940940857,
      3.3038055896759033,
      0.0
    ],
    [
      0.0,
      0.0,
      27.197908401489258
    ]
  ],
  "properties": {
    "deltaG_H": 0.0191663924853007,
    "thermo_stability": -0.4496333916982016,
    "synth_score": 0.28920119691458285
  }
}