{
  "id": "JVASP-78002",
  "atomic_numbers": [
    92,
    92,
    35,
    35,
    8,
    8,
    8,
    8
  ],
  "frac_coords": [
    [
      0.75,
      0.0,
      0.5574638247489929
    ],
    [
      0.25,
      0.0,
      0.4425361752510071
    ],
    [
      0.25,
      0.0,
      0.6366475224494934
    ],
    [
      0.75,
      0.0,
      0.3633524775505066
    ],
    [
      0.75,
      0.5,
      0.5582510828971863
    ],
    [
      0.25,
      0.5,
      0.4417489171028137
    ],
    [
      0.25,
      0.0,
      0.5265249609947205
    ],
    [
      0.75,
      0.0,
      0.47347506880760193
    ]
  ],
  "lattice": [
    [
      4.0013580322265625,
      0.0,
      0.0
    ],
    [
      0.0,
      4.148626327514648,
      0.0
    ],
    [
      0.0,
      0.0,
      27.53284454345703
    ]
  ],
  "properties": {
    "deltaG_H": 0.0022726273536682134,
    "thermo_stability": -2.0,
    "synth_score": 0.01798620996209156
  }
}