{
  "id": "JVASP-6964",
  "atomic_numbers": [
    46,
    46,
    35,
    35,
    35,
    35
  ],
  "frac_coords": [
    [
      0.3870539963245392,
      0.0,
      0.25605401396751404
    ],
    [
      0.8870540261268616,
      0.0,
      0.25605401396751404
    ],
    [
      0.10778596997261047,
      0.18102306127548218,
      0.19285009801387787
    ],
    [
      0.1663220226764679,
      0.18102306127548218,
      0.319257915019989
    ],
    [
      0.6077859997749329,
      0.8189769387245178,
      0.19285009801387787
    ],
    [
      0.6663220524787903,
      0.8189769387245178,
      0.319257915019989
    ]
  ],
  "lattice": [
    [
      6.586374759674072,
      0.0,
      0.0
    ],
    [
      0.0,
      3.9837000370025635,
      0.0
    ],
    [
      -3.049466133117676,
      0.0,
      26.645198822021484
    ]
  ],
  "properties": {
    "deltaG_H": 0.01840244064728419,
    "thermo_stability": -0.8085289269685745,
    "synth_score": 0.16561102786771148
  }
}