{
  "id": "JVASP-27862",
  "atomic_numbers": [
    33,
    33
  ],
  "frac_coords": [
    [
      0.6666669845581055,
      0.33333298563957214,
      0.4670497477054596
    ],
    [
      0.0,
      0.0,
      0.5329502820968628
    ]
  ],
  "lattice": [
    [
      3.607494831085205,
      -0.0,
      0.0
    ],
    [
      -1.8037474155426025,
      3.1241817474365234,
      0.0
    ],
    [
      0.0,
      0.0,
      21.287885665893555
    ]
  ],
  "properties": {
    "deltaG_H": 0.015905802369117737,
    "thermo_stability": 0.5072130590677261,
    "synth_score": 0.733885453818326
  }
}