{
  "id": "JVASP-6253",
  "atomic_numbers": [
    80,
    80,
    15,
    15,
    16,
    16,
    16,
    16,
    16,
    16
  ],
  "frac_coords": [
    [
      0.1410626322031021,
      0.7826005220413208,
      0.13974402844905853
    ],
    [
      0.8589373826980591,
      0.2173994481563568,
      0.1403699815273285
    ],
    [
      0.4430508613586426,
      0.44651031494140625,
      0.09539766609668732
    ],
    [
      0.5569491386413574,
      0.5534896850585938,
      0.1847173273563385
    ],
    [
      0.7297077178955078,
      0.7231812477111816,
      0.0784912034869194
    ],
    [
      0.09429770708084106,
      0.4014057219028473,
      0.05812154337763786
    ],
    [
      0.4344298839569092,
      0.1300126016139984,
      0.07867235690355301
    ],
    [
      0.5655701160430908,
      0.8699873685836792,
      0.20144164562225342
    ],
    [
      0.9057022929191589,
      0.5985942482948303,
      0.22199246287345886
    ],
    [
      0.2702922523021698,
      0.27681872248649597,
      0.20162279903888702
    ]
  ],
  "lattice": [
    [
      5.960465431213379,
      -0.06366483122110367,
      -1.7939070463180542
    ],
    [
      -3.35825514793396,
      5.670444011688232,
      -0.568481981754303
    ],
    [
      0.0,
      0.0,
      27.782194137573242
    ]
  ],
  "properties": {
    "deltaG_H": -0.00029675606489181676,
    "thermo_stability": -1.0640662084023158,
    "synth_score": 0.10639241806893274
  }
}