{
  "id": "JVASP-76548",
  "atomic_numbers": [
    82,
    53,
    53
  ],
  "frac_coords": [
    [
      -1.5562735597995925e-06,
      1.5876587440288858e-06,
      0.9213333129882812
    ],
    [
      0.3333308696746826,
      0.6666689515113831,
      0.8409323692321777
    ],
    [
      0.6666706800460815,
      0.3333294689655304,
      0.00166927685495466
    ]
  ],
  "lattice": [
    [
      -4.5671162605285645,
      -3.639327405835502e-05,
      0.0
    ],
    [
      2.2835896015167236,
      3.95522141456604,
      0.0
    ],
    [
      0.0,
      0.0,
      -23.735166549682617
    ]
  ],
  "properties": {
    "deltaG_H": 0.023353408972422284,
    "thermo_stability": -2.0,
    "synth_score": 0.01798620996209156
  }
}