{
  "id": "JVASP-8984",
  "atomic_numbers": [
    37,
    37,
    83,
    83,
    8,
    8,
    8,
    8
  ],
  "frac_coords": [
    [
      0.0,
      0.25,
      0.19763518869876862
    ],
    [
      0.0,
      0.75,
      0.10735581070184708
    ],
    [
      0.5,
      0.25,
      0.18290627002716064
    ],
    [
      0.5,
      0.75,
      0.12208472192287445
    ],
    [
      0.7010549306869507,
      0.2202552706003189,
      0.13876989483833313
    ],
    [
      0.2989450693130493,
      0.2797447443008423,
      0.13876989483833313
    ],
    [
      0.7010549306869507,
      0.7202552556991577,
      0.16622009873390198
    ],
    [
      0.2989450693130493,
      0.7797447443008423,
      0.16622009873390198
    ]
  ],
  "lattice": [
    [
      7.971128463745117,
      -0.11292121559381485,
      0.0
    ],
    [
      -3.390285015106201,
      4.851521015167236,
      0.0
    ],
    [
      0.0,
      0.0,
      28.776599884033203
    ]
  ],
  "properties": {
    "deltaG_H": 0.007572090357542038,
    "thermo_stability": 0.1451991826295851,
    "synth_score": 0.5720936565442937
  }
}