{
  "id": "JVASP-7033",
  "atomic_numbers": [
    24,
    52,
    52
  ],
  "frac_coords": [
    [
      0.0,
      0.0,
      0.1229579970240593
    ],
    [
      0.33333298563957214,
      0.6666669845581055,
      0.058207858353853226
    ],
    [
      0.6666669845581055,
      0.33333298563957214,
      0.18770813941955566
    ]
  ],
  "lattice": [
    [
      3.7035183906555176,
      -0.0,
      0.0
    ],
    [
      -1.8517591953277588,
      3.207341432571411,
      0.0
    ],
    [
      0.0,
      0.0,
      25.582073211669922
    ]
  ],
  "properties": {
    "deltaG_H": 0.013172167638937634,
    "thermo_stability": -0.599079496661822,
    "synth_score": 0.23180288324534742
  }
}