{
  "id": "JVASP-27950",
  "atomic_numbers": [
    15,
    15,
    46,
    46,
    46,
    16,
    16,
    16,
    16,
    16,
    16,
    16,
    16
  ],
  "frac_coords": [
    [
      0.6666669845581055,
      0.33333298563957214,
      0.4133521318435669
    ],
    [
      0.33333298563957214,
      0.6666669845581055,
      0.5866478681564331
    ],
    [
      0.0,
      0.5,
      0.5
    ],
    [
      0.5,
      0.0,
      0.5
    ],
    [
      0.5,
      0.5,
      0.5
    ],
    [
      0.6666669845581055,
      0.33333298563957214,
      0.34680262207984924
    ],
    [
      0.8211702108383179,
      0.17882978916168213,
      0.4517602026462555
    ],
    [
      0.8211702108383179,
      0.6423404216766357,
      0.4517602026462555
    ],
    [
      0.35765957832336426,
      0.17882978916168213,
      0.4517602026462555
    ],
    [
      0.6423404216766357,
      0.8211702108383179,
      0.5482398271560669
    ],
    [
      0.17882978916168213,
      0.35765957832336426,
      0.5482398271560669
    ],
    [
      0.17882978916168213,
      0.8211702108383179,
      0.5482398271560669
    ],
    [
      0.33333298563957214,
      0.6666669845581055,
      0.6531973481178284
    ]
  ],
  "lattice": [
    [
      6.87624454498291,
      -0.0,
      0.0
    ],
    [
      -3.438122272491455,
      5.955002307891846,
      0.0
    ],
    [
      0.0,
      0.0,
      28.56987190246582
    ]
  ],
  "properties": {
    "deltaG_H": -0.005101692795753483,
    "thermo_stability": -2.0,
    "synth_score": 0.01798620996209156
  }
}