{
  "id": "JVASP-6862",
  "atomic_numbers": [
    23,
    16,
    16
  ],
  "frac_coords": [
    [
      0.33333298563957214,
      0.6666669845581055,
      0.29985201358795166
    ],
    [
      0.0,
      0.0,
      0.24450935423374176
    ],
    [
      0.0,
      0.0,
      0.355194628238678
    ]
  ],
  "lattice": [
    [
      3.183773994445801,
      0.0,
      0.0
    ],
    [
      -1.5918869972229004,
      2.757228374481201,
      0.0
    ],
    [
      0.0,
      0.0,
      26.910825729370117
    ]
  ],
  "properties": {
    "deltaG_H": 0.006768325070540111,
    "thermo_stability": -0.16203874548276276,
    "synth_score": 0.41968235474035653
  }
}